-- --------------------------------------------------------
-- Servidor:                     198.71.231.14
-- Versão do servidor:           5.6.46-cll-lve - MySQL Community Server (GPL)
-- OS do Servidor:               Linux
-- HeidiSQL Versão:              9.5.0.5196
-- --------------------------------------------------------

/*!40101 SET @OLD_CHARACTER_SET_CLIENT=@@CHARACTER_SET_CLIENT */;
/*!40101 SET NAMES utf8 */;
/*!50503 SET NAMES utf8mb4 */;
/*!40014 SET @OLD_FOREIGN_KEY_CHECKS=@@FOREIGN_KEY_CHECKS, FOREIGN_KEY_CHECKS=0 */;
/*!40101 SET @OLD_SQL_MODE=@@SQL_MODE, SQL_MODE='NO_AUTO_VALUE_ON_ZERO' */;


-- Copiando estrutura do banco de dados para contavinculada
CREATE DATABASE IF NOT EXISTS `contavinculada` /*!40100 DEFAULT CHARACTER SET utf16 COLLATE utf16_bin */;
USE `contavinculada`;

-- Copiando estrutura para tabela contavinculada.cargos
DROP TABLE IF EXISTS `cargos`;
CREATE TABLE IF NOT EXISTS `cargos` (
  `id_cargo` int(11) NOT NULL AUTO_INCREMENT,
  `id_cliente` int(11) NOT NULL,
  `id_turno` int(1) NOT NULL DEFAULT '1',
  `nome_cargo` varchar(50) COLLATE utf16_bin NOT NULL,
  `remuneracao_cargo` decimal(10,2) NOT NULL,
  `status_cargo` varchar(10) COLLATE utf16_bin NOT NULL,
  PRIMARY KEY (`id_cargo`,`id_cliente`,`id_turno`),
  KEY `fk_cargos_clientes1_idx` (`id_cliente`),
  CONSTRAINT `fk_cargos_clientes1` FOREIGN KEY (`id_cliente`) REFERENCES `clientes` (`id_cliente`) ON DELETE NO ACTION ON UPDATE NO ACTION
) ENGINE=InnoDB AUTO_INCREMENT=40 DEFAULT CHARSET=utf16 COLLATE=utf16_bin;

-- Copiando dados para a tabela contavinculada.cargos: ~28 rows (aproximadamente)
/*!40000 ALTER TABLE `cargos` DISABLE KEYS */;
INSERT INTO `cargos` (`id_cargo`, `id_cliente`, `id_turno`, `nome_cargo`, `remuneracao_cargo`, `status_cargo`) VALUES
	(1, 2, 1, 'Servente', 1198.87, 'ATIVO'),
	(2, 2, 1, 'Servente com insalubridade  - 20%', 1198.87, 'EXCLUIDO'),
	(3, 2, 1, 'Servente com insalubridade - 40%', 1198.87, 'ATIVO'),
	(4, 2, 1, 'Encarregado', 1398.63, 'EXCLUIDO'),
	(5, 2, 1, 'Encarregado', 1398.63, 'EXCLUIDO'),
	(6, 2, 1, 'Encarregado', 2397.73, 'ATIVO'),
	(7, 2, 1, 'Servente com insalubridade - 20%', 1398.47, 'ATIVO'),
	(8, 2, 1, 'Operador de Fotocopiadora', 1163.51, 'ATIVO'),
	(9, 2, 1, 'Operador de Fotocopiadora 2', 1125.00, 'EXCLUIDO'),
	(10, 1, 1, 'Operador de Fotocopiadora', 100.00, 'ATIVO'),
	(11, 3, 1, 'Servente 44h', 100.00, 'EXCLUIDO'),
	(12, 3, 1, 'Servente 12x36', 200.00, 'EXCLUIDO'),
	(13, 3, 2, 'BOMBEIRO CIVIL', 4112.83, 'EXCLUIDO'),
	(14, 3, 1, 'BOMBEIRO CIVIL LIDER', 5603.66, 'EXCLUIDO'),
	(15, 3, 1, 'BOMBEIRO CIVIL', 3592.06, 'EXCLUIDO'),
	(16, 3, 1, 'MESTRE DE BRIGADA', 8612.50, 'EXCLUIDO'),
	(17, 3, 1, 'BOMBEIRO CIVIL', 3444.96, 'ATIVO'),
	(18, 3, 2, 'BOMBEIRO CIVIL', 3979.62, 'ATIVO'),
	(19, 3, 1, 'BOMBEIRO CIVIL LIDER', 4133.97, 'ATIVO'),
	(20, 3, 1, 'MESTRE DE BRIGADA', 8045.23, 'ATIVO'),
	(21, 1, 2, 'Operador de Fotocopiadora Líder', 200.00, 'ATIVO'),
	(22, 2, 1, 'Copeira', 1156.09, 'ATIVO'),
	(23, 2, 1, 'Garçom', 1706.84, 'ATIVO'),
	(24, 2, 1, 'Garçonete', 1706.84, 'ATIVO'),
	(25, 2, 1, 'Vigilante Diurno', 2670.46, 'ATIVO'),
	(26, 2, 2, 'Vigilante Noturno', 2966.14, 'ATIVO'),
	(27, 2, 1, 'Supervisor 1', 3203.14, 'ATIVO'),
	(28, 2, 1, 'Supervisor 2', 3203.14, 'ATIVO'),
	(29, 2, 1, 'Vigilante 1', 2983.11, 'ATIVO'),
	(30, 2, 1, 'Vigilante 2', 3269.31, 'ATIVO'),
	(31, 2, 1, 'Vigilante 3', 2766.30, 'ATIVO'),
	(32, 2, 1, 'Bombeiro Civil', 2728.14, 'ATIVO'),
	(33, 2, 1, 'Bombeiro Civil Lid', 3338.98, 'ATIVO'),
	(34, 2, 1, 'Bombeiro Civil A', 4114.74, 'ATIVO'),
	(35, 2, 1, 'Recepcionista 44 horas', 1164.00, 'ATIVO'),
	(36, 2, 1, 'Recepcionista 12 x 36', 1164.00, 'ATIVO'),
	(37, 4, 1, 'Vigilante', 100.00, 'ATIVO'),
	(38, 4, 2, 'Vigilante', 200.00, 'ATIVO'),
	(39, 4, 2, 'Vigilante', 200.00, 'EXCLUIDO');
/*!40000 ALTER TABLE `cargos` ENABLE KEYS */;

-- Copiando estrutura para tabela contavinculada.categorias
DROP TABLE IF EXISTS `categorias`;
CREATE TABLE IF NOT EXISTS `categorias` (
  `id_categoria` int(11) NOT NULL AUTO_INCREMENT,
  `nome_categoria` varchar(45) COLLATE utf16_bin NOT NULL,
  `status_categoria` varchar(10) COLLATE utf16_bin NOT NULL,
  PRIMARY KEY (`id_categoria`)
) ENGINE=InnoDB AUTO_INCREMENT=7 DEFAULT CHARSET=utf16 COLLATE=utf16_bin;

-- Copiando dados para a tabela contavinculada.categorias: ~2 rows (aproximadamente)
/*!40000 ALTER TABLE `categorias` DISABLE KEYS */;
INSERT INTO `categorias` (`id_categoria`, `nome_categoria`, `status_categoria`) VALUES
	(1, 'Federal', 'ATIVO'),
	(2, 'Municipal', 'ATIVO'),
	(3, 'Estadual', 'ATIVO'),
	(4, 'Distrital', 'ATIVO'),
	(5, 'Privado', 'EXCLUIDO'),
	(6, 'Experimental', 'ATIVO');
/*!40000 ALTER TABLE `categorias` ENABLE KEYS */;

-- Copiando estrutura para tabela contavinculada.clientes
DROP TABLE IF EXISTS `clientes`;
CREATE TABLE IF NOT EXISTS `clientes` (
  `id_cliente` int(11) NOT NULL AUTO_INCREMENT,
  `cnpj` varchar(18) COLLATE utf16_bin NOT NULL,
  `razao` varchar(50) COLLATE utf16_bin NOT NULL,
  `endereco` varchar(100) COLLATE utf16_bin NOT NULL,
  `cidade` varchar(50) COLLATE utf16_bin NOT NULL,
  `estado` varchar(2) COLLATE utf16_bin NOT NULL,
  `cep` varchar(10) COLLATE utf16_bin NOT NULL,
  `telefone` varchar(15) COLLATE utf16_bin DEFAULT NULL,
  `email` varchar(50) COLLATE utf16_bin DEFAULT NULL,
  `nome_contato` varchar(50) COLLATE utf16_bin DEFAULT NULL,
  `telefone_contato` varchar(15) COLLATE utf16_bin DEFAULT NULL,
  `status_cliente` varchar(10) COLLATE utf16_bin DEFAULT NULL,
  `id_categoria` int(11) NOT NULL,
  PRIMARY KEY (`id_cliente`,`id_categoria`),
  KEY `fk_clientes_categorias1_idx` (`id_categoria`),
  CONSTRAINT `fk_clientes_categorias1` FOREIGN KEY (`id_categoria`) REFERENCES `categorias` (`id_categoria`) ON DELETE NO ACTION ON UPDATE NO ACTION
) ENGINE=InnoDB AUTO_INCREMENT=5 DEFAULT CHARSET=utf16 COLLATE=utf16_bin;

-- Copiando dados para a tabela contavinculada.clientes: ~3 rows (aproximadamente)
/*!40000 ALTER TABLE `clientes` DISABLE KEYS */;
INSERT INTO `clientes` (`id_cliente`, `cnpj`, `razao`, `endereco`, `cidade`, `estado`, `cep`, `telefone`, `email`, `nome_contato`, `telefone_contato`, `status_cliente`, `id_categoria`) VALUES
	(1, '45614524000100', 'Cliente para usuários visitantes', 'Rua X', 'Brasilia', '', '72001584', '6198855658', 'mm@contavinculada.com.br', 'Marcelo', '6192595444', '', 6),
	(2, '26.963.645/0001-13', 'Câmara Legislativa do Distrito Federal - CLDF', 'Eixo Monumental - Praça Mucicipal - Quadra 02 - Lote 05', 'Brasília', '', '70.094-902', '(61) 03348-8584', 'edson.candido@cl.df.gov.br', 'Edson Cândido de Oliveira', '(61) 98157-3807', '', 4),
	(3, '00.394.684/0001-53', 'Secretaria de Estado de Fazenda, Planejamento, Orç', 'Anexo do Palácio do Buriti 10º andar', 'Brasília', '', '70.075-900', '(61) 3313-8470', 'renato.ribeiro@sefp.df.gov.br', 'Renato Santos Ribeiro', '(61) 99656-7390', '', 6),
	(4, '00.000.208/0001-00', 'BRB', 'SBS Qd. 01, Bloco E, Ed. Brasília, Sala 03, 3º Andar', 'Brasília', 'DF', '70.072-900', '(61) 3412-8407', '', 'William', '(61) 3412-8407', 'ATIVO', 4);
/*!40000 ALTER TABLE `clientes` ENABLE KEYS */;

-- Copiando estrutura para tabela contavinculada.clientes_empresas
DROP TABLE IF EXISTS `clientes_empresas`;
CREATE TABLE IF NOT EXISTS `clientes_empresas` (
  `id_cliente` int(11) NOT NULL,
  `id_empresa` int(11) NOT NULL,
  PRIMARY KEY (`id_cliente`,`id_empresa`),
  KEY `fk_clientes_empresas_empresas1_idx` (`id_empresa`),
  KEY `fk_clientes_empresas_clientes1_idx` (`id_cliente`),
  CONSTRAINT `fk_clientes_empresas_clientes1` FOREIGN KEY (`id_cliente`) REFERENCES `clientes` (`id_cliente`) ON DELETE NO ACTION ON UPDATE NO ACTION,
  CONSTRAINT `fk_clientes_empresas_empresas1` FOREIGN KEY (`id_empresa`) REFERENCES `empresas` (`id_empresa`) ON DELETE NO ACTION ON UPDATE NO ACTION
) ENGINE=InnoDB DEFAULT CHARSET=utf16 COLLATE=utf16_bin;

-- Copiando dados para a tabela contavinculada.clientes_empresas: ~12 rows (aproximadamente)
/*!40000 ALTER TABLE `clientes_empresas` DISABLE KEYS */;
INSERT INTO `clientes_empresas` (`id_cliente`, `id_empresa`) VALUES
	(2, 1),
	(2, 2),
	(2, 3),
	(1, 4),
	(3, 5),
	(3, 6),
	(2, 7),
	(2, 8),
	(2, 9),
	(2, 10),
	(1, 11),
	(4, 12);
/*!40000 ALTER TABLE `clientes_empresas` ENABLE KEYS */;

-- Copiando estrutura para tabela contavinculada.contratos
DROP TABLE IF EXISTS `contratos`;
CREATE TABLE IF NOT EXISTS `contratos` (
  `id_cliente` int(11) NOT NULL,
  `id_empresa` int(11) NOT NULL,
  `id_contrato` int(11) NOT NULL AUTO_INCREMENT,
  `nu_contrato` varchar(10) COLLATE utf16_bin NOT NULL,
  `dt_inicio` date NOT NULL,
  `dt_final` date DEFAULT NULL,
  `valor` decimal(10,2) NOT NULL,
  `objeto_contrato` text COLLATE utf16_bin NOT NULL,
  `status_contrato` varchar(10) COLLATE utf16_bin NOT NULL,
  `imagem_contrato` longblob,
  PRIMARY KEY (`id_contrato`,`id_cliente`,`id_empresa`),
  KEY `fk_contratos_CLIENTES_EMPRESAS1` (`id_cliente`,`id_empresa`),
  CONSTRAINT `fk_contratos_CLIENTES_EMPRESAS1` FOREIGN KEY (`id_cliente`, `id_empresa`) REFERENCES `clientes_empresas` (`id_cliente`, `id_empresa`) ON DELETE NO ACTION ON UPDATE NO ACTION
) ENGINE=InnoDB AUTO_INCREMENT=14 DEFAULT CHARSET=utf16 COLLATE=utf16_bin;

-- Copiando dados para a tabela contavinculada.contratos: ~11 rows (aproximadamente)
/*!40000 ALTER TABLE `contratos` DISABLE KEYS */;
INSERT INTO `contratos` (`id_cliente`, `id_empresa`, `id_contrato`, `nu_contrato`, `dt_inicio`, `dt_final`, `valor`, `objeto_contrato`, `status_contrato`, `imagem_contrato`) VALUES
	(2, 2, 1, '004/2018', '2018-02-08', '2020-02-07', 2044997.88, 'Prestação de serviços contínuos de limpeza, conservação e higienização com fornecimento de materiais e equipamentos.', 'ATIVO', NULL),
	(2, 3, 2, '017/2018', '2018-05-28', '2020-05-27', 593398.53, 'Prestação de serviços contínuos de impressão de cópias reprográficas.', 'ATIVO', NULL),
	(1, 4, 3, 'teste', '2019-06-17', '2019-06-24', 100.00, '', 'ATIVO', NULL),
	(1, 4, 4, 'teste2', '2019-06-17', '2019-06-28', 120.00, '', 'ATIVO', NULL),
	(3, 5, 5, '001/2019', '2019-06-18', '2020-06-18', 1200.00, 'Limpeza do GDF (teste)', 'EXCLUIDO', NULL),
	(3, 6, 6, '002/2019', '2017-08-15', NULL, 8493545.28, 'serviços de brigada contra incêndio e pânico, com alocação de Bombeiros Civis, além de Líder e Mestre, em postos diurnos e noturnos com fornecimento de materiais, equipamentos e acessórios para atender a demanda.', 'ATIVO', NULL),
	(3, 6, 7, '000000', '2019-06-27', NULL, 1000.00, 'teste de exclusao', 'EXCLUIDO', NULL),
	(2, 7, 8, '004/2016', '2016-01-27', NULL, 609530.87, '', 'ATIVO', NULL),
	(2, 8, 9, '014/2015', '2018-09-25', '2019-09-24', 4195703.16, '', 'ATIVO', NULL),
	(2, 9, 10, '032016', '2018-11-01', NULL, 1766877.36, '', 'EXCLUIDO', NULL),
	(2, 9, 11, '03/2016', '2016-11-01', '2019-11-01', 1766877.36, '', 'ATIVO', NULL),
	(2, 10, 12, '008/2019', '2019-04-24', '2020-04-23', 381883.44, 'Prestação de serviços de recepcionista.', 'ATIVO', NULL),
	(4, 12, 13, '001', '2019-11-28', '2020-11-28', 3600.00, 'Vigilância', 'ATIVO', NULL);
/*!40000 ALTER TABLE `contratos` ENABLE KEYS */;

-- Copiando estrutura para tabela contavinculada.contratos_empregados
DROP TABLE IF EXISTS `contratos_empregados`;
CREATE TABLE IF NOT EXISTS `contratos_empregados` (
  `id_cliente` int(11) NOT NULL,
  `id_empresa` int(11) NOT NULL,
  `id_contrato` int(11) NOT NULL,
  `id_empregado` int(11) NOT NULL,
  `status_contrato_empregado` varchar(20) COLLATE utf16_bin DEFAULT 'ATIVO',
  `id_captura` int(11) DEFAULT NULL,
  PRIMARY KEY (`id_cliente`,`id_empresa`,`id_contrato`,`id_empregado`),
  KEY `fk_empregados_contratos_contratos1` (`id_contrato`,`id_cliente`,`id_empresa`),
  KEY `fk_empregados_contratos_empregados1_idx` (`id_empregado`),
  CONSTRAINT `fk_empregados_contratos_contratos1` FOREIGN KEY (`id_contrato`, `id_cliente`, `id_empresa`) REFERENCES `contratos` (`id_contrato`, `id_cliente`, `id_empresa`) ON DELETE NO ACTION ON UPDATE NO ACTION,
  CONSTRAINT `fk_empregados_contratos_empregados1` FOREIGN KEY (`id_empregado`) REFERENCES `empregados` (`id_empregado`) ON DELETE NO ACTION ON UPDATE NO ACTION
) ENGINE=InnoDB DEFAULT CHARSET=utf16 COLLATE=utf16_bin;

-- Copiando dados para a tabela contavinculada.contratos_empregados: ~226 rows (aproximadamente)
/*!40000 ALTER TABLE `contratos_empregados` DISABLE KEYS */;
INSERT INTO `contratos_empregados` (`id_cliente`, `id_empresa`, `id_contrato`, `id_empregado`, `status_contrato_empregado`, `id_captura`) VALUES
	(1, 4, 3, 11, 'ATIVO', 27),
	(1, 4, 3, 12, 'ATIVO', 27),
	(1, 4, 3, 177, 'ATIVO', 68),
	(2, 2, 1, 1, 'ATIVO', 4),
	(2, 2, 1, 2, 'ATIVO', 4),
	(2, 2, 1, 3, 'ATIVO', 4),
	(2, 3, 2, 4, 'ATIVO', 6),
	(2, 3, 2, 5, 'ATIVO', 6),
	(2, 3, 2, 6, 'ATIVO', 6),
	(2, 3, 2, 7, 'ATIVO', 6),
	(2, 3, 2, 8, 'ATIVO', 7),
	(2, 3, 2, 9, 'ATIVO', 8),
	(2, 3, 2, 10, 'ATIVO', 21),
	(2, 7, 8, 179, 'ATIVO', 82),
	(2, 7, 8, 180, 'ATIVO', 82),
	(2, 7, 8, 181, 'ATIVO', 82),
	(2, 7, 8, 182, 'ATIVO', 82),
	(2, 7, 8, 183, 'ATIVO', 82),
	(2, 7, 8, 184, 'ATIVO', 82),
	(2, 7, 8, 185, 'ATIVO', 82),
	(2, 7, 8, 186, 'ATIVO', 82),
	(2, 7, 8, 187, 'ATIVO', 82),
	(2, 7, 8, 188, 'ATIVO', 82),
	(2, 7, 8, 189, 'ATIVO', 82),
	(2, 7, 8, 190, 'ATIVO', 82),
	(2, 8, 9, 451, 'ATIVO', 114),
	(2, 8, 9, 452, 'ATIVO', 114),
	(2, 8, 9, 453, 'ATIVO', 114),
	(2, 8, 9, 454, 'ATIVO', 114),
	(2, 8, 9, 455, 'ATIVO', 114),
	(2, 8, 9, 456, 'ATIVO', 114),
	(2, 8, 9, 457, 'ATIVO', 114),
	(2, 8, 9, 458, 'ATIVO', 114),
	(2, 8, 9, 459, 'ATIVO', 114),
	(2, 8, 9, 460, 'ATIVO', 114),
	(2, 8, 9, 461, 'ATIVO', 114),
	(2, 8, 9, 462, 'ATIVO', 114),
	(2, 8, 9, 463, 'ATIVO', 114),
	(2, 8, 9, 464, 'ATIVO', 114),
	(2, 8, 9, 465, 'ATIVO', 114),
	(2, 8, 9, 466, 'ATIVO', 114),
	(2, 8, 9, 467, 'ATIVO', 114),
	(2, 8, 9, 468, 'ATIVO', 114),
	(2, 8, 9, 469, 'ATIVO', 114),
	(2, 8, 9, 470, 'ATIVO', 114),
	(2, 8, 9, 471, 'ATIVO', 114),
	(2, 8, 9, 472, 'ATIVO', 114),
	(2, 8, 9, 473, 'ATIVO', 114),
	(2, 8, 9, 474, 'ATIVO', 114),
	(2, 8, 9, 475, 'ATIVO', 114),
	(2, 8, 9, 476, 'ATIVO', 114),
	(2, 8, 9, 477, 'ATIVO', 114),
	(2, 8, 9, 478, 'ATIVO', 114),
	(2, 8, 9, 479, 'ATIVO', 114),
	(2, 8, 9, 480, 'ATIVO', 114),
	(2, 8, 9, 481, 'ATIVO', 114),
	(2, 8, 9, 482, 'ATIVO', 114),
	(2, 8, 9, 483, 'ATIVO', 114),
	(2, 8, 9, 484, 'ATIVO', 114),
	(2, 8, 9, 485, 'ATIVO', 114),
	(2, 8, 9, 486, 'ATIVO', 114),
	(2, 8, 9, 487, 'ATIVO', 114),
	(2, 8, 9, 488, 'ATIVO', 114),
	(2, 8, 9, 489, 'ATIVO', 114),
	(2, 8, 9, 490, 'ATIVO', 114),
	(2, 8, 9, 491, 'ATIVO', 114),
	(2, 8, 9, 492, 'ATIVO', 114),
	(2, 8, 9, 493, 'ATIVO', 114),
	(2, 8, 9, 494, 'ATIVO', 114),
	(2, 8, 9, 495, 'ATIVO', 114),
	(2, 8, 9, 496, 'ATIVO', 114),
	(2, 8, 9, 497, 'ATIVO', 114),
	(2, 8, 9, 498, 'ATIVO', 114),
	(2, 8, 9, 499, 'ATIVO', 114),
	(2, 8, 9, 500, 'ATIVO', 114),
	(2, 8, 9, 501, 'ATIVO', 114),
	(2, 8, 9, 502, 'ATIVO', 114),
	(2, 8, 9, 503, 'ATIVO', 119),
	(2, 8, 9, 504, 'ATIVO', 119),
	(2, 8, 9, 505, 'ATIVO', 119),
	(2, 8, 9, 506, 'ATIVO', 121),
	(2, 8, 9, 507, 'ATIVO', 121),
	(2, 8, 9, 508, 'ATIVO', 121),
	(2, 8, 9, 509, 'ATIVO', 124),
	(2, 8, 9, 510, 'ATIVO', 124),
	(2, 8, 9, 511, 'ATIVO', 124),
	(2, 8, 9, 512, 'ATIVO', 126),
	(2, 8, 9, 513, 'ATIVO', 126),
	(2, 8, 9, 514, 'ATIVO', 126),
	(2, 8, 9, 515, 'ATIVO', 126),
	(2, 8, 9, 516, 'ATIVO', 126),
	(2, 8, 9, 517, 'ATIVO', 126),
	(2, 9, 11, 539, 'ATIVO', 135),
	(2, 9, 11, 540, 'ATIVO', 135),
	(2, 9, 11, 541, 'ATIVO', 135),
	(2, 9, 11, 542, 'ATIVO', 135),
	(2, 9, 11, 543, 'ATIVO', 135),
	(2, 9, 11, 544, 'ATIVO', 135),
	(2, 9, 11, 545, 'ATIVO', 135),
	(2, 9, 11, 546, 'ATIVO', 135),
	(2, 9, 11, 547, 'ATIVO', 135),
	(2, 9, 11, 548, 'ATIVO', 135),
	(2, 9, 11, 549, 'ATIVO', 135),
	(2, 9, 11, 550, 'ATIVO', 135),
	(2, 9, 11, 551, 'ATIVO', 135),
	(2, 9, 11, 552, 'ATIVO', 135),
	(2, 10, 12, 570, 'ATIVO', 152),
	(2, 10, 12, 571, 'ATIVO', 152),
	(2, 10, 12, 572, 'ATIVO', 152),
	(2, 10, 12, 573, 'ATIVO', 152),
	(2, 10, 12, 574, 'ATIVO', 152),
	(2, 10, 12, 575, 'ATIVO', 152),
	(2, 10, 12, 577, 'ATIVO', 152),
	(2, 10, 12, 578, 'ATIVO', 152),
	(2, 10, 12, 579, 'ATIVO', 152),
	(2, 10, 12, 581, 'ATIVO', 152),
	(3, 5, 5, 13, 'ATIVO', 36),
	(3, 5, 5, 14, 'ATIVO', 36),
	(3, 5, 5, 15, 'ATIVO', 42),
	(3, 5, 5, 16, 'ATIVO', 42),
	(3, 6, 6, 17, 'ATIVO', 46),
	(3, 6, 6, 18, 'ATIVO', 46),
	(3, 6, 6, 19, 'ATIVO', 46),
	(3, 6, 6, 20, 'ATIVO', 46),
	(3, 6, 6, 21, 'ATIVO', 46),
	(3, 6, 6, 22, 'ATIVO', 46),
	(3, 6, 6, 23, 'ATIVO', 46),
	(3, 6, 6, 24, 'ATIVO', 46),
	(3, 6, 6, 25, 'ATIVO', 46),
	(3, 6, 6, 26, 'ATIVO', 46),
	(3, 6, 6, 27, 'ATIVO', 46),
	(3, 6, 6, 28, 'ATIVO', 46),
	(3, 6, 6, 29, 'ATIVO', 46),
	(3, 6, 6, 30, 'ATIVO', 46),
	(3, 6, 6, 31, 'ATIVO', 46),
	(3, 6, 6, 32, 'ATIVO', 46),
	(3, 6, 6, 33, 'ATIVO', 46),
	(3, 6, 6, 34, 'ATIVO', 46),
	(3, 6, 6, 35, 'ATIVO', 46),
	(3, 6, 6, 36, 'ATIVO', 46),
	(3, 6, 6, 37, 'ATIVO', 46),
	(3, 6, 6, 38, 'ATIVO', 46),
	(3, 6, 6, 39, 'ATIVO', 46),
	(3, 6, 6, 40, 'ATIVO', 46),
	(3, 6, 6, 41, 'ATIVO', 46),
	(3, 6, 6, 42, 'ATIVO', 46),
	(3, 6, 6, 43, 'ATIVO', 46),
	(3, 6, 6, 44, 'ATIVO', 46),
	(3, 6, 6, 45, 'ATIVO', 46),
	(3, 6, 6, 46, 'ATIVO', 46),
	(3, 6, 6, 47, 'ATIVO', 46),
	(3, 6, 6, 48, 'ATIVO', 46),
	(3, 6, 6, 49, 'ATIVO', 46),
	(3, 6, 6, 50, 'ATIVO', 46),
	(3, 6, 6, 51, 'ATIVO', 46),
	(3, 6, 6, 52, 'ATIVO', 46),
	(3, 6, 6, 53, 'ATIVO', 46),
	(3, 6, 6, 54, 'ATIVO', 46),
	(3, 6, 6, 55, 'ATIVO', 46),
	(3, 6, 6, 56, 'ATIVO', 46),
	(3, 6, 6, 57, 'ATIVO', 46),
	(3, 6, 6, 58, 'ATIVO', 46),
	(3, 6, 6, 101, 'ATIVO', 63),
	(3, 6, 6, 102, 'ATIVO', 63),
	(3, 6, 6, 103, 'ATIVO', 63),
	(3, 6, 6, 104, 'ATIVO', 63),
	(3, 6, 6, 105, 'ATIVO', 63),
	(3, 6, 6, 106, 'ATIVO', 63),
	(3, 6, 6, 107, 'ATIVO', 63),
	(3, 6, 6, 108, 'ATIVO', 63),
	(3, 6, 6, 109, 'ATIVO', 63),
	(3, 6, 6, 110, 'ATIVO', 63),
	(3, 6, 6, 111, 'ATIVO', 63),
	(3, 6, 6, 112, 'ATIVO', 63),
	(3, 6, 6, 113, 'ATIVO', 63),
	(3, 6, 6, 114, 'ATIVO', 63),
	(3, 6, 6, 115, 'ATIVO', 63),
	(3, 6, 6, 116, 'ATIVO', 63),
	(3, 6, 6, 117, 'ATIVO', 63),
	(3, 6, 6, 118, 'ATIVO', 63),
	(3, 6, 6, 119, 'ATIVO', 63),
	(3, 6, 6, 120, 'ATIVO', 63),
	(3, 6, 6, 121, 'ATIVO', 63),
	(3, 6, 6, 122, 'ATIVO', 63),
	(3, 6, 6, 123, 'ATIVO', 63),
	(3, 6, 6, 124, 'ATIVO', 63),
	(3, 6, 6, 125, 'ATIVO', 63),
	(3, 6, 6, 126, 'ATIVO', 63),
	(3, 6, 6, 127, 'ATIVO', 63),
	(3, 6, 6, 128, 'ATIVO', 63),
	(3, 6, 6, 129, 'ATIVO', 63),
	(3, 6, 6, 130, 'ATIVO', 63),
	(3, 6, 6, 131, 'ATIVO', 63),
	(3, 6, 6, 132, 'ATIVO', 63),
	(3, 6, 6, 133, 'ATIVO', 63),
	(3, 6, 6, 134, 'ATIVO', 63),
	(3, 6, 6, 135, 'ATIVO', 63),
	(3, 6, 6, 136, 'ATIVO', 63),
	(3, 6, 6, 137, 'ATIVO', 63),
	(3, 6, 6, 138, 'ATIVO', 63),
	(3, 6, 6, 139, 'ATIVO', 63),
	(3, 6, 6, 140, 'ATIVO', 63),
	(3, 6, 6, 141, 'ATIVO', 63),
	(3, 6, 6, 142, 'ATIVO', 63),
	(3, 6, 6, 143, 'ATIVO', 66),
	(3, 6, 6, 144, 'ATIVO', 66),
	(3, 6, 6, 145, 'ATIVO', 66),
	(3, 6, 6, 146, 'ATIVO', 66),
	(3, 6, 6, 147, 'ATIVO', 66),
	(3, 6, 6, 148, 'ATIVO', 66),
	(3, 6, 6, 149, 'ATIVO', 66),
	(3, 6, 6, 150, 'ATIVO', 66),
	(3, 6, 6, 151, 'ATIVO', 66),
	(3, 6, 6, 152, 'ATIVO', 66),
	(3, 6, 6, 153, 'ATIVO', 66),
	(3, 6, 6, 154, 'ATIVO', 66),
	(3, 6, 6, 155, 'ATIVO', 66),
	(3, 6, 6, 156, 'ATIVO', 66),
	(3, 6, 6, 157, 'ATIVO', 66),
	(3, 6, 6, 158, 'ATIVO', 66),
	(3, 6, 6, 159, 'ATIVO', 66),
	(3, 6, 6, 160, 'ATIVO', 66),
	(3, 6, 6, 161, 'ATIVO', 66),
	(3, 6, 6, 162, 'ATIVO', 66),
	(3, 6, 6, 163, 'ATIVO', 66),
	(3, 6, 6, 164, 'ATIVO', 66),
	(3, 6, 6, 165, 'ATIVO', 66),
	(3, 6, 6, 166, 'ATIVO', 66),
	(3, 6, 6, 167, 'ATIVO', 66),
	(3, 6, 6, 168, 'ATIVO', 66),
	(3, 6, 6, 169, 'ATIVO', 66),
	(3, 6, 6, 170, 'ATIVO', 66),
	(3, 6, 6, 171, 'ATIVO', 66),
	(3, 6, 6, 172, 'ATIVO', 66),
	(3, 6, 6, 173, 'ATIVO', 66),
	(3, 6, 6, 174, 'ATIVO', 66),
	(3, 6, 6, 175, 'ATIVO', 66),
	(3, 6, 6, 176, 'ATIVO', 66),
	(3, 6, 6, 518, 'ATIVO', 131),
	(3, 6, 6, 519, 'ATIVO', 132),
	(3, 6, 6, 520, 'ATIVO', 132),
	(3, 6, 6, 553, 'ATIVO', 136),
	(3, 6, 6, 554, 'ATIVO', 138),
	(3, 6, 6, 555, 'ATIVO', 140),
	(3, 6, 6, 556, 'ATIVO', 142),
	(3, 6, 6, 557, 'ATIVO', 142),
	(3, 6, 6, 558, 'ATIVO', 142),
	(3, 6, 6, 559, 'ATIVO', 142),
	(3, 6, 6, 560, 'ATIVO', 142),
	(3, 6, 6, 561, 'ATIVO', 142),
	(3, 6, 6, 562, 'ATIVO', 146),
	(4, 12, 13, 583, 'ATIVO', 156),
	(4, 12, 13, 584, 'ATIVO', 156);
/*!40000 ALTER TABLE `contratos_empregados` ENABLE KEYS */;

-- Copiando estrutura para tabela contavinculada.contratos_encargos
DROP TABLE IF EXISTS `contratos_encargos`;
CREATE TABLE IF NOT EXISTS `contratos_encargos` (
  `id_cliente` int(11) NOT NULL,
  `id_empresa` int(11) NOT NULL,
  `id_contrato` int(11) NOT NULL,
  `id_encargo` int(11) NOT NULL,
  `percentual_encargo` decimal(10,2) NOT NULL,
  `status_contrato_encargo` varchar(20) COLLATE utf16_bin DEFAULT 'ATIVO',
  `id_captura` int(11) DEFAULT NULL,
  KEY `fk_contratos_encargos_contratos1_idx` (`id_cliente`,`id_empresa`,`id_contrato`),
  KEY `fk_contratos_encargos_encargos1_idx` (`id_encargo`),
  CONSTRAINT `fk_contratos_encargos_contratos1` FOREIGN KEY (`id_cliente`, `id_empresa`, `id_contrato`) REFERENCES `contratos` (`id_cliente`, `id_empresa`, `id_contrato`) ON DELETE NO ACTION ON UPDATE NO ACTION,
  CONSTRAINT `fk_contratos_encargos_encargos1` FOREIGN KEY (`id_encargo`) REFERENCES `encargos` (`id_encargo`) ON DELETE NO ACTION ON UPDATE NO ACTION
) ENGINE=InnoDB DEFAULT CHARSET=utf16 COLLATE=utf16_bin;

-- Copiando dados para a tabela contavinculada.contratos_encargos: ~66 rows (aproximadamente)
/*!40000 ALTER TABLE `contratos_encargos` DISABLE KEYS */;
INSERT INTO `contratos_encargos` (`id_cliente`, `id_empresa`, `id_contrato`, `id_encargo`, `percentual_encargo`, `status_contrato_encargo`, `id_captura`) VALUES
	(2, 2, 1, 1, 20.00, 'ATIVO', NULL),
	(2, 2, 1, 2, 2.50, 'ATIVO', NULL),
	(2, 2, 1, 3, 4.21, 'ATIVO', NULL),
	(2, 2, 1, 4, 1.50, 'ATIVO', NULL),
	(2, 2, 1, 5, 1.00, 'ATIVO', NULL),
	(2, 2, 1, 6, 0.60, 'ATIVO', NULL),
	(2, 2, 1, 7, 0.20, 'ATIVO', NULL),
	(2, 2, 1, 8, 8.00, 'ATIVO', NULL),
	(2, 3, 2, 1, 20.00, 'ATIVO', NULL),
	(2, 3, 2, 2, 2.50, 'ATIVO', NULL),
	(2, 3, 2, 3, 4.21, 'ATIVO', NULL),
	(2, 3, 2, 4, 1.50, 'ATIVO', NULL),
	(2, 3, 2, 5, 1.00, 'ATIVO', NULL),
	(2, 3, 2, 6, 0.60, 'ATIVO', NULL),
	(2, 3, 2, 7, 0.20, 'ATIVO', NULL),
	(2, 3, 2, 8, 8.00, 'ATIVO', NULL),
	(1, 4, 4, 11, 30.00, 'ATIVO', NULL),
	(3, 5, 5, 12, 20.00, 'ATIVO', NULL),
	(3, 5, 5, 13, 2.50, 'ATIVO', NULL),
	(3, 5, 5, 14, 4.21, 'ATIVO', NULL),
	(3, 5, 5, 15, 1.50, 'ATIVO', NULL),
	(3, 5, 5, 16, 1.00, 'ATIVO', NULL),
	(3, 5, 5, 17, 0.60, 'ATIVO', NULL),
	(3, 5, 5, 18, 0.20, 'ATIVO', NULL),
	(3, 5, 5, 19, 8.00, 'ATIVO', NULL),
	(3, 6, 6, 12, 20.00, 'ATIVO', NULL),
	(3, 6, 6, 13, 2.50, 'ATIVO', NULL),
	(3, 6, 6, 14, 4.21, 'ATIVO', NULL),
	(3, 6, 6, 15, 1.50, 'ATIVO', NULL),
	(3, 6, 6, 16, 1.00, 'ATIVO', NULL),
	(3, 6, 6, 17, 0.60, 'ATIVO', NULL),
	(3, 6, 6, 18, 0.20, 'ATIVO', NULL),
	(3, 6, 6, 19, 8.00, 'ATIVO', NULL),
	(3, 6, 7, 12, 20.00, 'ATIVO', NULL),
	(3, 6, 7, 13, 2.50, 'ATIVO', NULL),
	(3, 6, 7, 14, 4.21, 'ATIVO', NULL),
	(3, 6, 7, 15, 1.50, 'ATIVO', NULL),
	(3, 6, 7, 16, 1.00, 'ATIVO', NULL),
	(3, 6, 7, 17, 0.60, 'ATIVO', NULL),
	(3, 6, 7, 18, 0.20, 'ATIVO', NULL),
	(3, 6, 7, 19, 8.00, 'ATIVO', NULL),
	(1, 4, 3, 11, 30.00, 'ATIVO', NULL),
	(2, 7, 8, 1, 20.00, 'ATIVO', NULL),
	(2, 7, 8, 2, 2.50, 'ATIVO', NULL),
	(2, 7, 8, 3, 4.21, 'ATIVO', NULL),
	(2, 7, 8, 4, 1.50, 'ATIVO', NULL),
	(2, 7, 8, 5, 1.00, 'ATIVO', NULL),
	(2, 7, 8, 6, 0.60, 'ATIVO', NULL),
	(2, 7, 8, 7, 0.20, 'ATIVO', NULL),
	(2, 7, 8, 8, 8.00, 'ATIVO', NULL),
	(2, 8, 9, 1, 20.00, 'ATIVO', NULL),
	(2, 8, 9, 2, 2.50, 'ATIVO', NULL),
	(2, 8, 9, 3, 4.21, 'ATIVO', NULL),
	(2, 8, 9, 4, 1.50, 'ATIVO', NULL),
	(2, 8, 9, 5, 1.00, 'ATIVO', NULL),
	(2, 8, 9, 6, 0.60, 'ATIVO', NULL),
	(2, 8, 9, 7, 0.20, 'ATIVO', NULL),
	(2, 8, 9, 8, 8.00, 'ATIVO', NULL),
	(2, 9, 10, 1, 20.00, 'ATIVO', NULL),
	(2, 9, 10, 2, 2.50, 'ATIVO', NULL),
	(2, 9, 10, 3, 4.21, 'ATIVO', NULL),
	(2, 9, 10, 4, 1.50, 'ATIVO', NULL),
	(2, 9, 10, 5, 1.00, 'ATIVO', NULL),
	(2, 9, 10, 6, 0.60, 'ATIVO', NULL),
	(2, 9, 10, 7, 0.20, 'ATIVO', NULL),
	(2, 9, 10, 8, 8.00, 'ATIVO', NULL),
	(2, 9, 11, 1, 20.00, 'ATIVO', NULL),
	(2, 9, 11, 2, 2.50, 'ATIVO', NULL),
	(2, 9, 11, 3, 4.21, 'ATIVO', NULL),
	(2, 9, 11, 4, 1.50, 'ATIVO', NULL),
	(2, 9, 11, 5, 1.00, 'ATIVO', NULL),
	(2, 9, 11, 6, 0.60, 'ATIVO', NULL),
	(2, 9, 11, 7, 0.20, 'ATIVO', NULL),
	(2, 9, 11, 8, 8.00, 'ATIVO', NULL),
	(2, 10, 12, 1, 20.00, 'ATIVO', NULL),
	(2, 10, 12, 2, 2.50, 'ATIVO', NULL),
	(2, 10, 12, 3, 4.21, 'ATIVO', NULL),
	(2, 10, 12, 4, 1.50, 'ATIVO', NULL),
	(2, 10, 12, 5, 1.00, 'ATIVO', NULL),
	(2, 10, 12, 6, 0.60, 'ATIVO', NULL),
	(2, 10, 12, 7, 0.20, 'ATIVO', NULL),
	(2, 10, 12, 8, 8.00, 'ATIVO', NULL),
	(4, 12, 13, 30, 20.00, 'ATIVO', NULL),
	(4, 12, 13, 31, 2.50, 'ATIVO', NULL),
	(4, 12, 13, 32, 4.21, 'ATIVO', NULL),
	(4, 12, 13, 33, 1.50, 'ATIVO', NULL),
	(4, 12, 13, 34, 1.00, 'ATIVO', NULL),
	(4, 12, 13, 35, 0.60, 'ATIVO', NULL),
	(4, 12, 13, 36, 0.20, 'ATIVO', NULL),
	(4, 12, 13, 37, 8.00, 'ATIVO', NULL);
/*!40000 ALTER TABLE `contratos_encargos` ENABLE KEYS */;

-- Copiando estrutura para tabela contavinculada.contratos_indices
DROP TABLE IF EXISTS `contratos_indices`;
CREATE TABLE IF NOT EXISTS `contratos_indices` (
  `id_cliente` int(11) NOT NULL,
  `id_empresa` int(11) NOT NULL,
  `id_contrato` int(11) NOT NULL,
  `id_indice` int(11) NOT NULL,
  `percentual_indice` decimal(10,2) NOT NULL,
  KEY `fk_contratos_indices_contratos1_idx` (`id_cliente`,`id_empresa`,`id_contrato`),
  KEY `fk_contratos_indices_indices1_idx` (`id_indice`),
  CONSTRAINT `fk_contratos_indices_contratos1` FOREIGN KEY (`id_cliente`, `id_empresa`, `id_contrato`) REFERENCES `contratos` (`id_cliente`, `id_empresa`, `id_contrato`) ON DELETE NO ACTION ON UPDATE NO ACTION,
  CONSTRAINT `fk_contratos_indices_indices1` FOREIGN KEY (`id_indice`) REFERENCES `indices` (`id_indice`) ON DELETE NO ACTION ON UPDATE NO ACTION
) ENGINE=InnoDB DEFAULT CHARSET=utf16 COLLATE=utf16_bin;

-- Copiando dados para a tabela contavinculada.contratos_indices: ~0 rows (aproximadamente)
/*!40000 ALTER TABLE `contratos_indices` DISABLE KEYS */;
/*!40000 ALTER TABLE `contratos_indices` ENABLE KEYS */;

-- Copiando estrutura para tabela contavinculada.contrato_sistema
DROP TABLE IF EXISTS `contrato_sistema`;
CREATE TABLE IF NOT EXISTS `contrato_sistema` (
  `id_contrato` int(11) NOT NULL AUTO_INCREMENT,
  `id_cliente` int(11) NOT NULL,
  `nu_contrato_sistema` varchar(10) COLLATE utf16_bin NOT NULL,
  `dt_inicio` date NOT NULL,
  `dt_final` date NOT NULL,
  `tipo_pagamento` char(1) COLLATE utf16_bin NOT NULL DEFAULT 'M' COMMENT '''Define se o contrato é Mensal ou Anual''',
  `valor_contrato` decimal(10,2) NOT NULL,
  `status_contrato_sistema` varchar(10) COLLATE utf16_bin NOT NULL,
  PRIMARY KEY (`id_contrato`,`id_cliente`),
  KEY `fk_contrato_sistema_clientes1` (`id_cliente`),
  CONSTRAINT `fk_contrato_sistema_clientes1` FOREIGN KEY (`id_cliente`) REFERENCES `clientes` (`id_cliente`) ON DELETE NO ACTION ON UPDATE NO ACTION
) ENGINE=InnoDB AUTO_INCREMENT=5 DEFAULT CHARSET=utf16 COLLATE=utf16_bin;

-- Copiando dados para a tabela contavinculada.contrato_sistema: ~0 rows (aproximadamente)
/*!40000 ALTER TABLE `contrato_sistema` DISABLE KEYS */;
INSERT INTO `contrato_sistema` (`id_contrato`, `id_cliente`, `nu_contrato_sistema`, `dt_inicio`, `dt_final`, `tipo_pagamento`, `valor_contrato`, `status_contrato_sistema`) VALUES
	(1, 2, '001/2019', '2019-06-10', '2020-06-10', 'A', 1.00, 'ATIVO'),
	(2, 1, '001/2019', '2019-06-14', '2020-06-14', 'A', 1.00, 'ATIVO'),
	(3, 3, '002/2019', '2019-06-18', '2020-07-31', 'A', 1.00, 'ATIVO'),
	(4, 4, '001', '2019-11-28', '2020-11-28', 'A', 1.00, 'ATIVO');
/*!40000 ALTER TABLE `contrato_sistema` ENABLE KEYS */;

-- Copiando estrutura para tabela contavinculada.empregados
DROP TABLE IF EXISTS `empregados`;
CREATE TABLE IF NOT EXISTS `empregados` (
  `id_empresa` int(11) NOT NULL,
  `id_empregado` int(11) NOT NULL AUTO_INCREMENT,
  `cpf` varchar(14) COLLATE utf16_bin NOT NULL,
  `nome` varchar(50) COLLATE utf16_bin NOT NULL,
  `id_turno` int(1) NOT NULL,
  `horario` varchar(45) COLLATE utf16_bin DEFAULT NULL,
  `remuneracao` decimal(10,2) NOT NULL,
  `dt_admissao` date NOT NULL,
  `dt_desligamento` date DEFAULT NULL,
  `status_empregado` varchar(10) COLLATE utf16_bin NOT NULL,
  `id_cliente` int(11) DEFAULT NULL,
  `id_cargo` int(11) DEFAULT NULL,
  `id_captura` int(11) DEFAULT NULL,
  PRIMARY KEY (`id_empregado`,`id_empresa`),
  KEY `fk_empregados_empresas1_idx` (`id_empresa`),
  KEY `fk_empregados_cargos1_idx` (`id_cargo`,`id_cliente`),
  CONSTRAINT `fk_empregados_cargos1` FOREIGN KEY (`id_cargo`, `id_cliente`) REFERENCES `cargos` (`id_cargo`, `id_cliente`) ON DELETE NO ACTION ON UPDATE NO ACTION,
  CONSTRAINT `fk_empregados_empresas1` FOREIGN KEY (`id_empresa`) REFERENCES `empresas` (`id_empresa`) ON DELETE NO ACTION ON UPDATE NO ACTION
) ENGINE=InnoDB AUTO_INCREMENT=585 DEFAULT CHARSET=utf16 COLLATE=utf16_bin;

-- Copiando dados para a tabela contavinculada.empregados: ~218 rows (aproximadamente)
/*!40000 ALTER TABLE `empregados` DISABLE KEYS */;
INSERT INTO `empregados` (`id_empresa`, `id_empregado`, `cpf`, `nome`, `id_turno`, `horario`, `remuneracao`, `dt_admissao`, `dt_desligamento`, `status_empregado`, `id_cliente`, `id_cargo`, `id_captura`) VALUES
	(2, 1, '56361670163', 'Alda Pereira de Oliveira', 0, NULL, 0.00, '0000-00-00', NULL, 'EXCLUIDO', 2, 1, 4),
	(2, 2, '02828465659', 'Anselmo Gonçalves Pereira', 0, NULL, 0.00, '0000-00-00', NULL, 'EXCLUIDO', 2, 1, 4),
	(2, 3, '87949377100', 'Antônio dos Santos Figueiredo', 0, NULL, 0.00, '0000-00-00', NULL, 'EXCLUIDO', 2, 1, 4),
	(3, 4, '04385850119', 'Ana Carolina Novais dos Santos', 0, NULL, 0.00, '0000-00-00', NULL, 'ATIVO', 2, 8, 6),
	(3, 5, '11511094605', 'Edelaine Botelho de Almeida', 0, NULL, 0.00, '0000-00-00', NULL, 'ATIVO', 2, 8, 6),
	(3, 6, '04044167133', 'Lucas Coelho da Silva', 0, NULL, 0.00, '0000-00-00', NULL, 'ATIVO', 2, 8, 6),
	(3, 7, '11326660667', 'Tamires Michele do Nascimento', 0, NULL, 0.00, '0000-00-00', NULL, 'ATIVO', 2, 8, 6),
	(3, 8, '05217864109', 'Ana Carolina Carvalho dos Santos', 0, NULL, 0.00, '0000-00-00', NULL, 'ATIVO', 2, 8, 7),
	(3, 9, '04473536165', 'Carlos Henrique de Sousa Balbino', 0, NULL, 0.00, '0000-00-00', NULL, 'ATIVO', 2, 8, 8),
	(3, 10, '56361670163', 'FULANO DE TAL', 0, NULL, 0.00, '0000-00-00', NULL, 'EXCLUIDO', 2, 8, 21),
	(4, 11, '56361670163', 'seu zé', 0, NULL, 0.00, '0000-00-00', NULL, 'ATIVO', 1, 10, 27),
	(4, 12, '52424928134', 'fulano de tal', 0, NULL, 0.00, '0000-00-00', NULL, 'EXCLUIDO', 1, 10, 27),
	(5, 13, '56361670163', 'FULANO DE TAL', 0, NULL, 0.00, '0000-00-00', NULL, 'EXCLUIDO', 3, 11, 36),
	(5, 14, '52424928134', 'SICRANO', 0, NULL, 0.00, '0000-00-00', NULL, 'EXCLUIDO', 3, 12, 36),
	(5, 15, '80216676649', 'Criatiano teste', 0, NULL, 0.00, '0000-00-00', NULL, 'EXCLUIDO', 3, 11, 42),
	(5, 16, '60344210120', 'Rafael testando', 0, NULL, 0.00, '0000-00-00', NULL, 'EXCLUIDO', 3, 12, 42),
	(6, 17, '60637897153', 'ALEXANDRE LENCINA VAZ', 0, NULL, 0.00, '0000-00-00', NULL, 'EXCLUIDO', 3, 13, 46),
	(6, 18, '98549707104', 'ANTONIO MARCOS DA SILVA LEAL', 0, NULL, 0.00, '0000-00-00', NULL, 'EXCLUIDO', 3, 14, 46),
	(6, 19, '68923074187', 'CARLA FABRI PESSANHA SOARES', 0, NULL, 0.00, '0000-00-00', NULL, 'EXCLUIDO', 3, 13, 46),
	(6, 20, '93888899087', 'CELSO LEONARDO PEREIRA', 0, NULL, 0.00, '0000-00-00', NULL, 'EXCLUIDO', 3, 13, 46),
	(6, 21, '69626464100', 'CRISTIANO RUBIO ROCHA', 0, NULL, 0.00, '0000-00-00', NULL, 'EXCLUIDO', 3, 13, 46),
	(6, 22, '01765912148', 'DANIEL DE OLIVEIRA VENTURA', 0, NULL, 0.00, '0000-00-00', NULL, 'EXCLUIDO', 3, 13, 46),
	(6, 23, '04231199159', 'DIEGO DOS SANTOS NASCIMENTO', 0, NULL, 0.00, '0000-00-00', NULL, 'EXCLUIDO', 3, 13, 46),
	(6, 24, '79898440104', 'ELAINE BATISTA DE OLIVEIRA', 0, NULL, 0.00, '0000-00-00', NULL, 'EXCLUIDO', 3, 13, 46),
	(6, 25, '03395607119', 'ELIANE NUNES DE LIMA', 0, NULL, 0.00, '0000-00-00', NULL, 'EXCLUIDO', 3, 13, 46),
	(6, 26, '60287470172', 'EMERSON LUSTOSA SPONCHIADO', 0, NULL, 0.00, '0000-00-00', NULL, 'EXCLUIDO', 3, 13, 46),
	(6, 27, '65943457100', 'FERNANDA ARAUJO SILVA COSTA', 0, NULL, 0.00, '0000-00-00', NULL, 'EXCLUIDO', 3, 13, 46),
	(6, 28, '04026295150', 'GEOVANE ESTEVAM MIRANDA', 0, NULL, 0.00, '0000-00-00', NULL, 'EXCLUIDO', 3, 13, 46),
	(6, 29, '81927150434', 'GLAYBSON FERREIRA PEREIRA E BARROS', 0, NULL, 0.00, '0000-00-00', NULL, 'EXCLUIDO', 3, 13, 46),
	(6, 30, '51609134168', 'IDALMO DE SOUZA DA SILVA', 0, NULL, 0.00, '0000-00-00', NULL, 'EXCLUIDO', 3, 13, 46),
	(6, 31, '91308151187', 'JAQUES FELIPE DA SILVA DUARTE', 0, NULL, 0.00, '0000-00-00', NULL, 'EXCLUIDO', 3, 13, 46),
	(6, 32, '57956677149', 'JOAO MARCELO ARAUJO RIBEIRO', 0, NULL, 0.00, '0000-00-00', NULL, 'EXCLUIDO', 3, 13, 46),
	(6, 33, '82529701172', 'JOSE CARLOS RAIMUNDO JUNIOR', 0, NULL, 0.00, '0000-00-00', NULL, 'EXCLUIDO', 3, 13, 46),
	(6, 34, '44372477104', 'LEONARDO NUNES FERREIRA', 0, NULL, 0.00, '0000-00-00', NULL, 'EXCLUIDO', 3, 13, 46),
	(6, 35, '72456272153', 'LUIS HENRIQUE BEZERRA ROCHA', 0, NULL, 0.00, '0000-00-00', NULL, 'EXCLUIDO', 3, 13, 46),
	(6, 36, '87313707134', 'MARCIA REJANE DE SOUSA', 0, NULL, 0.00, '0000-00-00', NULL, 'EXCLUIDO', 3, 13, 46),
	(6, 37, '72570377104', 'MARCIA RUFINO DE JESUS', 0, NULL, 0.00, '0000-00-00', NULL, 'EXCLUIDO', 3, 13, 46),
	(6, 38, '04442674175', 'MARCOS ZAWDIE MESQUITA', 0, NULL, 0.00, '0000-00-00', NULL, 'EXCLUIDO', 3, 13, 46),
	(6, 39, '53911326149', 'MARIA APARECIDA DE SOUZA CRUZ', 0, NULL, 0.00, '0000-00-00', NULL, 'EXCLUIDO', 3, 13, 46),
	(6, 40, '76363511100', 'MARIA DALVA GOMES DA SILVA', 0, NULL, 0.00, '0000-00-00', NULL, 'EXCLUIDO', 3, 13, 46),
	(6, 41, '04942592135', 'MATHEUS MISSIAS MOTA', 0, NULL, 0.00, '0000-00-00', NULL, 'EXCLUIDO', 3, 13, 46),
	(6, 42, '01915610109', 'MELCHYZEDEQUE FIGUEREDO SILVA', 0, NULL, 0.00, '0000-00-00', NULL, 'EXCLUIDO', 3, 13, 46),
	(6, 43, '99328321115', 'NAGIO FERREIRA DE HOLANDA', 0, NULL, 0.00, '0000-00-00', NULL, 'EXCLUIDO', 3, 13, 46),
	(6, 44, '22800662115', 'NILTON CARDOSO', 0, NULL, 0.00, '0000-00-00', NULL, 'EXCLUIDO', 3, 13, 46),
	(6, 45, '70806209100', 'OZANAN DE SOUZA AMARAL JUNIOR', 0, NULL, 0.00, '0000-00-00', NULL, 'EXCLUIDO', 3, 13, 46),
	(6, 46, '72478624168', 'RAIMUNDO ARRUDA ARAGAO NETO', 0, NULL, 0.00, '0000-00-00', NULL, 'EXCLUIDO', 3, 13, 46),
	(6, 47, '18430058168', 'RAIMUNDO PESSOA DE MELO', 0, NULL, 0.00, '0000-00-00', NULL, 'EXCLUIDO', 3, 14, 46),
	(6, 48, '01736070126', 'RAYANE ALVES DA COSTA DIAS', 0, NULL, 0.00, '0000-00-00', NULL, 'EXCLUIDO', 3, 13, 46),
	(6, 49, '83910603149', 'RICARDO RODRIGUES ALEXANDRE', 0, NULL, 0.00, '0000-00-00', NULL, 'EXCLUIDO', 3, 13, 46),
	(6, 50, '80806449187', 'RICHELLEY KEYLLA DOURADO DA SILVA', 0, NULL, 0.00, '0000-00-00', NULL, 'EXCLUIDO', 3, 13, 46),
	(6, 51, '80938345168', 'ROMULO LIMA MOTA', 0, NULL, 0.00, '0000-00-00', NULL, 'EXCLUIDO', 3, 13, 46),
	(6, 52, '55211186168', 'SIMONE ALVES SIQUEIRA', 0, NULL, 0.00, '0000-00-00', NULL, 'EXCLUIDO', 3, 13, 46),
	(6, 53, '01472908139', 'THIAGO AUGUSTO BATISTA DA SILVA', 0, NULL, 0.00, '0000-00-00', NULL, 'EXCLUIDO', 3, 13, 46),
	(6, 54, '73450820168', 'THIAGO DA COSTA CAMILO', 0, NULL, 0.00, '0000-00-00', NULL, 'EXCLUIDO', 3, 13, 46),
	(6, 55, '01699887160', 'ULISSES RODRIGUES DA COSTA NETO', 0, NULL, 0.00, '0000-00-00', NULL, 'EXCLUIDO', 3, 13, 46),
	(6, 56, '00490175198', 'WELINGTON HORACIO TEIXEIRA', 0, NULL, 0.00, '0000-00-00', NULL, 'EXCLUIDO', 3, 13, 46),
	(6, 57, '59026413220', 'WILDLER KLEY PEREIRA REGO', 0, NULL, 0.00, '0000-00-00', NULL, 'EXCLUIDO', 3, 13, 46),
	(6, 58, '57851875153', 'WILLIAM GOMES DE BRITO', 0, NULL, 0.00, '0000-00-00', NULL, 'EXCLUIDO', 3, 13, 46),
	(6, 101, '60637897153', 'ALEXANDRE LENCINA VAZ', 1, NULL, 0.00, '0000-00-00', NULL, 'ATIVO', 3, 17, 147),
	(6, 102, '98549707104', 'ANTONIO MARCOS DA SILVA LEAL', 1, NULL, 0.00, '0000-00-00', NULL, 'ATIVO', 3, 20, 147),
	(6, 103, '68923074187', 'CARLA FABRI PESSANHA SOARES', 1, NULL, 0.00, '0000-00-00', NULL, 'ATIVO', 3, 17, 147),
	(6, 104, '93888899087', 'CELSO LEONARDO PEREIRA', 1, NULL, 0.00, '0000-00-00', NULL, 'ATIVO', 3, 17, 147),
	(6, 105, '69626464100', 'CRISTIANO RUBIO ROCHA', 1, NULL, 0.00, '0000-00-00', NULL, 'ATIVO', 3, 17, 147),
	(6, 106, '01765912148', 'DANIEL DE OLIVEIRA VENTURA', 1, NULL, 0.00, '0000-00-00', NULL, 'ATIVO', 3, 17, 147),
	(6, 107, '04231199159', 'DIEGO DOS SANTOS NASCIMENTO', 1, NULL, 0.00, '0000-00-00', NULL, 'ATIVO', 3, 17, 147),
	(6, 108, '79898440104', 'ELAINE BATISTA DE OLIVEIRA', 1, NULL, 0.00, '0000-00-00', NULL, 'ATIVO', 3, 17, 147),
	(6, 109, '03395607119', 'ELIANE NUNES DE LIMA', 1, NULL, 0.00, '0000-00-00', NULL, 'ATIVO', 3, 17, 147),
	(6, 110, '60287470172', 'EMERSON LUSTOSA SPONCHIADO', 1, NULL, 0.00, '0000-00-00', NULL, 'ATIVO', 3, 17, 147),
	(6, 111, '65943457100', 'FERNANDA ARAUJO SILVA COSTA', 1, NULL, 0.00, '0000-00-00', NULL, 'ATIVO', 3, 17, 147),
	(6, 112, '04026295150', 'GEOVANE ESTEVAM MIRANDA', 1, NULL, 0.00, '0000-00-00', NULL, 'ATIVO', 3, 17, 147),
	(6, 113, '81927150434', 'GLAYBSON FERREIRA PEREIRA E BARROS', 1, NULL, 0.00, '0000-00-00', NULL, 'ATIVO', 3, 17, 147),
	(6, 114, '51609134168', 'IDALMO DE SOUZA DA SILVA', 2, NULL, 0.00, '0000-00-00', NULL, 'ATIVO', 3, 18, 147),
	(6, 115, '91308151187', 'JAQUES FELIPE DA SILVA DUARTE', 1, NULL, 0.00, '0000-00-00', NULL, 'ATIVO', 3, 18, 147),
	(6, 116, '57956677149', 'JOAO MARCELO ARAUJO RIBEIRO', 1, NULL, 0.00, '0000-00-00', NULL, 'ATIVO', 3, 17, 147),
	(6, 117, '82529701172', 'JOSE CARLOS RAIMUNDO JUNIOR', 2, NULL, 0.00, '0000-00-00', NULL, 'ATIVO', 3, 18, 147),
	(6, 118, '44372477104', 'LEONARDO NUNES FERREIRA', 2, NULL, 0.00, '0000-00-00', NULL, 'ATIVO', 3, 18, 147),
	(6, 119, '72456272153', 'LUIS HENRIQUE BEZERRA ROCHA', 1, NULL, 0.00, '0000-00-00', NULL, 'ATIVO', 3, 17, 147),
	(6, 120, '87313707134', 'MARCIA REJANE DE SOUSA', 1, NULL, 0.00, '0000-00-00', NULL, 'ATIVO', 3, 17, 147),
	(6, 121, '72570377104', 'MARCIA RUFINO DE JESUS', 1, NULL, 0.00, '0000-00-00', NULL, 'ATIVO', 3, 17, 147),
	(6, 122, '04442674175', 'MARCOS ZAWDIE MESQUITA', 1, NULL, 0.00, '0000-00-00', NULL, 'ATIVO', 3, 17, 147),
	(6, 123, '53911326149', 'MARIA APARECIDA DE SOUZA CRUZ', 1, NULL, 0.00, '0000-00-00', NULL, 'ATIVO', 3, 17, 147),
	(6, 124, '76363511100', 'MARIA DALVA GOMES DA SILVA', 1, NULL, 0.00, '0000-00-00', NULL, 'ATIVO', 3, 17, 147),
	(6, 125, '04942592135', 'MATHEUS MISSIAS MOTA', 1, NULL, 0.00, '0000-00-00', NULL, 'ATIVO', 3, 17, 147),
	(6, 126, '01915610109', 'MELCHYZEDEQUE FIGUEREDO SILVA', 1, NULL, 0.00, '0000-00-00', NULL, 'ATIVO', 3, 17, 147),
	(6, 127, '99328321115', 'NAGIO FERREIRA DE HOLANDA', 2, NULL, 0.00, '0000-00-00', NULL, 'ATIVO', 3, 18, 147),
	(6, 128, '22800662115', 'NILTON CARDOSO', 1, NULL, 0.00, '0000-00-00', NULL, 'ATIVO', 3, 17, 147),
	(6, 129, '70806209100', 'OZANAN DE SOUZA AMARAL JUNIOR', 1, NULL, 0.00, '0000-00-00', NULL, 'ATIVO', 3, 17, 132),
	(6, 130, '72478624168', 'RAIMUNDO ARRUDA ARAGAO NETO', 2, NULL, 0.00, '0000-00-00', NULL, 'ATIVO', 3, 18, 147),
	(6, 131, '18430058168', 'RAIMUNDO PESSOA DE MELO', 1, NULL, 0.00, '0000-00-00', NULL, 'ATIVO', 3, 19, 147),
	(6, 132, '01736070126', 'RAYANE ALVES DA COSTA DIAS', 1, NULL, 0.00, '0000-00-00', NULL, 'ATIVO', 3, 17, 147),
	(6, 133, '83910603149', 'RICARDO RODRIGUES ALEXANDRE', 2, NULL, 0.00, '0000-00-00', NULL, 'ATIVO', 3, 19, 147),
	(6, 134, '80806449187', 'RICHELLEY KEYLLA DOURADO DA SILVA', 1, NULL, 0.00, '0000-00-00', NULL, 'ATIVO', 3, 17, 147),
	(6, 135, '80938345168', 'ROMULO LIMA MOTA', 2, NULL, 0.00, '0000-00-00', NULL, 'ATIVO', 3, 18, 147),
	(6, 136, '55211186168', 'SIMONE ALVES SIQUEIRA', 1, NULL, 0.00, '0000-00-00', NULL, 'ATIVO', 3, 17, 147),
	(6, 137, '01472908139', 'THIAGO AUGUSTO BATISTA DA SILVA', 1, NULL, 0.00, '0000-00-00', NULL, 'ATIVO', 3, 17, 147),
	(6, 138, '73450820168', 'THIAGO DA COSTA CAMILO', 1, NULL, 0.00, '0000-00-00', NULL, 'ATIVO', 3, 17, 147),
	(6, 139, '01699887160', 'ULISSES RODRIGUES DA COSTA NETO', 1, NULL, 0.00, '0000-00-00', NULL, 'ATIVO', 3, 17, 147),
	(6, 140, '00490175198', 'WELINGTON HORACIO TEIXEIRA', 2, NULL, 0.00, '0000-00-00', NULL, 'ATIVO', 3, 18, 147),
	(6, 141, '59026413220', 'WILDLER KLEY PEREIRA REGO', 1, NULL, 0.00, '0000-00-00', NULL, 'ATIVO', 3, 17, 147),
	(6, 142, '57851875153', 'WILLIAM GOMES DE BRITO', 1, NULL, 0.00, '0000-00-00', NULL, 'ATIVO', 3, 17, 147),
	(6, 143, '72016760168', 'ADAIR SANTANA DE FARIAS', 1, NULL, 0.00, '0000-00-00', NULL, 'ATIVO', 3, 17, 147),
	(6, 144, '68936788191', 'ADRIANA ETERNA DA SILVA', 1, NULL, 0.00, '0000-00-00', NULL, 'ATIVO', 3, 17, 138),
	(6, 145, '71166360130', 'ADRIANA INOCENCIO FERREIRA DA CRU', 1, NULL, 0.00, '0000-00-00', NULL, 'ATIVO', 3, 17, 147),
	(6, 146, '05750307638', 'ALISON DOS REIS RIBEIRO DOS SANTOS', 1, NULL, 0.00, '0000-00-00', NULL, 'ATIVO', 3, 17, 147),
	(6, 147, '82344582134', 'ANDERSON ABADE DO NACIMENTO CORREIA', 1, NULL, 0.00, '0000-00-00', NULL, 'ATIVO', 3, 17, 147),
	(6, 148, '01095184113', 'ANDERSON DA SILVA BRANDAO', 1, NULL, 0.00, '0000-00-00', NULL, 'ATIVO', 3, 17, 147),
	(6, 149, '03387803192', 'AVILA GUILHERMINO DA COSTA RODRIG', 1, NULL, 0.00, '0000-00-00', NULL, 'ATIVO', 3, 17, 147),
	(6, 150, '70497257149', 'CLAUDIO ANDRE DA SILVA BARBOSA', 1, NULL, 0.00, '0000-00-00', NULL, 'ATIVO', 3, 17, 147),
	(6, 151, '00162449151', 'DIORGENES MILHOMEM SOUSA PEIXOTO', 1, NULL, 0.00, '0000-00-00', NULL, 'ATIVO', 3, 17, 147),
	(6, 152, '59906774134', 'ELINETE XAVIER GOMES DE LIMA', 1, NULL, 0.00, '0000-00-00', NULL, 'ATIVO', 3, 17, 147),
	(6, 153, '00104775190', 'ERICO VITAL DE CASTRO', 1, NULL, 0.00, '0000-00-00', NULL, 'ATIVO', 3, 17, 147),
	(6, 154, '69746036149', 'ERIKA NEVES ARRUDA DOS SANTOS', 1, NULL, 0.00, '0000-00-00', NULL, 'ATIVO', 3, 17, 147),
	(6, 155, '64545369120', 'FABIANO BATISTA GOMES', 1, NULL, 0.00, '0000-00-00', NULL, 'ATIVO', 3, 17, 147),
	(6, 156, '05576339150', 'GABRIEL VIANA DA SI', 1, NULL, 0.00, '0000-00-00', NULL, 'ATIVO', 3, 17, 147),
	(6, 157, '01305477197', 'HALLISSON BRUNO MARREIROS BARBOSA', 1, NULL, 0.00, '0000-00-00', NULL, 'ATIVO', 3, 17, 147),
	(6, 158, '02218029162', 'IAGO PEREIRA DA SILVA', 1, NULL, 0.00, '0000-00-00', NULL, 'ATIVO', 3, 17, 147),
	(6, 159, '01020634197', 'JOAO PAULO DE MORAIS LINHARES', 1, NULL, 0.00, '0000-00-00', NULL, 'ATIVO', 3, 17, 147),
	(6, 160, '72486066187', 'JOCIMARA DE OLIVEIRA NUNES', 1, NULL, 0.00, '0000-00-00', NULL, 'ATIVO', 3, 17, 147),
	(6, 161, '47350091168', 'JOSELINO MESSIAS DE FIGUEREDO', 1, NULL, 0.00, '0000-00-00', NULL, 'ATIVO', 3, 17, 147),
	(6, 162, '01608387119', 'JUCIMARA DE JESUS ARAGAO', 1, NULL, 0.00, '0000-00-00', NULL, 'ATIVO', 3, 17, 147),
	(6, 163, '00652439195', 'LUCAS BRUNO PEREIRA AGUIAR', 1, NULL, 0.00, '0000-00-00', NULL, 'ATIVO', 3, 17, 147),
	(6, 164, '05959541386', 'MAILSON ANTUNES OLIVEIRA', 1, NULL, 0.00, '0000-00-00', NULL, 'ATIVO', 3, 17, 147),
	(6, 165, '05255013129', 'MATEUS VALERIO AMARIO DA SILVA', 1, NULL, 0.00, '0000-00-00', NULL, 'ATIVO', 3, 17, 66),
	(6, 166, '00180828150', 'NILZA DA SILVA MOREIRA', 1, NULL, 0.00, '0000-00-00', NULL, 'ATIVO', 3, 17, 147),
	(6, 167, '53958748104', 'PAULO HENRIQUE DE JESUS CANTILO', 1, NULL, 0.00, '0000-00-00', NULL, 'ATIVO', 3, 17, 147),
	(6, 168, '02114575152', 'RAFAEL ALVES DE OLIVEIRA', 1, NULL, 0.00, '0000-00-00', NULL, 'ATIVO', 3, 20, 147),
	(6, 169, '00014384175', 'RAMON RAMOS DE AZEVEDO', 1, NULL, 0.00, '0000-00-00', NULL, 'ATIVO', 3, 17, 147),
	(6, 170, '77982541100', 'ROGERIO SOARES DE SOUZA', 1, NULL, 0.00, '0000-00-00', NULL, 'ATIVO', 3, 17, 147),
	(6, 171, '39252531149', 'ROSA SOARES DA SILVA DE SOUSA', 1, NULL, 0.00, '0000-00-00', NULL, 'ATIVO', 3, 17, 147),
	(6, 172, '04757585101', 'THAMIRES OLIVEIRA QUEIROZ', 1, NULL, 0.00, '0000-00-00', NULL, 'ATIVO', 3, 17, 147),
	(6, 173, '05195325707', 'USSALES ULISSES OLIVEIRA DE SOUZA', 1, NULL, 0.00, '0000-00-00', NULL, 'ATIVO', 3, 17, 147),
	(6, 174, '71436723191', 'VICTOR ALEXANDRE RODRIGUES TEIXEIRA', 1, NULL, 0.00, '0000-00-00', NULL, 'ATIVO', 3, 17, 147),
	(6, 175, '78727987191', 'VIVIANIA MARIA SANTANA SILVA', 1, NULL, 0.00, '0000-00-00', NULL, 'ATIVO', 3, 20, 132),
	(6, 176, '00190391154', 'WELLINGTON TORRES SANTANA', 1, NULL, 0.00, '0000-00-00', NULL, 'ATIVO', 3, 17, 147),
	(4, 177, '83910603149', 'RICARDO RODRIGUES ALEXANDRE', 1, NULL, 0.00, '0000-00-00', NULL, 'ATIVO', 1, 10, 68),
	(7, 178, '62068385104', 'RUTH RODRIGUES DE ARAUJO ', 0, NULL, 0.00, '2012-02-01', NULL, 'EXCLUIDO', 2, 23, NULL),
	(7, 179, '62068385104', 'Ruth Rodrigues de Araujo', 0, NULL, 0.00, '2012-02-01', NULL, 'ATIVO', 2, 24, NULL),
	(7, 180, '01242041125', 'Rosiane da Silva Brito', 0, NULL, 0.00, '2012-02-01', NULL, 'ATIVO', 2, 22, NULL),
	(7, 181, '04297122197', 'Priscilla Biro da Silva Lopes', 0, NULL, 0.00, '2014-02-03', NULL, 'ATIVO', 2, 22, NULL),
	(7, 182, '64746674191', 'Josefinna Castro da Silva', 0, NULL, 0.00, '2013-12-02', NULL, 'ATIVO', 2, 22, NULL),
	(7, 183, '81884591191', 'Irailda da Silva Costa', 0, NULL, 0.00, '2010-10-19', NULL, 'ATIVO', 2, 22, NULL),
	(7, 184, '33423571187', 'Francisco Mendes da Silva', 0, NULL, 0.00, '2013-02-04', NULL, 'ATIVO', 2, 23, NULL),
	(7, 185, '99748096149', 'Francisca das Chagas Barbosa Leal da Cruz', 0, NULL, 0.00, '2011-02-07', NULL, 'ATIVO', 2, 24, NULL),
	(7, 186, '53833660163', 'Francinalva Fernandez Pereira', 0, NULL, 0.00, '2012-12-03', NULL, 'ATIVO', 2, 22, NULL),
	(7, 187, '72810858187', 'Deusamar Costa Rodrigues ', 0, NULL, 0.00, '2014-03-17', NULL, 'ATIVO', 2, 22, NULL),
	(7, 188, '47806443134', 'Cleide Aparecida Gualberto', 0, NULL, 0.00, '2011-08-15', NULL, 'ATIVO', 2, 24, NULL),
	(7, 189, '34608729349', 'Carlos Augusto Rodrigres de Sousa', 0, NULL, 0.00, '2010-11-05', NULL, 'ATIVO', 2, 23, NULL),
	(7, 190, '60655500197', 'Aide de Souza Paiva', 0, NULL, 0.00, '2012-02-01', NULL, 'ATIVO', 2, 22, NULL),
	(8, 451, '02821075332', 'ADRIANO CALISTO PEREIRA', 0, NULL, 0.00, '0000-00-00', NULL, 'ATIVO', 2, 25, 124),
	(8, 452, '84013770130', 'ALAN LIMA SILVA', 0, NULL, 0.00, '0000-00-00', NULL, 'ATIVO', 2, 25, 128),
	(8, 453, '91297575172', 'ANA PAULA ALVES DE OLIVEIRA', 0, NULL, 0.00, '0000-00-00', NULL, 'ATIVO', 2, 25, 128),
	(8, 454, '40051722100', 'ANDRE LUIZ DANTAS', 0, NULL, 0.00, '0000-00-00', NULL, 'ATIVO', 2, 25, 124),
	(8, 455, '91912628104', 'ANDREIA PAULA MACIEL FERREIRA', 0, NULL, 0.00, '0000-00-00', NULL, 'ATIVO', 2, 25, 128),
	(8, 456, '47800259153', 'ANITA URCINO RIBEIRO', 0, NULL, 0.00, '0000-00-00', NULL, 'ATIVO', 2, 25, 128),
	(8, 457, '80329330187', 'ANTONIO BATISTA NUNES', 0, NULL, 0.00, '0000-00-00', NULL, 'ATIVO', 2, 28, 126),
	(8, 458, '04185057130', 'ANTONIO DE PADUA PEDROSO NETO', 0, NULL, 0.00, '0000-00-00', NULL, 'ATIVO', 2, 27, 128),
	(8, 459, '01513767194', 'AQUIRA VALADARES SILVA', 0, NULL, 0.00, '0000-00-00', NULL, 'ATIVO', 2, 28, 128),
	(8, 460, '03832227105', 'BETO DOUGLAS MONTELO DOS SANTOS', 0, NULL, 0.00, '0000-00-00', NULL, 'ATIVO', 2, 25, 128),
	(8, 461, '60584114168', 'CELIA FERNANDES NOGUEIRA', 0, NULL, 0.00, '0000-00-00', NULL, 'ATIVO', 2, 25, 128),
	(8, 462, '35139021153', 'CELSON JOSE RIBEIRO', 0, NULL, 0.00, '0000-00-00', NULL, 'ATIVO', 2, 25, 126),
	(8, 463, '81323875115', 'CLAYTON JUNIO OTONI DE LIMA', 0, NULL, 0.00, '0000-00-00', NULL, 'ATIVO', 2, 25, 128),
	(8, 464, '95632000397', 'DANUZIA FERNANDES DE SOUSA', 0, NULL, 0.00, '0000-00-00', NULL, 'ATIVO', 2, 25, 128),
	(8, 465, '56129785100', 'DARIO DE SOUZA CAMPOS', 0, NULL, 0.00, '0000-00-00', NULL, 'ATIVO', 2, 25, 128),
	(8, 466, '63099730530', 'EDNEI AUGUSTO MARTINS DE JESUS', 0, NULL, 0.00, '0000-00-00', NULL, 'ATIVO', 2, 25, 122),
	(8, 467, '79818692187', 'EDRIANA RODRIGUES DA COSTA', 0, NULL, 0.00, '0000-00-00', NULL, 'ATIVO', 2, 25, 128),
	(8, 468, '82869863187', 'ENIO LUIZ DE SOUZA FERNANDES', 0, NULL, 0.00, '0000-00-00', NULL, 'ATIVO', 2, 25, 128),
	(8, 469, '02725855136', 'ERNANDO NUNES BRAGA', 0, NULL, 0.00, '0000-00-00', NULL, 'ATIVO', 2, 25, 122),
	(8, 470, '95133496591', 'FABIO OLIVEIRA LIMA', 0, NULL, 0.00, '0000-00-00', NULL, 'ATIVO', 2, 25, 124),
	(8, 471, '37162748104', 'FRANCISCO JEFFERSON DA COSTA PINTO', 0, NULL, 0.00, '0000-00-00', NULL, 'ATIVO', 2, 26, 128),
	(8, 472, '02585313123', 'HENIO LUCAS SILVA MONTEIRO', 0, NULL, 0.00, '0000-00-00', NULL, 'ATIVO', 2, 25, 128),
	(8, 473, '65876385115', 'JESUS MOTA DOS SANTOS', 0, NULL, 0.00, '0000-00-00', NULL, 'ATIVO', 2, 26, 119),
	(8, 474, '61048232115', 'JOERBERT RODRIGUES MORAES', 0, NULL, 0.00, '0000-00-00', NULL, 'ATIVO', 2, 25, 128),
	(8, 475, '62007068168', 'JON WANE CLAUDIO LISBOA', 0, NULL, 0.00, '0000-00-00', NULL, 'ATIVO', 2, 25, 128),
	(8, 476, '03917805650', 'JOSE WILLIAS PEREIRA', 0, NULL, 0.00, '0000-00-00', NULL, 'ATIVO', 2, 25, 128),
	(8, 477, '57875286115', 'JULIO CESAR MIRANDA CASTRO ', 0, NULL, 0.00, '0000-00-00', NULL, 'ATIVO', 2, 26, 128),
	(8, 478, '71017526168', 'LADY LOPES SUDRE', 0, NULL, 0.00, '0000-00-00', NULL, 'ATIVO', 2, 25, 128),
	(8, 479, '62020510197', 'LAILSON JOSE SANTANA GUIMARAES', 0, NULL, 0.00, '0000-00-00', NULL, 'ATIVO', 2, 26, 128),
	(8, 480, '91946921149', 'LANA PATRICIA DE JESUS D. NASCIMENTO', 0, NULL, 0.00, '0000-00-00', NULL, 'ATIVO', 2, 25, 128),
	(8, 481, '69397651153', 'LUCIANA DOS SANTOS LELIS', 0, NULL, 0.00, '0000-00-00', NULL, 'ATIVO', 2, 25, 128),
	(8, 482, '70786828153', 'MARCELO DA SILVA MARTINS', 0, NULL, 0.00, '0000-00-00', NULL, 'ATIVO', 2, 26, 128),
	(8, 483, '69146640134', 'MARCELO TORRES AMORIM', 0, NULL, 0.00, '0000-00-00', NULL, 'ATIVO', 2, 25, 128),
	(8, 484, '88519430104', 'MARCIA REGINA TORQUATO DA SILVA', 0, NULL, 0.00, '0000-00-00', NULL, 'ATIVO', 2, 25, 128),
	(8, 485, '03709774160', 'MARCOS PAULO SALES COSTA', 0, NULL, 0.00, '0000-00-00', NULL, 'ATIVO', 2, 25, 128),
	(8, 486, '04329474182', 'MAYANNY CRISTHYNA MARTINS SANTOS', 0, NULL, 0.00, '0000-00-00', NULL, 'ATIVO', 2, 25, 128),
	(8, 487, '03473424340', 'NATALIA ISABELA RIBEIRO SILVA', 0, NULL, 0.00, '0000-00-00', NULL, 'ATIVO', 2, 25, 128),
	(8, 488, '44309597149', 'OZIRO GOMES DE SOUZA', 0, NULL, 0.00, '0000-00-00', NULL, 'ATIVO', 2, 25, 128),
	(8, 489, '92492150100', 'PATRICIA MATOS LIMA CARDOSO', 0, NULL, 0.00, '0000-00-00', NULL, 'ATIVO', 2, 25, 128),
	(8, 490, '00017030137', 'PAULO HENRIQUE S. D. SOUSA', 0, NULL, 0.00, '0000-00-00', NULL, 'ATIVO', 2, 25, 128),
	(8, 491, '88346170106', 'PAULO JUNIO DOS SANTOS COSTA', 0, NULL, 0.00, '0000-00-00', NULL, 'ATIVO', 2, 25, 128),
	(8, 492, '85756130144', 'PETERSON PEREIRA CHAGAS', 0, NULL, 0.00, '0000-00-00', NULL, 'ATIVO', 2, 26, 128),
	(8, 493, '68935455172', 'SANDRA DOS SANTOS FONSECA ROCHA', 0, NULL, 0.00, '0000-00-00', NULL, 'ATIVO', 2, 25, 128),
	(8, 494, '48029114168', 'SANDRO DA SILVA CONCEIÇAO', 0, NULL, 0.00, '0000-00-00', NULL, 'ATIVO', 2, 25, 128),
	(8, 495, '01987251164', 'SARA LAIZE VITOR SAMPAIO', 0, NULL, 0.00, '0000-00-00', NULL, 'ATIVO', 2, 25, 128),
	(8, 496, '68862261187', 'SILESIO MARCIO FERREIRA', 0, NULL, 0.00, '0000-00-00', NULL, 'ATIVO', 2, 25, 128),
	(8, 497, '28928295858', 'SILVANA VIANA DA SILVA', 0, NULL, 0.00, '0000-00-00', NULL, 'ATIVO', 2, 25, 128),
	(8, 498, '49074059104', 'SINVAL SILVA DOURADO', 0, NULL, 0.00, '0000-00-00', NULL, 'ATIVO', 2, 25, 128),
	(8, 499, '81022352334', 'VALDEMAR VERCIENE DE SOUSA LOPES', 0, NULL, 0.00, '0000-00-00', NULL, 'ATIVO', 2, 25, 128),
	(8, 500, '50417835191', 'VALDESON ALVES DOS SANTOS', 0, NULL, 0.00, '0000-00-00', NULL, 'ATIVO', 2, 25, 122),
	(8, 501, '37354310115', 'VALMEIRE ALVES DOS SANTOS', 0, NULL, 0.00, '0000-00-00', NULL, 'ATIVO', 2, 25, 128),
	(8, 502, '42821657153', 'VANDERLEI LOPES DE MENEZES', 0, NULL, 0.00, '0000-00-00', NULL, 'ATIVO', 2, 25, 128),
	(8, 503, '53827333172', 'FERNANDO VIEIRA DA SILVA', 0, NULL, 0.00, '1970-01-01', NULL, 'ATIVO', 2, 26, 128),
	(8, 504, '03227754690', 'JOSE PEDRO RIBEIRO DOS SANTOS', 0, NULL, 0.00, '1970-01-01', NULL, 'ATIVO', 2, 25, 128),
	(8, 505, '91600634168', 'ROZANGELA AMERICO DO CARMO', 0, NULL, 0.00, '1970-01-01', NULL, 'ATIVO', 2, 25, 122),
	(8, 506, '05790995128', 'VITOR HUGO BENFICA', 0, NULL, 0.00, '0000-00-00', NULL, 'ATIVO', 2, 25, 128),
	(8, 507, '72260726100', 'LUCIANO RODRIGUES DO NASCIMENTO', 0, NULL, 0.00, '1970-01-01', NULL, 'ATIVO', 2, 25, 124),
	(8, 508, '61057827134', 'ERIVALDO FERREIRA BRAGA', 0, NULL, 0.00, '1970-01-01', NULL, 'ATIVO', 2, 25, 128),
	(8, 509, '34302921153', 'ANA MARIA ALVES MARTINS', 0, NULL, 0.00, '1970-01-01', NULL, 'ATIVO', 2, 25, 128),
	(8, 510, '39322564172', 'HERBES NUNES CUNHA', 0, NULL, 0.00, '1970-01-01', NULL, 'ATIVO', 2, 25, 128),
	(8, 511, '04255770158', 'LUCIANA APARECIDA BENFICA MARTINS', 0, NULL, 0.00, '1970-01-01', NULL, 'ATIVO', 2, 25, 128),
	(8, 512, '97131687120', 'ANGELA RODRIGUES CORREIA ', 0, NULL, 0.00, '1970-01-01', NULL, 'ATIVO', 2, 25, 128),
	(8, 513, '81859236120', 'GISLENE ROCHA SANTOS', 0, NULL, 0.00, '1970-01-01', NULL, 'ATIVO', 2, 25, 128),
	(8, 514, '71533834172', 'JOZEAS RIBEIRO BARROS', 0, NULL, 0.00, '1970-01-01', NULL, 'ATIVO', 2, 25, 128),
	(8, 515, '44332033191', 'LUIZ ARAUJO DO NASCIMENTO', 0, NULL, 0.00, '1970-01-01', NULL, 'ATIVO', 2, 25, 128),
	(8, 516, '05918106626', 'SUELY GONSALVES DA SILVA', 0, NULL, 0.00, '1970-01-01', NULL, 'ATIVO', 2, 25, 128),
	(8, 517, '65123409734', 'ARIOSVALDO MALAQUIAS COSTA', 0, NULL, 0.00, '0000-00-00', NULL, 'ATIVO', 2, 25, 128),
	(6, 518, '69850666153', 'RENATA ALVES CARDOSO', 0, NULL, 0.00, '0000-00-00', NULL, 'ATIVO', 3, 17, 147),
	(6, 519, '03221968680', 'ANDRE LUIZ BRAGA', 0, NULL, 0.00, '0000-00-00', NULL, 'ATIVO', 3, 17, 136),
	(6, 520, '03593543192', 'MAYCON WALLYSON DE SOUZA BARROS', 0, NULL, 0.00, '0000-00-00', NULL, 'ATIVO', 3, 17, 147),
	(9, 539, '34885985862', 'Diego Carlos Pratico', 0, NULL, 0.00, '0000-00-00', NULL, 'ATIVO', 2, 32, 135),
	(9, 540, '92415903191', 'Eldes Rodrigues da Cruz', 0, NULL, 0.00, '0000-00-00', NULL, 'ATIVO', 2, 32, 135),
	(9, 541, '38163420197', 'Elioene Gonsalves da Silva', 0, NULL, 0.00, '0000-00-00', NULL, 'ATIVO', 2, 32, 135),
	(9, 542, '70465924115', 'Elmson de Oliveira Silva', 0, NULL, 0.00, '0000-00-00', NULL, 'ATIVO', 2, 33, 135),
	(9, 543, '24495697153', 'Jose Helio Martins de Brito', 0, NULL, 0.00, '0000-00-00', NULL, 'ATIVO', 2, 32, 135),
	(9, 544, '98904310172', 'Josseliza Farias Montelo', 0, NULL, 0.00, '0000-00-00', NULL, 'ATIVO', 2, 34, 135),
	(9, 545, '95924639134', 'Leonardo de Araujo', 0, NULL, 0.00, '0000-00-00', NULL, 'ATIVO', 2, 32, 135),
	(9, 546, '99366371191', 'Lidiane Mendes de Santana', 0, NULL, 0.00, '0000-00-00', NULL, 'ATIVO', 2, 32, 135),
	(9, 547, '87309785134', 'Lindomar Alves da Silva', 0, NULL, 0.00, '0000-00-00', NULL, 'ATIVO', 2, 32, 135),
	(9, 548, '95925465172', 'Lucilene Souza dos Santos', 0, NULL, 0.00, '0000-00-00', NULL, 'ATIVO', 2, 32, 135),
	(9, 549, '89307011753', 'Marcelo Pereira da Silva', 0, NULL, 0.00, '0000-00-00', NULL, 'ATIVO', 2, 32, 135),
	(9, 550, '79533272104', 'Marcelo Teles', 0, NULL, 0.00, '0000-00-00', NULL, 'ATIVO', 2, 33, 135),
	(9, 551, '89322517115', 'Marcio Clayton Barbosa Viana', 0, NULL, 0.00, '0000-00-00', NULL, 'ATIVO', 2, 32, 135),
	(9, 552, '01896438113', 'Marcio Cristiano Silva Melo', 0, NULL, 0.00, '0000-00-00', NULL, 'ATIVO', 2, 32, 135),
	(6, 553, '03299939173', 'ANDRESSA FERRARI FERREIRA', 0, NULL, 0.00, '0000-00-00', NULL, 'ATIVO', 3, 17, 147),
	(6, 554, '04441705107', 'LUIZ EDUARDO SÁ NASCIMENTO ', 0, NULL, 0.00, '0000-00-00', NULL, 'ATIVO', 3, 17, 147),
	(6, 555, '94796343172', 'ISMAEL BARBOSA DA SILVA', 0, NULL, 0.00, '0000-00-00', NULL, 'ATIVO', 3, 17, 140),
	(6, 556, '56408714153 ', 'ALONSO DIAS DOS SANTOS', 0, NULL, 0.00, '0000-00-00', NULL, 'ATIVO', 3, 18, 147),
	(6, 557, '99370891153', 'DAVI SAULO AGUIAR LIMA', 0, NULL, 0.00, '0000-00-00', NULL, 'ATIVO', 3, 17, 147),
	(6, 558, '07150370640', 'GABRIELLA EMILLY DE OLIVEIRA SANTOS', 0, NULL, 0.00, '0000-00-00', NULL, 'ATIVO', 3, 17, 147),
	(6, 559, '29136407100', 'JOAQUIM BARBOSA SOBRINHO', 0, NULL, 0.00, '0000-00-00', NULL, 'ATIVO', 3, 18, 147),
	(6, 560, '71310142149', 'JOSENI PAIXAO SILVA SANTOS', 0, NULL, 0.00, '0000-00-00', NULL, 'ATIVO', 3, 17, 147),
	(6, 561, '98347284172', 'SIVONEIDE ROQUE DA SILVA', 0, NULL, 0.00, '0000-00-00', NULL, 'ATIVO', 3, 17, 147),
	(6, 562, '05799092120', 'SARHA BRENDA CESILIANO DE ALMEIDA ', 0, NULL, 0.00, '0000-00-00', NULL, 'ATIVO', 3, 17, 147),
	(2, 563, '06026853111', 'BRUNNA LAUANNY SOUZA SILVA ', 0, NULL, 0.00, '2019-05-20', NULL, 'ATIVO', 2, 32, NULL),
	(2, 564, '03512038182', 'CLEIDIANA APARECIDA RODRIGUES DA SILVA', 0, NULL, 0.00, '2019-05-20', NULL, 'ATIVO', 2, 36, NULL),
	(2, 565, '25519152870', 'EDNEIA FERREIRA DOS SANTOS SANTANA', 0, NULL, 0.00, '2019-05-20', NULL, 'ATIVO', 2, 35, NULL),
	(2, 566, '98621505134', 'JOSELIA BARROS DA SILVA ', 0, NULL, 0.00, '2019-05-20', NULL, 'ATIVO', 2, 36, NULL),
	(2, 567, '00639444130', 'RAYANE DOS SANTOS MARTINS ', 0, NULL, 0.00, '2019-05-20', NULL, 'ATIVO', 2, 35, NULL),
	(2, 568, '02065431156', 'ROBERTA KAMILLA LIMA ARRUDA ', 0, NULL, 0.00, '2019-05-21', NULL, 'ATIVO', 2, 35, NULL),
	(2, 569, '71098151100', 'WANDERLEY GUEDES ', 0, NULL, 0.00, '2019-05-20', NULL, 'ATIVO', 2, 36, NULL),
	(10, 570, '01505004160', 'JULIA CRISTINA DA SILVA COSTA', 0, NULL, 0.00, '2019-05-20', NULL, 'ATIVO', 2, 35, 153),
	(10, 571, '04821692651', 'ROSELI RAMOS DE JESUS', 0, NULL, 0.00, '2019-05-20', NULL, 'ATIVO', 2, 36, 153),
	(10, 572, '06026853111', 'BRUNNA LAUANNY SOUZA SILVA ', 0, NULL, 0.00, '2019-05-20', NULL, 'ATIVO', 2, 35, 153),
	(10, 573, '03512038182', 'CLEIDIANA APARECIDA RODRIGUES DA SILVA', 0, NULL, 0.00, '2019-05-20', NULL, 'ATIVO', 2, 36, 153),
	(10, 574, '25519152870', 'EDNEIA FERREIRA DOS SANTOS SANTANA ', 0, NULL, 0.00, '2019-07-01', NULL, 'ATIVO', 2, 35, 153),
	(10, 575, '98621505134', 'JOSELIA BARROS DA SILVA ', 0, NULL, 0.00, '2019-05-20', NULL, 'ATIVO', 2, 36, 153),
	(10, 576, '01505004160', 'ROSELI RAMOS DE JESUS ', 0, NULL, 0.00, '2019-05-20', NULL, 'EXCLUIDO', 2, 35, NULL),
	(10, 577, '00639444130', 'RAYANE DOS SANTOS MARTINS ', 0, NULL, 0.00, '2019-05-20', NULL, 'ATIVO', 2, 35, 153),
	(10, 578, '02065431156', 'ROBERTA KAMILLA LIMA ARRUDA', 0, NULL, 0.00, '2019-05-21', NULL, 'ATIVO', 2, 35, 153),
	(10, 579, '71098151100', 'WANDERLEY GUEDES ', 0, NULL, 0.00, '2019-05-20', NULL, 'ATIVO', 2, 36, 153),
	(2, 580, '05757197102', 'ARIELLE DE JESUS SANTOS', 0, NULL, 0.00, '2019-08-12', NULL, 'ATIVO', 2, 35, NULL),
	(10, 581, '02093656175', 'JOEDISON SILVA DAS NEVES', 0, NULL, 0.00, '2019-05-20', NULL, 'ATIVO', 2, 35, 153),
	(10, 582, '05757197102', 'ARIELLE DE JESUS SANTOS', 0, NULL, 0.00, '2019-08-12', NULL, 'EXCLUIDO', 2, 35, 149),
	(12, 583, '56361670163', 'Seu Zé', 0, NULL, 0.00, '0000-00-00', NULL, 'ATIVO', 4, 37, 157),
	(12, 584, '52424928134', 'Dona Maria', 0, NULL, 0.00, '0000-00-00', NULL, 'ATIVO', 4, 37, 157);
/*!40000 ALTER TABLE `empregados` ENABLE KEYS */;

-- Copiando estrutura para tabela contavinculada.empresas
DROP TABLE IF EXISTS `empresas`;
CREATE TABLE IF NOT EXISTS `empresas` (
  `id_empresa` int(11) NOT NULL AUTO_INCREMENT,
  `cnpj` varchar(18) COLLATE utf16_bin NOT NULL,
  `razao` varchar(50) COLLATE utf16_bin NOT NULL,
  `endereco` varchar(100) COLLATE utf16_bin DEFAULT NULL,
  `cidade` varchar(50) COLLATE utf16_bin DEFAULT NULL,
  `estado` varchar(2) COLLATE utf16_bin DEFAULT NULL,
  `cep` varchar(10) COLLATE utf16_bin DEFAULT NULL,
  `telefone` varchar(15) COLLATE utf16_bin DEFAULT NULL,
  `nome_contato` varchar(50) COLLATE utf16_bin DEFAULT NULL,
  `telefone_contato` varchar(15) COLLATE utf16_bin DEFAULT NULL,
  `email` varchar(50) COLLATE utf16_bin DEFAULT NULL,
  `status_empresa` varchar(10) COLLATE utf16_bin NOT NULL,
  PRIMARY KEY (`id_empresa`)
) ENGINE=InnoDB AUTO_INCREMENT=13 DEFAULT CHARSET=utf16 COLLATE=utf16_bin;

-- Copiando dados para a tabela contavinculada.empresas: ~12 rows (aproximadamente)
/*!40000 ALTER TABLE `empresas` DISABLE KEYS */;
INSERT INTO `empresas` (`id_empresa`, `cnpj`, `razao`, `endereco`, `cidade`, `estado`, `cep`, `telefone`, `nome_contato`, `telefone_contato`, `email`, `status_empresa`) VALUES
	(1, '13.258.899/0001-99', 'SEFIX - GESTÃO DE PROFISSIONAIS EIRELLI - EPP', 'Setor de Indústria Bernardo Sayão, Quadra 03, Conjunto C, Lote 12, parte', 'Brasília', 'DF', '71.736-303', '(61) 03234-3202', '', '', 'comercial@gruposefix.com.br', 'EXCLUIDO'),
	(2, '13.258.899/0001-99', 'SEFIX - GESTÃO DE PROFISSIONAIS EIRELI - EPP', 'Setor de Indústria Bernardo Sayão, Quadra 03, Conjunto C, Lote 12', 'Brasília', '', '71.736-303', '(61) 03234-3202', '', '', 'comercial@gruposefix.com.br', 'ATIVO'),
	(3, '32.913.188/0001-55', 'TECNOLTA EQUIPAMENTOS ELETRÔNICOS LTDA.', 'SHCG/N Quadra 710/711, bloco H, nº 35 - Asa Norte', 'Brasília', 'DF', '70.750-680', '(61) 3273-2799', '', '', 'hugo.ribeiro@tecnolta.com.br', 'ATIVO'),
	(4, '13.258.899/0001-99', 'teste', 'QI', 'Brasília', 'DF', '72.060-911', '(61) 99259-5444', '', '', 'marcelofv0505@gmail.com', 'ATIVO'),
	(5, '00.394.684/0001-53', 'Empresa TESTE', 'QI', 'Brasília', '', '72.060-911', '(61) 99259-5444', '', '', 'marcelofv0505@gmail.com', 'EXCLUIDO'),
	(6, '72.591.894/0001-42', 'Empresa Brigada Teste', 'Anexo do Palácio do Buriti, Sala Teste', 'Brasília', 'DF', '70.075-900', '(61) 3313-8470', '', '', 'renato.ribeiro@sefp.df.gov.br', 'ATIVO'),
	(7, '06.091.637/0001-17', 'WR COMERCIAL DE ALIMENTOS ', 'ADE - CONJUNTO 10 - LOTE 10/11 - ÁGUAS CLARAS', 'Brasília', 'DF', '71.986-180', '(61) 3354-1967', '', '', 'faturamento@wrcomercial.com.br', 'ATIVO'),
	(8, '02.282.727/0001-34', 'ZEPIM SEGURANÇA E VIGILÂNCIA ', 'SMPW/SUL CL  - TRECHO 03 -  BLOCO B - LOJA 54/55', 'NÚCLEO BANDEIRANTE', '', '', '(61) 3386-5965', '', '', 'financeiro@zepim.com.br', 'ATIVO'),
	(9, '31.546.484/0001-00', 'CONFEDERAL VIGIL T VALORES LTDA', 'SAAN - Q 03 - LOTE 320  - ASA NORTE', 'Brasília', 'DF', '70.632-300', '(61) 3403-7277', '', '', 'confederal.df@confederal.com.br', 'ATIVO'),
	(10, '05.197.731/0001-92', 'RIBEIRO LEMOS INTERMEDIAÇÕES DE NEGÓCIOS', 'ESTRADA DOS TRES RIOS, 01200 - SAL 0218 - FREGUESIA (JACAREPAGUA)', 'RIO DE JANEIRO', 'RJ', '22.745-005', '(21) 2143-1121', '', '', 'setorpublico@ribeirolemosservicos.com.br', 'ATIVO'),
	(11, '45.614.452/0001-00', 'Empresa Qualquer', 'xxx', 'Brasília', 'DF', '72.060-911', '(61) 99259-5444', '', '', 'marcelofv0505@gmail.com', 'ATIVO'),
	(12, '45.614.452/0001-00', 'Empresa qualquer', 'xxx', 'Brasília', 'DF', '72.060-911', '(61) 99259-5444', '', '', 'marcelofv0505@gmail.com', 'ATIVO');
/*!40000 ALTER TABLE `empresas` ENABLE KEYS */;

-- Copiando estrutura para tabela contavinculada.encargos
DROP TABLE IF EXISTS `encargos`;
CREATE TABLE IF NOT EXISTS `encargos` (
  `id_cliente` int(11) NOT NULL,
  `id_encargo` int(11) NOT NULL AUTO_INCREMENT,
  `percentual_encargo` decimal(10,2) DEFAULT NULL,
  `nome_encargo` varchar(50) COLLATE utf16_bin NOT NULL,
  `insere_automatico_contrato` tinyint(4) DEFAULT '1',
  `status_encargo` varchar(10) COLLATE utf16_bin NOT NULL,
  `id_captura` int(11) DEFAULT NULL,
  PRIMARY KEY (`id_encargo`,`id_cliente`),
  KEY `fk_encargos_clientes1_idx` (`id_cliente`),
  CONSTRAINT `fk_encargos_clientes1` FOREIGN KEY (`id_cliente`) REFERENCES `clientes` (`id_cliente`) ON DELETE NO ACTION ON UPDATE NO ACTION
) ENGINE=InnoDB AUTO_INCREMENT=39 DEFAULT CHARSET=utf16 COLLATE=utf16_bin;

-- Copiando dados para a tabela contavinculada.encargos: ~34 rows (aproximadamente)
/*!40000 ALTER TABLE `encargos` DISABLE KEYS */;
INSERT INTO `encargos` (`id_cliente`, `id_encargo`, `percentual_encargo`, `nome_encargo`, `insere_automatico_contrato`, `status_encargo`, `id_captura`) VALUES
	(2, 1, 20.00, 'INSS', 1, 'ATIVO', NULL),
	(2, 2, 2.50, 'Salário Educação', 1, 'ATIVO', NULL),
	(2, 3, 4.21, 'SAT', 1, 'ATIVO', NULL),
	(2, 4, 1.50, 'SESC ou SESI', 1, 'ATIVO', NULL),
	(2, 5, 1.00, 'SENAI - SENAC', 1, 'ATIVO', NULL),
	(2, 6, 0.60, 'SEBRAE', 1, 'ATIVO', NULL),
	(2, 7, 0.20, 'INCRA', 1, 'ATIVO', NULL),
	(2, 8, 8.00, 'FGTS', 1, 'ATIVO', NULL),
	(2, 9, 1.00, 'SAT', 0, 'EXCLUIDO', NULL),
	(2, 10, 0.50, 'SAT TECNOLTA', 0, 'ATIVO', NULL),
	(1, 11, 30.00, 'unico', 0, 'ATIVO', NULL),
	(3, 12, 20.00, 'INSS', 1, 'ATIVO', NULL),
	(3, 13, 2.50, 'Salário Educação', 1, 'ATIVO', NULL),
	(3, 14, 4.21, 'SAT', 1, 'ATIVO', NULL),
	(3, 15, 1.50, 'SESC ou SESI', 1, 'ATIVO', NULL),
	(3, 16, 1.00, 'SENAI - SENAC', 1, 'ATIVO', NULL),
	(3, 17, 0.60, 'SEBRAE', 1, 'ATIVO', NULL),
	(3, 18, 0.20, 'INCRA', 1, 'ATIVO', NULL),
	(3, 19, 8.00, 'FGTS', 1, 'ATIVO', NULL),
	(3, 20, 1.00, 'SAT 1%', 0, 'ATIVO', NULL),
	(3, 21, 2.00, 'Sat 2%', 0, 'ATIVO', NULL),
	(1, 22, 20.00, 'INSS', 1, 'ATIVO', NULL),
	(1, 23, 2.50, 'Salário Educação', 1, 'ATIVO', NULL),
	(1, 24, 4.21, 'SAT', 1, 'ATIVO', NULL),
	(1, 25, 1.50, 'SESC ou SESI', 1, 'ATIVO', NULL),
	(1, 26, 1.00, 'SENAI - SENAC', 1, 'ATIVO', NULL),
	(1, 27, 0.60, 'SEBRAE', 1, 'ATIVO', NULL),
	(1, 28, 0.20, 'INCRA', 1, 'ATIVO', NULL),
	(1, 29, 8.00, 'FGTS', 1, 'ATIVO', NULL),
	(4, 30, 20.00, 'INSS', 1, 'ATIVO', NULL),
	(4, 31, 2.50, 'Salário Educação', 1, 'ATIVO', NULL),
	(4, 32, 4.21, 'SAT', 1, 'EXCLUIDO', NULL),
	(4, 33, 1.50, 'SESC ou SESI', 1, 'ATIVO', NULL),
	(4, 34, 1.00, 'SENAI-SENAC', 1, 'ATIVO', NULL),
	(4, 35, 0.60, 'SEBRAE', 1, 'ATIVO', NULL),
	(4, 36, 0.20, 'INCRA', 1, 'ATIVO', NULL),
	(4, 37, 8.00, 'FGTS', 1, 'ATIVO', NULL),
	(4, 38, 4.21, 'SAT', 1, 'ATIVO', NULL);
/*!40000 ALTER TABLE `encargos` ENABLE KEYS */;

-- Copiando estrutura para tabela contavinculada.historico_captura
DROP TABLE IF EXISTS `historico_captura`;
CREATE TABLE IF NOT EXISTS `historico_captura` (
  `id_captura` int(11) NOT NULL AUTO_INCREMENT,
  `id_cliente` int(11) NOT NULL,
  `id_empresa` int(11) NOT NULL,
  `id_contrato` int(11) NOT NULL,
  `datahora` datetime NOT NULL,
  `mes` varchar(2) COLLATE utf16_bin DEFAULT NULL,
  `ano` varchar(4) COLLATE utf16_bin DEFAULT NULL,
  `historico` varchar(10000) COLLATE utf16_bin DEFAULT NULL,
  `status_captura` varchar(100) COLLATE utf16_bin NOT NULL,
  PRIMARY KEY (`id_captura`),
  KEY `fk_historico_captura_clientes_empresas1` (`id_cliente`,`id_empresa`),
  CONSTRAINT `fk_historico_captura_clientes_empresas1` FOREIGN KEY (`id_cliente`, `id_empresa`) REFERENCES `clientes_empresas` (`id_cliente`, `id_empresa`) ON DELETE NO ACTION ON UPDATE NO ACTION
) ENGINE=InnoDB AUTO_INCREMENT=157 DEFAULT CHARSET=utf16 COLLATE=utf16_bin;

-- Copiando dados para a tabela contavinculada.historico_captura: ~56 rows (aproximadamente)
/*!40000 ALTER TABLE `historico_captura` DISABLE KEYS */;
INSERT INTO `historico_captura` (`id_captura`, `id_cliente`, `id_empresa`, `id_contrato`, `datahora`, `mes`, `ano`, `historico`, `status_captura`) VALUES
	(1, 2, 2, 1, '2019-06-11 11:28:25', '5', '2019', 'CPF: 12460250012', 'CPF Inválido'),
	(2, 2, 2, 1, '2019-06-11 11:30:26', '5', '2019', 'CPF: 13013527985', 'CPF Inválido'),
	(3, 2, 2, 1, '2019-06-11 11:31:10', '5', '2019', 'CPF: 13013527985', 'CPF Inválido'),
	(5, 2, 3, 2, '2019-06-12 18:10:04', '6', '2018', 'Cargo:  Operador de Fotocopiadora Turno: 1', 'Cargo inexistente'),
	(6, 2, 3, 2, '2019-06-12 18:12:08', '6', '2018', 'Planilha capturada.', 'Sucesso'),
	(13, 2, 3, 2, '2019-06-13 09:35:21', '7', '2018', 'Planilha capturada.', 'Sucesso'),
	(14, 2, 3, 2, '2019-06-13 09:39:42', '8', '2018', 'Planilha capturada.', 'Sucesso'),
	(15, 2, 3, 2, '2019-06-13 09:42:07', '9', '2018', 'Planilha capturada.', 'Sucesso'),
	(16, 2, 3, 2, '2019-06-13 09:43:16', '10', '2018', 'Planilha capturada.', 'Sucesso'),
	(17, 2, 3, 2, '2019-06-13 09:44:48', '11', '2018', 'Planilha capturada.', 'Sucesso'),
	(18, 2, 3, 2, '2019-06-13 09:47:19', '12', '2018', 'Planilha capturada.', 'Sucesso'),
	(23, 2, 3, 2, '2019-06-13 11:42:39', '1', '2019', 'Planilha capturada.', 'Sucesso'),
	(24, 2, 3, 2, '2019-06-13 12:01:47', '2', '2019', 'Planilha capturada.', 'Sucesso'),
	(25, 2, 3, 2, '2019-06-13 12:09:32', '3', '2019', 'Planilha capturada.', 'Sucesso'),
	(26, 2, 3, 2, '2019-06-13 12:13:00', '4', '2019', 'Planilha capturada.', 'Sucesso'),
	(61, 1, 4, 3, '2019-07-02 14:44:02', '11', '2017', 'Planilha capturada.', 'Sucesso'),
	(63, 3, 6, 6, '2019-07-02 15:11:54', '8', '2017', 'Planilha capturada.', 'Sucesso'),
	(64, 3, 6, 6, '2019-07-02 15:12:21', '9', '2017', 'Planilha capturada.', 'Sucesso'),
	(65, 3, 6, 6, '2019-07-02 15:12:47', '10', '2017', 'Planilha capturada.', 'Sucesso'),
	(66, 3, 6, 6, '2019-07-02 15:13:21', '11', '2017', 'Planilha capturada.', 'Sucesso'),
	(67, 3, 6, 6, '2019-07-02 15:23:40', '12', '2017', 'Planilha capturada.', 'Sucesso'),
	(68, 1, 4, 3, '2019-07-03 14:50:52', '10', '2017', 'Planilha capturada.', 'Sucesso'),
	(69, 1, 4, 3, '2019-07-03 15:09:49', '11', '2017', 'Planilha capturada.', 'Sucesso'),
	(70, 1, 4, 3, '2019-07-03 15:23:04', '1', '2018', 'Planilha capturada.', 'Sucesso'),
	(75, 2, 3, 2, '2019-07-09 14:34:51', '5', '2019', 'Planilha capturada.', 'Sucesso'),
	(82, 2, 7, 8, '2019-07-10 14:46:47', '1', '2019', 'Planilha capturada.', 'Sucesso'),
	(83, 2, 7, 8, '2019-07-10 14:48:55', '2', '2019', 'Planilha capturada.', 'Sucesso'),
	(84, 2, 7, 8, '2019-07-10 15:53:52', '3', '2019', 'Planilha capturada.', 'Sucesso'),
	(85, 2, 7, 8, '2019-07-10 15:54:35', '4', '2019', 'Planilha capturada.', 'Sucesso'),
	(86, 2, 7, 8, '2019-07-10 15:54:59', '5', '2019', 'Planilha capturada.', 'Sucesso'),
	(114, 2, 8, 9, '2019-07-18 11:03:32', '10', '2018', 'Planilha capturada.', 'Sucesso'),
	(119, 2, 8, 9, '2019-07-18 12:39:07', '11', '2018', 'Planilha capturada.', 'Sucesso'),
	(121, 2, 8, 9, '2019-07-18 14:45:55', '12', '2018', 'Planilha capturada.', 'Sucesso'),
	(122, 2, 8, 9, '2019-07-19 15:03:03', '1', '2019', 'Planilha capturada.', 'Sucesso'),
	(124, 2, 8, 9, '2019-07-19 15:50:14', '2', '2019', 'Planilha capturada.', 'Sucesso'),
	(126, 2, 8, 9, '2019-07-19 18:18:18', '3', '2019', 'Planilha capturada.', 'Sucesso'),
	(127, 2, 8, 9, '2019-07-22 13:50:03', '4', '2019', 'Planilha capturada.', 'Sucesso'),
	(128, 2, 8, 9, '2019-07-22 14:07:12', '5', '2019', 'Planilha capturada.', 'Sucesso'),
	(129, 3, 6, 6, '2019-07-23 22:03:13', '1', '2018', 'Cargo: BOMBEIRO BRIGADISTA Turno: 1', 'Cargo inexistente'),
	(130, 3, 6, 6, '2019-07-23 22:13:51', '1', '2018', 'Cargo: BOMBEIRO BRIGADISTA Turno: 1', 'Cargo inexistente'),
	(131, 3, 6, 6, '2019-07-23 22:18:27', '1', '2018', 'Planilha capturada.', 'Sucesso'),
	(132, 3, 6, 6, '2019-07-23 22:40:17', '2', '2018', 'Planilha capturada.', 'Sucesso'),
	(135, 2, 9, 11, '2019-08-01 14:10:25', '11', '2018', 'Planilha capturada.', 'Sucesso'),
	(136, 3, 6, 6, '2019-08-02 14:48:23', '3', '2018', 'Planilha capturada.', 'Sucesso'),
	(137, 3, 6, 6, '2019-08-02 15:21:50', '4', '2018', 'Planilha capturada.', 'Sucesso'),
	(138, 3, 6, 6, '2019-08-02 15:43:21', '5', '2018', 'Planilha capturada.', 'Sucesso'),
	(139, 3, 6, 6, '2019-08-02 16:36:24', '6', '2018', 'Planilha capturada.', 'Sucesso'),
	(140, 3, 6, 6, '2019-08-02 18:10:09', '7', '2018', 'Planilha capturada.', 'Sucesso'),
	(141, 3, 6, 6, '2019-08-02 18:24:32', '8', '2018', 'Planilha capturada.', 'Sucesso'),
	(142, 3, 6, 6, '2019-08-02 18:31:01', '9', '2018', 'Planilha capturada.', 'Sucesso'),
	(143, 3, 6, 6, '2019-08-02 18:36:43', '10', '2018', 'Planilha capturada.', 'Sucesso'),
	(144, 3, 6, 6, '2019-08-02 18:41:29', '11', '2018', 'CPF: 57999092120', 'CPF Inválido'),
	(145, 3, 6, 6, '2019-08-02 18:53:38', '12', '2018', 'CPF: 57999092120', 'CPF Inválido'),
	(146, 3, 6, 6, '2019-08-05 18:20:34', '11', '2018', 'Planilha capturada.', 'Sucesso'),
	(147, 3, 6, 6, '2019-08-05 18:21:07', '12', '2018', 'Planilha capturada.', 'Sucesso'),
	(152, 2, 10, 12, '2019-08-19 15:18:37', '5', '2019', 'Planilha capturada.', 'Sucesso'),
	(153, 2, 10, 12, '2019-08-19 15:19:02', '6', '2019', 'Planilha capturada.', 'Sucesso'),
	(156, 4, 12, 13, '2019-11-29 17:52:27', '1', '2019', 'Planilha capturada.', 'Sucesso');
/*!40000 ALTER TABLE `historico_captura` ENABLE KEYS */;

-- Copiando estrutura para tabela contavinculada.indices
DROP TABLE IF EXISTS `indices`;
CREATE TABLE IF NOT EXISTS `indices` (
  `id_cliente` int(11) NOT NULL,
  `id_indice` int(11) NOT NULL AUTO_INCREMENT,
  `nome_indice` varchar(50) COLLATE utf16_bin NOT NULL,
  `percentual_indice` decimal(10,2) DEFAULT NULL,
  `status_indice` varchar(10) COLLATE utf16_bin NOT NULL,
  PRIMARY KEY (`id_indice`,`id_cliente`),
  KEY `fk_indices_clientes1_idx` (`id_cliente`),
  CONSTRAINT `fk_indices_clientes1` FOREIGN KEY (`id_cliente`) REFERENCES `clientes` (`id_cliente`) ON DELETE NO ACTION ON UPDATE NO ACTION
) ENGINE=InnoDB DEFAULT CHARSET=utf16 COLLATE=utf16_bin;

-- Copiando dados para a tabela contavinculada.indices: ~0 rows (aproximadamente)
/*!40000 ALTER TABLE `indices` DISABLE KEYS */;
/*!40000 ALTER TABLE `indices` ENABLE KEYS */;

-- Copiando estrutura para tabela contavinculada.lancamentos
DROP TABLE IF EXISTS `lancamentos`;
CREATE TABLE IF NOT EXISTS `lancamentos` (
  `id_lancamento` int(11) NOT NULL AUTO_INCREMENT,
  `id_cliente` int(11) NOT NULL,
  `id_empresa` int(11) NOT NULL,
  `id_contrato` int(11) NOT NULL,
  `id_empregado` int(11) NOT NULL,
  `id_captura` int(11) DEFAULT NULL,
  `remuneracao` decimal(10,2) NOT NULL,
  `dias_trabalhados` int(11) NOT NULL,
  `decimo_terceiro` decimal(10,2) DEFAULT NULL,
  `liberacao_decimo_terceiro` decimal(10,2) DEFAULT NULL,
  `liberacao_ferias_abono` decimal(10,2) DEFAULT NULL,
  `ferias_abono` decimal(10,2) DEFAULT NULL,
  `multa_FGTS` decimal(10,2) DEFAULT NULL,
  `liberacao_multa_FGTS` decimal(10,2) DEFAULT NULL,
  `impacto_encargos_13` decimal(10,2) DEFAULT NULL,
  `liberacao_impacto_encargos_13` decimal(10,2) DEFAULT NULL,
  `impacto_ferias_abono` decimal(10,2) DEFAULT NULL,
  `liberacao_impacto_ferias_abono` decimal(10,2) DEFAULT NULL,
  `ano` char(4) COLLATE utf16_bin NOT NULL,
  `mes` char(2) COLLATE utf16_bin NOT NULL,
  PRIMARY KEY (`id_lancamento`,`id_cliente`,`id_empresa`,`id_contrato`,`id_empregado`,`ano`,`mes`)
) ENGINE=InnoDB AUTO_INCREMENT=2554 DEFAULT CHARSET=utf16 COLLATE=utf16_bin;

-- Copiando dados para a tabela contavinculada.lancamentos: ~1.577 rows (aproximadamente)
/*!40000 ALTER TABLE `lancamentos` DISABLE KEYS */;
INSERT INTO `lancamentos` (`id_lancamento`, `id_cliente`, `id_empresa`, `id_contrato`, `id_empregado`, `id_captura`, `remuneracao`, `dias_trabalhados`, `decimo_terceiro`, `liberacao_decimo_terceiro`, `liberacao_ferias_abono`, `ferias_abono`, `multa_FGTS`, `liberacao_multa_FGTS`, `impacto_encargos_13`, `liberacao_impacto_encargos_13`, `impacto_ferias_abono`, `liberacao_impacto_ferias_abono`, `ano`, `mes`) VALUES
	(1, 1, 4, 3, 11, 61, 100.00, 30, 8.33, NULL, NULL, 11.11, 4.00, NULL, 2.50, NULL, 3.33, NULL, '2017', '11'),
	(2, 1, 4, 3, 177, 68, 200.00, 30, 16.66, NULL, NULL, 22.22, 8.00, NULL, 5.00, NULL, 6.67, NULL, '2017', '10'),
	(3, 1, 4, 3, 177, 69, 100.00, 15, 8.33, 8.33, NULL, 11.11, 4.00, NULL, 2.50, 2.50, 3.33, NULL, '2017', '11'),
	(4, 1, 4, 3, 177, 70, 100.00, 15, 8.33, NULL, NULL, 11.11, 4.00, NULL, 2.50, NULL, 3.33, NULL, '2018', '01'),
	(5, 2, 3, 2, 4, 6, 972.00, 27, 80.97, NULL, NULL, 107.99, 38.88, NULL, 30.78, NULL, 41.05, NULL, '2018', '06'),
	(6, 2, 3, 2, 4, 13, 648.00, 18, 53.98, NULL, NULL, 71.99, 25.92, NULL, 20.52, NULL, 27.36, NULL, '2018', '07'),
	(7, 2, 3, 2, 4, 14, 1080.00, 30, 89.96, NULL, NULL, 119.99, 43.20, NULL, 34.20, NULL, 45.61, NULL, '2018', '08'),
	(8, 2, 3, 2, 4, 15, 1080.00, 30, 89.96, NULL, NULL, 119.99, 43.20, NULL, 34.20, NULL, 45.61, NULL, '2018', '09'),
	(9, 2, 3, 2, 4, 16, 1080.00, 30, 89.96, NULL, NULL, 119.99, 43.20, NULL, 34.20, NULL, 45.61, NULL, '2018', '10'),
	(10, 2, 3, 2, 4, 17, 1080.00, 30, 89.96, NULL, NULL, 119.99, 43.20, NULL, 34.20, NULL, 45.61, NULL, '2018', '11'),
	(11, 2, 3, 2, 4, 18, 1080.00, 30, 89.96, NULL, NULL, 119.99, 43.20, NULL, 34.20, NULL, 45.61, NULL, '2018', '12'),
	(12, 2, 3, 2, 4, 23, 1163.51, 30, 96.92, 0.00, NULL, 129.27, 46.54, NULL, 36.84, 0.00, 49.13, NULL, '2019', '01'),
	(13, 2, 3, 2, 4, 24, 1163.51, 30, 96.92, NULL, NULL, 129.27, 46.54, NULL, 36.84, NULL, 49.13, NULL, '2019', '02'),
	(14, 2, 3, 2, 4, 25, 1163.51, 30, 96.92, NULL, NULL, 129.27, 46.54, NULL, 36.84, NULL, 49.13, NULL, '2019', '03'),
	(15, 2, 3, 2, 4, 26, 1163.51, 30, 96.92, NULL, NULL, 129.27, 46.54, NULL, 36.84, NULL, 49.13, NULL, '2019', '04'),
	(16, 2, 3, 2, 4, 75, 1163.51, 30, 96.92, NULL, NULL, 129.27, 46.54, NULL, 36.84, NULL, 49.13, NULL, '2019', '05'),
	(17, 2, 3, 2, 5, 6, 972.00, 27, 80.97, NULL, NULL, 107.99, 38.88, NULL, 30.78, NULL, 41.05, NULL, '2018', '06'),
	(18, 2, 3, 2, 5, 13, 1080.00, 30, 89.96, NULL, NULL, 119.99, 43.20, NULL, 34.20, NULL, 45.61, NULL, '2018', '07'),
	(19, 2, 3, 2, 5, 14, 1080.00, 30, 89.96, NULL, NULL, 119.99, 43.20, NULL, 34.20, NULL, 45.61, NULL, '2018', '08'),
	(20, 2, 3, 2, 5, 15, 1080.00, 30, 89.96, NULL, NULL, 119.99, 43.20, NULL, 34.20, NULL, 45.61, NULL, '2018', '09'),
	(21, 2, 3, 2, 5, 16, 1080.00, 30, 89.96, NULL, NULL, 119.99, 43.20, NULL, 34.20, NULL, 45.61, NULL, '2018', '10'),
	(22, 2, 3, 2, 5, 17, 1080.00, 30, 89.96, NULL, NULL, 119.99, 43.20, NULL, 34.20, NULL, 45.61, NULL, '2018', '11'),
	(23, 2, 3, 2, 5, 18, 1080.00, 30, 89.96, NULL, NULL, 119.99, 43.20, NULL, 34.20, NULL, 45.61, NULL, '2018', '12'),
	(24, 2, 3, 2, 5, 23, 1163.51, 30, 96.92, 0.00, NULL, 129.27, 46.54, NULL, 36.84, 0.00, 49.13, NULL, '2019', '01'),
	(25, 2, 3, 2, 5, 24, 1163.51, 30, 96.92, NULL, NULL, 129.27, 46.54, NULL, 36.84, NULL, 49.13, NULL, '2019', '02'),
	(26, 2, 3, 2, 5, 25, 1163.51, 30, 96.92, NULL, NULL, 129.27, 46.54, NULL, 36.84, NULL, 49.13, NULL, '2019', '03'),
	(27, 2, 3, 2, 5, 26, 1163.51, 30, 96.92, NULL, NULL, 129.27, 46.54, NULL, 36.84, NULL, 49.13, NULL, '2019', '04'),
	(28, 2, 3, 2, 5, 75, 1163.51, 30, 96.92, NULL, NULL, 129.27, 46.54, NULL, 36.84, NULL, 49.13, NULL, '2019', '05'),
	(29, 2, 3, 2, 6, 6, 972.00, 27, 80.97, NULL, NULL, 107.99, 38.88, NULL, 30.78, NULL, 41.05, NULL, '2018', '06'),
	(30, 2, 3, 2, 6, 13, 1080.00, 30, 89.96, NULL, NULL, 119.99, 43.20, NULL, 34.20, NULL, 45.61, NULL, '2018', '07'),
	(31, 2, 3, 2, 6, 14, 1080.00, 30, 89.96, NULL, NULL, 119.99, 43.20, NULL, 34.20, NULL, 45.61, NULL, '2018', '08'),
	(32, 2, 3, 2, 6, 15, 1080.00, 30, 89.96, NULL, NULL, 119.99, 43.20, NULL, 34.20, NULL, 45.61, NULL, '2018', '09'),
	(33, 2, 3, 2, 6, 16, 1080.00, 30, 89.96, NULL, NULL, 119.99, 43.20, NULL, 34.20, NULL, 45.61, NULL, '2018', '10'),
	(34, 2, 3, 2, 6, 17, 1080.00, 30, 89.96, NULL, NULL, 119.99, 43.20, NULL, 34.20, NULL, 45.61, NULL, '2018', '11'),
	(35, 2, 3, 2, 6, 18, 1080.00, 30, 89.96, NULL, NULL, 119.99, 43.20, NULL, 34.20, NULL, 45.61, NULL, '2018', '12'),
	(36, 2, 3, 2, 6, 23, 1163.51, 30, 96.92, 0.00, NULL, 129.27, 46.54, NULL, 36.84, 0.00, 49.13, NULL, '2019', '01'),
	(37, 2, 3, 2, 6, 24, 1163.51, 30, 96.92, NULL, NULL, 129.27, 46.54, NULL, 36.84, NULL, 49.13, NULL, '2019', '02'),
	(38, 2, 3, 2, 6, 25, 1163.51, 30, 96.92, NULL, NULL, 129.27, 46.54, NULL, 36.84, NULL, 49.13, NULL, '2019', '03'),
	(39, 2, 3, 2, 6, 26, 1163.51, 30, 96.92, NULL, NULL, 129.27, 46.54, NULL, 36.84, NULL, 49.13, NULL, '2019', '04'),
	(40, 2, 3, 2, 6, 75, 1163.51, 30, 96.92, NULL, NULL, 129.27, 46.54, NULL, 36.84, NULL, 49.13, NULL, '2019', '05'),
	(41, 2, 3, 2, 7, 6, 972.00, 27, 80.97, NULL, NULL, 107.99, 38.88, NULL, 30.78, NULL, 41.05, NULL, '2018', '06'),
	(42, 2, 3, 2, 7, 13, 1080.00, 30, 89.96, NULL, NULL, 119.99, 43.20, NULL, 34.20, NULL, 45.61, NULL, '2018', '07'),
	(43, 2, 3, 2, 7, 14, 1080.00, 30, 89.96, NULL, NULL, 119.99, 43.20, NULL, 34.20, NULL, 45.61, NULL, '2018', '08'),
	(44, 2, 3, 2, 7, 15, 1080.00, 30, 89.96, NULL, NULL, 119.99, 43.20, NULL, 34.20, NULL, 45.61, NULL, '2018', '09'),
	(45, 2, 3, 2, 7, 16, 1080.00, 30, 89.96, NULL, NULL, 119.99, 43.20, NULL, 34.20, NULL, 45.61, NULL, '2018', '10'),
	(46, 2, 3, 2, 7, 17, 1080.00, 30, 89.96, NULL, NULL, 119.99, 43.20, NULL, 34.20, NULL, 45.61, NULL, '2018', '11'),
	(47, 2, 3, 2, 7, 18, 1080.00, 30, 89.96, NULL, NULL, 119.99, 43.20, NULL, 34.20, NULL, 45.61, NULL, '2018', '12'),
	(48, 2, 3, 2, 7, 23, 1163.51, 30, 96.92, 0.00, NULL, 129.27, 46.54, NULL, 36.84, 0.00, 49.13, NULL, '2019', '01'),
	(49, 2, 3, 2, 7, 24, 1163.51, 30, 96.92, NULL, NULL, 129.27, 46.54, NULL, 36.84, NULL, 49.13, NULL, '2019', '02'),
	(50, 2, 3, 2, 7, 25, 1163.51, 30, 96.92, NULL, NULL, 129.27, 46.54, NULL, 36.84, NULL, 49.13, NULL, '2019', '03'),
	(51, 2, 3, 2, 7, 26, 1163.51, 30, 96.92, NULL, NULL, 129.27, 46.54, NULL, 36.84, NULL, 49.13, NULL, '2019', '04'),
	(52, 2, 3, 2, 7, 75, 1163.51, 30, 96.92, NULL, NULL, 129.27, 46.54, NULL, 36.84, NULL, 49.13, NULL, '2019', '05'),
	(53, 2, 3, 2, 8, 13, 1080.00, 30, 89.96, NULL, NULL, 119.99, 43.20, NULL, 34.20, NULL, 45.61, NULL, '2018', '07'),
	(54, 2, 3, 2, 9, 14, 1125.00, 30, 93.71, NULL, NULL, 124.99, 45.00, NULL, 35.62, NULL, 47.51, NULL, '2018', '08'),
	(55, 2, 3, 2, 9, 15, 1125.00, 30, 93.71, NULL, NULL, 124.99, 45.00, NULL, 35.62, NULL, 47.51, NULL, '2018', '09'),
	(56, 2, 3, 2, 9, 16, 1125.00, 30, 93.71, NULL, NULL, 124.99, 45.00, NULL, 35.62, NULL, 47.51, NULL, '2018', '10'),
	(57, 2, 3, 2, 9, 17, 1125.00, 30, 93.71, NULL, NULL, 124.99, 45.00, NULL, 35.62, NULL, 47.51, NULL, '2018', '11'),
	(58, 2, 3, 2, 9, 18, 1125.00, 30, 93.71, NULL, NULL, 124.99, 45.00, NULL, 35.62, NULL, 47.51, NULL, '2018', '12'),
	(59, 2, 3, 2, 9, 23, 1163.51, 30, 96.92, 0.00, NULL, 129.27, 46.54, NULL, 36.84, 0.00, 49.13, NULL, '2019', '01'),
	(60, 2, 3, 2, 9, 24, 1163.51, 30, 96.92, NULL, NULL, 129.27, 46.54, NULL, 36.84, NULL, 49.13, NULL, '2019', '02'),
	(61, 2, 3, 2, 9, 25, 1163.51, 30, 96.92, NULL, NULL, 129.27, 46.54, NULL, 36.84, NULL, 49.13, NULL, '2019', '03'),
	(62, 2, 3, 2, 9, 26, 1163.51, 30, 96.92, NULL, NULL, 129.27, 46.54, NULL, 36.84, NULL, 49.13, NULL, '2019', '04'),
	(63, 2, 3, 2, 9, 75, 1163.51, 30, 96.92, NULL, NULL, 129.27, 46.54, NULL, 36.84, NULL, 49.13, NULL, '2019', '05'),
	(64, 2, 7, 8, 179, 82, 284.47, 5, 23.70, NULL, NULL, 31.60, 11.38, NULL, 9.01, NULL, 12.01, NULL, '2019', '01'),
	(65, 2, 7, 8, 179, 83, 1706.84, 30, 142.18, NULL, NULL, 189.63, 68.27, NULL, 54.04, NULL, 72.08, NULL, '2019', '02'),
	(66, 2, 7, 8, 179, 84, 1706.84, 30, 142.18, NULL, NULL, 189.63, 68.27, NULL, 54.04, NULL, 72.08, NULL, '2019', '03'),
	(67, 2, 7, 8, 179, 85, 1706.84, 30, 142.18, NULL, NULL, 189.63, 68.27, NULL, 54.04, NULL, 72.08, NULL, '2019', '04'),
	(68, 2, 7, 8, 179, 86, 1706.84, 30, 142.18, NULL, NULL, 189.63, 68.27, NULL, 54.04, NULL, 72.08, NULL, '2019', '05'),
	(69, 2, 7, 8, 180, 82, 192.68, 5, 16.05, NULL, NULL, 21.41, 7.71, NULL, 6.10, NULL, 8.14, NULL, '2019', '01'),
	(70, 2, 7, 8, 180, 83, 1156.09, 30, 96.30, NULL, NULL, 128.44, 46.24, NULL, 36.60, NULL, 48.82, NULL, '2019', '02'),
	(71, 2, 7, 8, 180, 84, 1156.09, 30, 96.30, NULL, NULL, 128.44, 46.24, NULL, 36.60, NULL, 48.82, NULL, '2019', '03'),
	(72, 2, 7, 8, 180, 85, 1156.09, 30, 96.30, NULL, NULL, 128.44, 46.24, NULL, 36.60, NULL, 48.82, NULL, '2019', '04'),
	(73, 2, 7, 8, 180, 86, 1156.09, 30, 96.30, NULL, NULL, 128.44, 46.24, NULL, 36.60, NULL, 48.82, NULL, '2019', '05'),
	(74, 2, 7, 8, 181, 82, 192.68, 5, 16.05, NULL, NULL, 21.41, 7.71, NULL, 6.10, NULL, 8.14, NULL, '2019', '01'),
	(75, 2, 7, 8, 181, 83, 1156.09, 30, 96.30, NULL, NULL, 128.44, 46.24, NULL, 36.60, NULL, 48.82, NULL, '2019', '02'),
	(76, 2, 7, 8, 181, 84, 1156.09, 30, 96.30, NULL, NULL, 128.44, 46.24, NULL, 36.60, NULL, 48.82, NULL, '2019', '03'),
	(77, 2, 7, 8, 181, 85, 1156.09, 30, 96.30, NULL, NULL, 128.44, 46.24, NULL, 36.60, NULL, 48.82, NULL, '2019', '04'),
	(78, 2, 7, 8, 181, 86, 1156.09, 30, 96.30, NULL, NULL, 128.44, 46.24, NULL, 36.60, NULL, 48.82, NULL, '2019', '05'),
	(79, 2, 7, 8, 182, 82, 192.68, 5, 16.05, NULL, NULL, 21.41, 7.71, NULL, 6.10, NULL, 8.14, NULL, '2019', '01'),
	(80, 2, 7, 8, 182, 83, 1156.09, 30, 96.30, NULL, NULL, 128.44, 46.24, NULL, 36.60, NULL, 48.82, NULL, '2019', '02'),
	(81, 2, 7, 8, 182, 84, 1156.09, 30, 96.30, NULL, NULL, 128.44, 46.24, NULL, 36.60, NULL, 48.82, NULL, '2019', '03'),
	(82, 2, 7, 8, 182, 85, 1156.09, 30, 96.30, NULL, NULL, 128.44, 46.24, NULL, 36.60, NULL, 48.82, NULL, '2019', '04'),
	(83, 2, 7, 8, 182, 86, 1156.09, 30, 96.30, NULL, NULL, 128.44, 46.24, NULL, 36.60, NULL, 48.82, NULL, '2019', '05'),
	(84, 2, 7, 8, 183, 82, 192.68, 5, 16.05, NULL, NULL, 21.41, 7.71, NULL, 6.10, NULL, 8.14, NULL, '2019', '01'),
	(85, 2, 7, 8, 183, 83, 1156.09, 30, 96.30, NULL, NULL, 128.44, 46.24, NULL, 36.60, NULL, 48.82, NULL, '2019', '02'),
	(86, 2, 7, 8, 183, 84, 1156.09, 30, 96.30, NULL, NULL, 128.44, 46.24, NULL, 36.60, NULL, 48.82, NULL, '2019', '03'),
	(87, 2, 7, 8, 183, 85, 1156.09, 30, 96.30, NULL, NULL, 128.44, 46.24, NULL, 36.60, NULL, 48.82, NULL, '2019', '04'),
	(88, 2, 7, 8, 183, 86, 1156.09, 30, 96.30, NULL, NULL, 128.44, 46.24, NULL, 36.60, NULL, 48.82, NULL, '2019', '05'),
	(89, 2, 7, 8, 184, 82, 284.47, 5, 23.70, NULL, NULL, 31.60, 11.38, NULL, 9.01, NULL, 12.01, NULL, '2019', '01'),
	(90, 2, 7, 8, 184, 83, 1706.84, 30, 142.18, NULL, NULL, 189.63, 68.27, NULL, 54.04, NULL, 72.08, NULL, '2019', '02'),
	(91, 2, 7, 8, 184, 84, 1706.84, 30, 142.18, NULL, NULL, 189.63, 68.27, NULL, 54.04, NULL, 72.08, NULL, '2019', '03'),
	(92, 2, 7, 8, 184, 85, 1706.84, 30, 142.18, NULL, NULL, 189.63, 68.27, NULL, 54.04, NULL, 72.08, NULL, '2019', '04'),
	(93, 2, 7, 8, 184, 86, 1706.84, 30, 142.18, NULL, NULL, 189.63, 68.27, NULL, 54.04, NULL, 72.08, NULL, '2019', '05'),
	(94, 2, 7, 8, 185, 82, 284.47, 5, 23.70, NULL, NULL, 31.60, 11.38, NULL, 9.01, NULL, 12.01, NULL, '2019', '01'),
	(95, 2, 7, 8, 185, 83, 1706.84, 30, 142.18, NULL, NULL, 189.63, 68.27, NULL, 54.04, NULL, 72.08, NULL, '2019', '02'),
	(96, 2, 7, 8, 185, 84, 1706.84, 30, 142.18, NULL, NULL, 189.63, 68.27, NULL, 54.04, NULL, 72.08, NULL, '2019', '03'),
	(97, 2, 7, 8, 185, 85, 1706.84, 30, 142.18, NULL, NULL, 189.63, 68.27, NULL, 54.04, NULL, 72.08, NULL, '2019', '04'),
	(98, 2, 7, 8, 185, 86, 1706.84, 30, 142.18, NULL, NULL, 189.63, 68.27, NULL, 54.04, NULL, 72.08, NULL, '2019', '05'),
	(99, 2, 7, 8, 186, 82, 192.68, 5, 16.05, NULL, NULL, 21.41, 7.71, NULL, 6.10, NULL, 8.14, NULL, '2019', '01'),
	(100, 2, 7, 8, 186, 83, 1156.09, 30, 96.30, NULL, NULL, 128.44, 46.24, NULL, 36.60, NULL, 48.82, NULL, '2019', '02'),
	(101, 2, 7, 8, 186, 84, 1156.09, 30, 96.30, NULL, NULL, 128.44, 46.24, NULL, 36.60, NULL, 48.82, NULL, '2019', '03'),
	(102, 2, 7, 8, 186, 85, 1156.09, 30, 96.30, NULL, NULL, 128.44, 46.24, NULL, 36.60, NULL, 48.82, NULL, '2019', '04'),
	(103, 2, 7, 8, 186, 86, 1156.09, 30, 96.30, NULL, NULL, 128.44, 46.24, NULL, 36.60, NULL, 48.82, NULL, '2019', '05'),
	(104, 2, 7, 8, 187, 82, 192.68, 5, 16.05, NULL, NULL, 21.41, 7.71, NULL, 6.10, NULL, 8.14, NULL, '2019', '01'),
	(105, 2, 7, 8, 187, 83, 1156.09, 30, 96.30, NULL, NULL, 128.44, 46.24, NULL, 36.60, NULL, 48.82, NULL, '2019', '02'),
	(106, 2, 7, 8, 187, 84, 1156.09, 30, 96.30, NULL, NULL, 128.44, 46.24, NULL, 36.60, NULL, 48.82, NULL, '2019', '03'),
	(107, 2, 7, 8, 187, 85, 1156.09, 30, 96.30, NULL, NULL, 128.44, 46.24, NULL, 36.60, NULL, 48.82, NULL, '2019', '04'),
	(108, 2, 7, 8, 187, 86, 1156.09, 30, 96.30, NULL, NULL, 128.44, 46.24, NULL, 36.60, NULL, 48.82, NULL, '2019', '05'),
	(109, 2, 7, 8, 188, 82, 284.47, 5, 23.70, NULL, NULL, 31.60, 11.38, NULL, 9.01, NULL, 12.01, NULL, '2019', '01'),
	(110, 2, 7, 8, 188, 83, 1706.84, 30, 142.18, NULL, NULL, 189.63, 68.27, NULL, 54.04, NULL, 72.08, NULL, '2019', '02'),
	(111, 2, 7, 8, 188, 84, 1706.84, 30, 142.18, NULL, NULL, 189.63, 68.27, NULL, 54.04, NULL, 72.08, NULL, '2019', '03'),
	(112, 2, 7, 8, 188, 85, 1706.84, 30, 142.18, NULL, NULL, 189.63, 68.27, NULL, 54.04, NULL, 72.08, NULL, '2019', '04'),
	(113, 2, 7, 8, 188, 86, 1706.84, 30, 142.18, NULL, NULL, 189.63, 68.27, NULL, 54.04, NULL, 72.08, NULL, '2019', '05'),
	(114, 2, 7, 8, 189, 82, 284.47, 5, 23.70, NULL, NULL, 31.60, 11.38, NULL, 9.01, NULL, 12.01, NULL, '2019', '01'),
	(115, 2, 7, 8, 189, 83, 1706.84, 30, 142.18, NULL, NULL, 189.63, 68.27, NULL, 54.04, NULL, 72.08, NULL, '2019', '02'),
	(116, 2, 7, 8, 189, 84, 1706.84, 30, 142.18, NULL, NULL, 189.63, 68.27, NULL, 54.04, NULL, 72.08, NULL, '2019', '03'),
	(117, 2, 7, 8, 189, 85, 1706.84, 30, 142.18, NULL, NULL, 189.63, 68.27, NULL, 54.04, NULL, 72.08, NULL, '2019', '04'),
	(118, 2, 7, 8, 189, 86, 1706.84, 30, 142.18, NULL, NULL, 189.63, 68.27, NULL, 54.04, NULL, 72.08, NULL, '2019', '05'),
	(119, 2, 7, 8, 190, 82, 192.68, 5, 16.05, NULL, NULL, 21.41, 7.71, NULL, 6.10, NULL, 8.14, NULL, '2019', '01'),
	(120, 2, 7, 8, 190, 83, 1156.09, 30, 96.30, NULL, NULL, 128.44, 46.24, NULL, 36.60, NULL, 48.82, NULL, '2019', '02'),
	(121, 2, 7, 8, 190, 84, 1156.09, 30, 96.30, NULL, NULL, 128.44, 46.24, NULL, 36.60, NULL, 48.82, NULL, '2019', '03'),
	(122, 2, 7, 8, 190, 85, 1156.09, 30, 96.30, NULL, NULL, 128.44, 46.24, NULL, 36.60, NULL, 48.82, NULL, '2019', '04'),
	(123, 2, 7, 8, 190, 86, 1156.09, 30, 96.30, NULL, NULL, 128.44, 46.24, NULL, 36.60, NULL, 48.82, NULL, '2019', '05'),
	(176, 3, 6, 6, 101, 63, 1915.77, 16, 159.58, NULL, NULL, 212.84, 76.63, NULL, 60.66, NULL, 80.90, NULL, '2017', '08'),
	(177, 3, 6, 6, 101, 64, 3592.06, 30, 299.22, NULL, NULL, 399.08, 143.68, NULL, 113.73, NULL, 151.69, NULL, '2017', '09'),
	(178, 3, 6, 6, 101, 65, 3592.06, 30, 299.22, NULL, NULL, 399.08, 143.68, NULL, 113.73, NULL, 151.69, NULL, '2017', '10'),
	(179, 3, 6, 6, 101, 66, 3592.06, 30, 299.22, NULL, NULL, 399.08, 143.68, NULL, 113.73, NULL, 151.69, NULL, '2017', '11'),
	(180, 3, 6, 6, 101, 67, 3592.06, 30, 299.22, 0.00, NULL, 399.08, 143.68, 0.00, 113.73, 0.00, 151.69, NULL, '2017', '12'),
	(181, 3, 6, 6, 102, 63, 2988.62, 16, 248.95, NULL, NULL, 332.04, 119.54, NULL, 94.63, NULL, 126.21, NULL, '2017', '08'),
	(182, 3, 6, 6, 102, 64, 5603.66, 30, 466.78, NULL, NULL, 622.57, 224.15, NULL, 177.42, NULL, 236.64, NULL, '2017', '09'),
	(183, 3, 6, 6, 102, 65, 5603.66, 30, 466.78, NULL, NULL, 622.57, 224.15, NULL, 177.42, NULL, 236.64, NULL, '2017', '10'),
	(184, 3, 6, 6, 102, 66, 5603.66, 30, 466.78, NULL, NULL, 622.57, 224.15, NULL, 177.42, NULL, 236.64, NULL, '2017', '11'),
	(185, 3, 6, 6, 102, 67, 5603.66, 30, 466.78, 0.00, NULL, 622.57, 224.15, 0.00, 177.42, 0.00, 236.64, NULL, '2017', '12'),
	(186, 3, 6, 6, 103, 63, 1915.77, 16, 159.58, NULL, NULL, 212.84, 76.63, NULL, 60.66, NULL, 80.90, NULL, '2017', '08'),
	(187, 3, 6, 6, 103, 64, 3592.06, 30, 299.22, NULL, NULL, 399.08, 143.68, NULL, 113.73, NULL, 151.69, NULL, '2017', '09'),
	(188, 3, 6, 6, 103, 65, 3592.06, 30, 299.22, NULL, NULL, 399.08, 143.68, NULL, 113.73, NULL, 151.69, NULL, '2017', '10'),
	(189, 3, 6, 6, 103, 66, 3592.06, 30, 299.22, NULL, NULL, 399.08, 143.68, NULL, 113.73, NULL, 151.69, NULL, '2017', '11'),
	(190, 3, 6, 6, 103, 67, 3592.06, 30, 299.22, 0.00, NULL, 399.08, 143.68, 0.00, 113.73, 0.00, 151.69, NULL, '2017', '12'),
	(191, 3, 6, 6, 104, 63, 1915.77, 16, 159.58, NULL, NULL, 212.84, 76.63, NULL, 60.66, NULL, 80.90, NULL, '2017', '08'),
	(192, 3, 6, 6, 104, 64, 3592.06, 30, 299.22, NULL, NULL, 399.08, 143.68, NULL, 113.73, NULL, 151.69, NULL, '2017', '09'),
	(193, 3, 6, 6, 104, 65, 3592.06, 30, 299.22, NULL, NULL, 399.08, 143.68, NULL, 113.73, NULL, 151.69, NULL, '2017', '10'),
	(194, 3, 6, 6, 104, 66, 3592.06, 30, 299.22, NULL, NULL, 399.08, 143.68, NULL, 113.73, NULL, 151.69, NULL, '2017', '11'),
	(195, 3, 6, 6, 104, 67, 3592.06, 30, 299.22, 0.00, NULL, 399.08, 143.68, 0.00, 113.73, 0.00, 151.69, NULL, '2017', '12'),
	(196, 3, 6, 6, 105, 63, 1915.77, 16, 159.58, NULL, NULL, 212.84, 76.63, NULL, 60.66, NULL, 80.90, NULL, '2017', '08'),
	(197, 3, 6, 6, 105, 64, 3592.06, 30, 299.22, NULL, NULL, 399.08, 143.68, NULL, 113.73, NULL, 151.69, NULL, '2017', '09'),
	(198, 3, 6, 6, 105, 65, 3592.06, 30, 299.22, NULL, NULL, 399.08, 143.68, NULL, 113.73, NULL, 151.69, NULL, '2017', '10'),
	(199, 3, 6, 6, 105, 66, 3592.06, 30, 299.22, NULL, NULL, 399.08, 143.68, NULL, 113.73, NULL, 151.69, NULL, '2017', '11'),
	(200, 3, 6, 6, 105, 67, 3592.06, 30, 299.22, 0.00, NULL, 399.08, 143.68, 0.00, 113.73, 0.00, 151.69, NULL, '2017', '12'),
	(201, 3, 6, 6, 106, 63, 1915.77, 16, 159.58, NULL, NULL, 212.84, 76.63, NULL, 60.66, NULL, 80.90, NULL, '2017', '08'),
	(202, 3, 6, 6, 106, 64, 3592.06, 30, 299.22, NULL, NULL, 399.08, 143.68, NULL, 113.73, NULL, 151.69, NULL, '2017', '09'),
	(203, 3, 6, 6, 106, 65, 3592.06, 30, 299.22, NULL, NULL, 399.08, 143.68, NULL, 113.73, NULL, 151.69, NULL, '2017', '10'),
	(204, 3, 6, 6, 106, 66, 3592.06, 30, 299.22, NULL, NULL, 399.08, 143.68, NULL, 113.73, NULL, 151.69, NULL, '2017', '11'),
	(205, 3, 6, 6, 106, 67, 3592.06, 30, 299.22, 0.00, NULL, 399.08, 143.68, 0.00, 113.73, 0.00, 151.69, NULL, '2017', '12'),
	(206, 3, 6, 6, 107, 63, 1915.77, 16, 159.58, NULL, NULL, 212.84, 76.63, NULL, 60.66, NULL, 80.90, NULL, '2017', '08'),
	(207, 3, 6, 6, 107, 64, 3592.06, 30, 299.22, NULL, NULL, 399.08, 143.68, NULL, 113.73, NULL, 151.69, NULL, '2017', '09'),
	(208, 3, 6, 6, 107, 65, 3592.06, 30, 299.22, NULL, NULL, 399.08, 143.68, NULL, 113.73, NULL, 151.69, NULL, '2017', '10'),
	(209, 3, 6, 6, 107, 66, 3592.06, 30, 299.22, NULL, NULL, 399.08, 143.68, NULL, 113.73, NULL, 151.69, NULL, '2017', '11'),
	(210, 3, 6, 6, 107, 67, 3592.06, 30, 299.22, 0.00, NULL, 399.08, 143.68, 0.00, 113.73, 0.00, 151.69, NULL, '2017', '12'),
	(211, 3, 6, 6, 108, 63, 1915.77, 16, 159.58, NULL, NULL, 212.84, 76.63, NULL, 60.66, NULL, 80.90, NULL, '2017', '08'),
	(212, 3, 6, 6, 108, 64, 3592.06, 30, 299.22, NULL, NULL, 399.08, 143.68, NULL, 113.73, NULL, 151.69, NULL, '2017', '09'),
	(213, 3, 6, 6, 108, 65, 3592.06, 30, 299.22, NULL, NULL, 399.08, 143.68, NULL, 113.73, NULL, 151.69, NULL, '2017', '10'),
	(214, 3, 6, 6, 108, 66, 3592.06, 30, 299.22, NULL, NULL, 399.08, 143.68, NULL, 113.73, NULL, 151.69, NULL, '2017', '11'),
	(215, 3, 6, 6, 108, 67, 3592.06, 30, 299.22, 0.00, NULL, 399.08, 143.68, 0.00, 113.73, 0.00, 151.69, NULL, '2017', '12'),
	(216, 3, 6, 6, 109, 63, 1915.77, 16, 159.58, NULL, NULL, 212.84, 76.63, NULL, 60.66, NULL, 80.90, NULL, '2017', '08'),
	(217, 3, 6, 6, 109, 64, 3592.06, 30, 299.22, NULL, NULL, 399.08, 143.68, NULL, 113.73, NULL, 151.69, NULL, '2017', '09'),
	(218, 3, 6, 6, 109, 65, 3592.06, 30, 299.22, NULL, NULL, 399.08, 143.68, NULL, 113.73, NULL, 151.69, NULL, '2017', '10'),
	(219, 3, 6, 6, 109, 66, 3592.06, 30, 299.22, NULL, NULL, 399.08, 143.68, NULL, 113.73, NULL, 151.69, NULL, '2017', '11'),
	(220, 3, 6, 6, 109, 67, 3592.06, 30, 299.22, 0.00, NULL, 399.08, 143.68, 0.00, 113.73, 0.00, 151.69, NULL, '2017', '12'),
	(221, 3, 6, 6, 110, 63, 1915.77, 16, 159.58, NULL, NULL, 212.84, 76.63, NULL, 60.66, NULL, 80.90, NULL, '2017', '08'),
	(222, 3, 6, 6, 110, 64, 3592.06, 30, 299.22, NULL, NULL, 399.08, 143.68, NULL, 113.73, NULL, 151.69, NULL, '2017', '09'),
	(223, 3, 6, 6, 110, 65, 3592.06, 30, 299.22, NULL, NULL, 399.08, 143.68, NULL, 113.73, NULL, 151.69, NULL, '2017', '10'),
	(224, 3, 6, 6, 110, 66, 3592.06, 30, 299.22, NULL, NULL, 399.08, 143.68, NULL, 113.73, NULL, 151.69, NULL, '2017', '11'),
	(225, 3, 6, 6, 110, 67, 3592.06, 30, 299.22, 0.00, NULL, 399.08, 143.68, 0.00, 113.73, 0.00, 151.69, NULL, '2017', '12'),
	(226, 3, 6, 6, 111, 63, 1915.77, 16, 159.58, NULL, NULL, 212.84, 76.63, NULL, 60.66, NULL, 80.90, NULL, '2017', '08'),
	(227, 3, 6, 6, 111, 64, 3592.06, 30, 299.22, NULL, NULL, 399.08, 143.68, NULL, 113.73, NULL, 151.69, NULL, '2017', '09'),
	(228, 3, 6, 6, 111, 65, 3592.06, 30, 299.22, NULL, NULL, 399.08, 143.68, NULL, 113.73, NULL, 151.69, NULL, '2017', '10'),
	(229, 3, 6, 6, 111, 66, 3592.06, 30, 299.22, NULL, NULL, 399.08, 143.68, NULL, 113.73, NULL, 151.69, NULL, '2017', '11'),
	(230, 3, 6, 6, 111, 67, 3592.06, 30, 299.22, 0.00, NULL, 399.08, 143.68, 0.00, 113.73, 0.00, 151.69, NULL, '2017', '12'),
	(231, 3, 6, 6, 112, 63, 1915.77, 16, 159.58, NULL, NULL, 212.84, 76.63, NULL, 60.66, NULL, 80.90, NULL, '2017', '08'),
	(232, 3, 6, 6, 112, 64, 3592.06, 30, 299.22, NULL, NULL, 399.08, 143.68, NULL, 113.73, NULL, 151.69, NULL, '2017', '09'),
	(233, 3, 6, 6, 112, 65, 3592.06, 30, 299.22, NULL, NULL, 399.08, 143.68, NULL, 113.73, NULL, 151.69, NULL, '2017', '10'),
	(234, 3, 6, 6, 112, 66, 3592.06, 30, 299.22, NULL, NULL, 399.08, 143.68, NULL, 113.73, NULL, 151.69, NULL, '2017', '11'),
	(235, 3, 6, 6, 112, 67, 3592.06, 30, 299.22, 0.00, NULL, 399.08, 143.68, 0.00, 113.73, 0.00, 151.69, NULL, '2017', '12'),
	(236, 3, 6, 6, 113, 63, 1915.77, 16, 159.58, NULL, NULL, 212.84, 76.63, NULL, 60.66, NULL, 80.90, NULL, '2017', '08'),
	(237, 3, 6, 6, 113, 64, 3592.06, 30, 299.22, NULL, NULL, 399.08, 143.68, NULL, 113.73, NULL, 151.69, NULL, '2017', '09'),
	(238, 3, 6, 6, 113, 65, 3592.06, 30, 299.22, NULL, NULL, 399.08, 143.68, NULL, 113.73, NULL, 151.69, NULL, '2017', '10'),
	(239, 3, 6, 6, 113, 66, 3592.06, 30, 299.22, NULL, NULL, 399.08, 143.68, NULL, 113.73, NULL, 151.69, NULL, '2017', '11'),
	(240, 3, 6, 6, 113, 67, 3592.06, 30, 299.22, 0.00, NULL, 399.08, 143.68, 0.00, 113.73, 0.00, 151.69, NULL, '2017', '12'),
	(241, 3, 6, 6, 114, 63, 2193.51, 16, 182.72, NULL, NULL, 243.70, 87.74, NULL, 69.45, NULL, 92.63, NULL, '2017', '08'),
	(242, 3, 6, 6, 114, 64, 4112.83, 30, 342.60, NULL, NULL, 456.94, 164.51, NULL, 130.22, NULL, 173.68, NULL, '2017', '09'),
	(243, 3, 6, 6, 114, 65, 4112.83, 30, 342.60, NULL, NULL, 456.94, 164.51, NULL, 130.22, NULL, 173.68, NULL, '2017', '10'),
	(244, 3, 6, 6, 114, 66, 4112.83, 30, 342.60, NULL, NULL, 456.94, 164.51, NULL, 130.22, NULL, 173.68, NULL, '2017', '11'),
	(245, 3, 6, 6, 114, 67, 4112.83, 30, 342.60, 0.00, NULL, 456.94, 164.51, 0.00, 130.22, 0.00, 173.68, NULL, '2017', '12'),
	(246, 3, 6, 6, 115, 63, 1915.77, 16, 159.58, NULL, NULL, 212.84, 76.63, NULL, 60.66, NULL, 80.90, NULL, '2017', '08'),
	(247, 3, 6, 6, 115, 64, 3592.06, 30, 299.22, NULL, NULL, 399.08, 143.68, NULL, 113.73, NULL, 151.69, NULL, '2017', '09'),
	(248, 3, 6, 6, 115, 65, 3592.06, 30, 299.22, NULL, NULL, 399.08, 143.68, NULL, 113.73, NULL, 151.69, NULL, '2017', '10'),
	(249, 3, 6, 6, 115, 66, 3592.06, 30, 299.22, NULL, NULL, 399.08, 143.68, NULL, 113.73, NULL, 151.69, NULL, '2017', '11'),
	(250, 3, 6, 6, 115, 67, 3592.06, 30, 299.22, 0.00, NULL, 399.08, 143.68, 0.00, 113.73, 0.00, 151.69, NULL, '2017', '12'),
	(251, 3, 6, 6, 116, 63, 1915.77, 16, 159.58, NULL, NULL, 212.84, 76.63, NULL, 60.66, NULL, 80.90, NULL, '2017', '08'),
	(252, 3, 6, 6, 116, 64, 3592.06, 30, 299.22, NULL, NULL, 399.08, 143.68, NULL, 113.73, NULL, 151.69, NULL, '2017', '09'),
	(253, 3, 6, 6, 116, 65, 3592.06, 30, 299.22, NULL, NULL, 399.08, 143.68, NULL, 113.73, NULL, 151.69, NULL, '2017', '10'),
	(254, 3, 6, 6, 116, 66, 3592.06, 30, 299.22, NULL, NULL, 399.08, 143.68, NULL, 113.73, NULL, 151.69, NULL, '2017', '11'),
	(255, 3, 6, 6, 116, 67, 3592.06, 30, 299.22, 0.00, NULL, 399.08, 143.68, 0.00, 113.73, 0.00, 151.69, NULL, '2017', '12'),
	(256, 3, 6, 6, 117, 63, 2193.51, 16, 182.72, NULL, NULL, 243.70, 87.74, NULL, 69.45, NULL, 92.63, NULL, '2017', '08'),
	(257, 3, 6, 6, 117, 64, 4112.83, 30, 342.60, NULL, NULL, 456.94, 164.51, NULL, 130.22, NULL, 173.68, NULL, '2017', '09'),
	(258, 3, 6, 6, 117, 65, 4112.83, 30, 342.60, NULL, NULL, 456.94, 164.51, NULL, 130.22, NULL, 173.68, NULL, '2017', '10'),
	(259, 3, 6, 6, 117, 66, 4112.83, 30, 342.60, NULL, NULL, 456.94, 164.51, NULL, 130.22, NULL, 173.68, NULL, '2017', '11'),
	(260, 3, 6, 6, 117, 67, 4112.83, 30, 342.60, 0.00, NULL, 456.94, 164.51, 0.00, 130.22, 0.00, 173.68, NULL, '2017', '12'),
	(261, 3, 6, 6, 118, 63, 2193.51, 16, 182.72, NULL, NULL, 243.70, 87.74, NULL, 69.45, NULL, 92.63, NULL, '2017', '08'),
	(262, 3, 6, 6, 118, 64, 4112.83, 30, 342.60, NULL, NULL, 456.94, 164.51, NULL, 130.22, NULL, 173.68, NULL, '2017', '09'),
	(263, 3, 6, 6, 118, 65, 4112.83, 30, 342.60, NULL, NULL, 456.94, 164.51, NULL, 130.22, NULL, 173.68, NULL, '2017', '10'),
	(264, 3, 6, 6, 118, 66, 4112.83, 30, 342.60, NULL, NULL, 456.94, 164.51, NULL, 130.22, NULL, 173.68, NULL, '2017', '11'),
	(265, 3, 6, 6, 118, 67, 4112.83, 30, 342.60, 0.00, NULL, 456.94, 164.51, 0.00, 130.22, 0.00, 173.68, NULL, '2017', '12'),
	(266, 3, 6, 6, 119, 63, 1915.77, 16, 159.58, NULL, NULL, 212.84, 76.63, NULL, 60.66, NULL, 80.90, NULL, '2017', '08'),
	(267, 3, 6, 6, 119, 64, 3592.06, 30, 299.22, NULL, NULL, 399.08, 143.68, NULL, 113.73, NULL, 151.69, NULL, '2017', '09'),
	(268, 3, 6, 6, 119, 65, 3592.06, 30, 299.22, NULL, NULL, 399.08, 143.68, NULL, 113.73, NULL, 151.69, NULL, '2017', '10'),
	(269, 3, 6, 6, 119, 66, 3592.06, 30, 299.22, NULL, NULL, 399.08, 143.68, NULL, 113.73, NULL, 151.69, NULL, '2017', '11'),
	(270, 3, 6, 6, 119, 67, 3592.06, 30, 299.22, 0.00, NULL, 399.08, 143.68, 0.00, 113.73, 0.00, 151.69, NULL, '2017', '12'),
	(271, 3, 6, 6, 120, 63, 1915.77, 16, 159.58, NULL, NULL, 212.84, 76.63, NULL, 60.66, NULL, 80.90, NULL, '2017', '08'),
	(272, 3, 6, 6, 120, 64, 3592.06, 30, 299.22, NULL, NULL, 399.08, 143.68, NULL, 113.73, NULL, 151.69, NULL, '2017', '09'),
	(273, 3, 6, 6, 120, 65, 3592.06, 30, 299.22, NULL, NULL, 399.08, 143.68, NULL, 113.73, NULL, 151.69, NULL, '2017', '10'),
	(274, 3, 6, 6, 120, 66, 3592.06, 30, 299.22, NULL, NULL, 399.08, 143.68, NULL, 113.73, NULL, 151.69, NULL, '2017', '11'),
	(275, 3, 6, 6, 120, 67, 3592.06, 30, 299.22, 0.00, NULL, 399.08, 143.68, 0.00, 113.73, 0.00, 151.69, NULL, '2017', '12'),
	(276, 3, 6, 6, 121, 63, 1915.77, 16, 159.58, NULL, NULL, 212.84, 76.63, NULL, 60.66, NULL, 80.90, NULL, '2017', '08'),
	(277, 3, 6, 6, 121, 64, 3592.06, 30, 299.22, NULL, NULL, 399.08, 143.68, NULL, 113.73, NULL, 151.69, NULL, '2017', '09'),
	(278, 3, 6, 6, 121, 65, 3592.06, 30, 299.22, NULL, NULL, 399.08, 143.68, NULL, 113.73, NULL, 151.69, NULL, '2017', '10'),
	(279, 3, 6, 6, 121, 66, 3592.06, 30, 299.22, NULL, NULL, 399.08, 143.68, NULL, 113.73, NULL, 151.69, NULL, '2017', '11'),
	(280, 3, 6, 6, 121, 67, 3592.06, 30, 299.22, 0.00, NULL, 399.08, 143.68, 0.00, 113.73, 0.00, 151.69, NULL, '2017', '12'),
	(281, 3, 6, 6, 122, 63, 1915.77, 16, 159.58, NULL, NULL, 212.84, 76.63, NULL, 60.66, NULL, 80.90, NULL, '2017', '08'),
	(282, 3, 6, 6, 122, 64, 3592.06, 30, 299.22, NULL, NULL, 399.08, 143.68, NULL, 113.73, NULL, 151.69, NULL, '2017', '09'),
	(283, 3, 6, 6, 122, 65, 3592.06, 30, 299.22, NULL, NULL, 399.08, 143.68, NULL, 113.73, NULL, 151.69, NULL, '2017', '10'),
	(284, 3, 6, 6, 122, 66, 3592.06, 30, 299.22, NULL, NULL, 399.08, 143.68, NULL, 113.73, NULL, 151.69, NULL, '2017', '11'),
	(285, 3, 6, 6, 122, 67, 3592.06, 30, 299.22, 0.00, NULL, 399.08, 143.68, 0.00, 113.73, 0.00, 151.69, NULL, '2017', '12'),
	(286, 3, 6, 6, 123, 63, 1915.77, 16, 159.58, NULL, NULL, 212.84, 76.63, NULL, 60.66, NULL, 80.90, NULL, '2017', '08'),
	(287, 3, 6, 6, 123, 64, 3592.06, 30, 299.22, NULL, NULL, 399.08, 143.68, NULL, 113.73, NULL, 151.69, NULL, '2017', '09'),
	(288, 3, 6, 6, 123, 65, 3592.06, 30, 299.22, NULL, NULL, 399.08, 143.68, NULL, 113.73, NULL, 151.69, NULL, '2017', '10'),
	(289, 3, 6, 6, 123, 66, 3592.06, 30, 299.22, NULL, NULL, 399.08, 143.68, NULL, 113.73, NULL, 151.69, NULL, '2017', '11'),
	(290, 3, 6, 6, 123, 67, 3592.06, 30, 299.22, 0.00, NULL, 399.08, 143.68, 0.00, 113.73, 0.00, 151.69, NULL, '2017', '12'),
	(291, 3, 6, 6, 124, 63, 1915.77, 16, 159.58, NULL, NULL, 212.84, 76.63, NULL, 60.66, NULL, 80.90, NULL, '2017', '08'),
	(292, 3, 6, 6, 124, 64, 3592.06, 30, 299.22, NULL, NULL, 399.08, 143.68, NULL, 113.73, NULL, 151.69, NULL, '2017', '09'),
	(293, 3, 6, 6, 124, 65, 3592.06, 30, 299.22, NULL, NULL, 399.08, 143.68, NULL, 113.73, NULL, 151.69, NULL, '2017', '10'),
	(294, 3, 6, 6, 124, 66, 3592.06, 30, 299.22, NULL, NULL, 399.08, 143.68, NULL, 113.73, NULL, 151.69, NULL, '2017', '11'),
	(295, 3, 6, 6, 124, 67, 3592.06, 30, 299.22, 0.00, NULL, 399.08, 143.68, 0.00, 113.73, 0.00, 151.69, NULL, '2017', '12'),
	(296, 3, 6, 6, 125, 63, 1915.77, 16, 159.58, NULL, NULL, 212.84, 76.63, NULL, 60.66, NULL, 80.90, NULL, '2017', '08'),
	(297, 3, 6, 6, 125, 64, 3592.06, 30, 299.22, NULL, NULL, 399.08, 143.68, NULL, 113.73, NULL, 151.69, NULL, '2017', '09'),
	(298, 3, 6, 6, 125, 65, 3592.06, 30, 299.22, NULL, NULL, 399.08, 143.68, NULL, 113.73, NULL, 151.69, NULL, '2017', '10'),
	(299, 3, 6, 6, 125, 66, 3592.06, 30, 299.22, NULL, NULL, 399.08, 143.68, NULL, 113.73, NULL, 151.69, NULL, '2017', '11'),
	(300, 3, 6, 6, 125, 67, 3592.06, 30, 299.22, 0.00, NULL, 399.08, 143.68, 0.00, 113.73, 0.00, 151.69, NULL, '2017', '12'),
	(301, 3, 6, 6, 126, 63, 1915.77, 16, 159.58, NULL, NULL, 212.84, 76.63, NULL, 60.66, NULL, 80.90, NULL, '2017', '08'),
	(302, 3, 6, 6, 126, 64, 3592.06, 30, 299.22, NULL, NULL, 399.08, 143.68, NULL, 113.73, NULL, 151.69, NULL, '2017', '09'),
	(303, 3, 6, 6, 126, 65, 3592.06, 30, 299.22, NULL, NULL, 399.08, 143.68, NULL, 113.73, NULL, 151.69, NULL, '2017', '10'),
	(304, 3, 6, 6, 126, 66, 3592.06, 30, 299.22, NULL, NULL, 399.08, 143.68, NULL, 113.73, NULL, 151.69, NULL, '2017', '11'),
	(305, 3, 6, 6, 126, 67, 3592.06, 30, 299.22, 0.00, NULL, 399.08, 143.68, 0.00, 113.73, 0.00, 151.69, NULL, '2017', '12'),
	(306, 3, 6, 6, 127, 63, 2193.51, 16, 182.72, NULL, NULL, 243.70, 87.74, NULL, 69.45, NULL, 92.63, NULL, '2017', '08'),
	(307, 3, 6, 6, 127, 64, 4112.83, 30, 342.60, NULL, NULL, 456.94, 164.51, NULL, 130.22, NULL, 173.68, NULL, '2017', '09'),
	(308, 3, 6, 6, 127, 65, 4112.83, 30, 342.60, NULL, NULL, 456.94, 164.51, NULL, 130.22, NULL, 173.68, NULL, '2017', '10'),
	(309, 3, 6, 6, 127, 66, 4112.83, 30, 342.60, NULL, NULL, 456.94, 164.51, NULL, 130.22, NULL, 173.68, NULL, '2017', '11'),
	(310, 3, 6, 6, 127, 67, 4112.83, 30, 342.60, 0.00, NULL, 456.94, 164.51, 0.00, 130.22, 0.00, 173.68, NULL, '2017', '12'),
	(311, 3, 6, 6, 128, 63, 1915.77, 16, 159.58, NULL, NULL, 212.84, 76.63, NULL, 60.66, NULL, 80.90, NULL, '2017', '08'),
	(312, 3, 6, 6, 128, 64, 3592.06, 30, 299.22, NULL, NULL, 399.08, 143.68, NULL, 113.73, NULL, 151.69, NULL, '2017', '09'),
	(313, 3, 6, 6, 128, 65, 3592.06, 30, 299.22, NULL, NULL, 399.08, 143.68, NULL, 113.73, NULL, 151.69, NULL, '2017', '10'),
	(314, 3, 6, 6, 128, 66, 3592.06, 30, 299.22, NULL, NULL, 399.08, 143.68, NULL, 113.73, NULL, 151.69, NULL, '2017', '11'),
	(315, 3, 6, 6, 128, 67, 3592.06, 30, 299.22, 0.00, NULL, 399.08, 143.68, 0.00, 113.73, 0.00, 151.69, NULL, '2017', '12'),
	(316, 3, 6, 6, 129, 63, 1915.77, 16, 159.58, NULL, NULL, 212.84, 76.63, NULL, 60.66, NULL, 80.90, NULL, '2017', '08'),
	(317, 3, 6, 6, 129, 64, 3592.06, 30, 299.22, NULL, NULL, 399.08, 143.68, NULL, 113.73, NULL, 151.69, NULL, '2017', '09'),
	(318, 3, 6, 6, 129, 65, 3592.06, 30, 299.22, NULL, NULL, 399.08, 143.68, NULL, 113.73, NULL, 151.69, NULL, '2017', '10'),
	(319, 3, 6, 6, 129, 66, 3592.06, 30, 299.22, NULL, NULL, 399.08, 143.68, NULL, 113.73, NULL, 151.69, NULL, '2017', '11'),
	(320, 3, 6, 6, 129, 67, 3592.06, 30, 299.22, 0.00, NULL, 399.08, 143.68, 0.00, 113.73, 0.00, 151.69, NULL, '2017', '12'),
	(321, 3, 6, 6, 130, 63, 2193.51, 16, 182.72, NULL, NULL, 243.70, 87.74, NULL, 69.45, NULL, 92.63, NULL, '2017', '08'),
	(322, 3, 6, 6, 130, 64, 4112.83, 30, 342.60, NULL, NULL, 456.94, 164.51, NULL, 130.22, NULL, 173.68, NULL, '2017', '09'),
	(323, 3, 6, 6, 130, 65, 4112.83, 30, 342.60, NULL, NULL, 456.94, 164.51, NULL, 130.22, NULL, 173.68, NULL, '2017', '10'),
	(324, 3, 6, 6, 130, 66, 4112.83, 30, 342.60, NULL, NULL, 456.94, 164.51, NULL, 130.22, NULL, 173.68, NULL, '2017', '11'),
	(325, 3, 6, 6, 130, 67, 4112.83, 30, 342.60, 0.00, NULL, 456.94, 164.51, 0.00, 130.22, 0.00, 173.68, NULL, '2017', '12'),
	(326, 3, 6, 6, 131, 63, 2988.62, 16, 248.95, NULL, NULL, 332.04, 119.54, NULL, 94.63, NULL, 126.21, NULL, '2017', '08'),
	(327, 3, 6, 6, 131, 64, 5603.66, 30, 466.78, NULL, NULL, 622.57, 224.15, NULL, 177.42, NULL, 236.64, NULL, '2017', '09'),
	(328, 3, 6, 6, 131, 65, 5603.66, 30, 466.78, NULL, NULL, 622.57, 224.15, NULL, 177.42, NULL, 236.64, NULL, '2017', '10'),
	(329, 3, 6, 6, 131, 66, 5603.66, 30, 466.78, NULL, NULL, 622.57, 224.15, NULL, 177.42, NULL, 236.64, NULL, '2017', '11'),
	(330, 3, 6, 6, 131, 67, 5603.66, 30, 466.78, 0.00, NULL, 622.57, 224.15, 0.00, 177.42, 0.00, 236.64, NULL, '2017', '12'),
	(331, 3, 6, 6, 132, 63, 1915.77, 16, 159.58, NULL, NULL, 212.84, 76.63, NULL, 60.66, NULL, 80.90, NULL, '2017', '08'),
	(332, 3, 6, 6, 132, 64, 3592.06, 30, 299.22, NULL, NULL, 399.08, 143.68, NULL, 113.73, NULL, 151.69, NULL, '2017', '09'),
	(333, 3, 6, 6, 132, 65, 3592.06, 30, 299.22, NULL, NULL, 399.08, 143.68, NULL, 113.73, NULL, 151.69, NULL, '2017', '10'),
	(334, 3, 6, 6, 132, 66, 3592.06, 30, 299.22, NULL, NULL, 399.08, 143.68, NULL, 113.73, NULL, 151.69, NULL, '2017', '11'),
	(335, 3, 6, 6, 132, 67, 3592.06, 30, 299.22, 0.00, NULL, 399.08, 143.68, 0.00, 113.73, 0.00, 151.69, NULL, '2017', '12'),
	(336, 3, 6, 6, 133, 63, 2193.51, 16, 182.72, NULL, NULL, 243.70, 87.74, NULL, 69.45, NULL, 92.63, NULL, '2017', '08'),
	(337, 3, 6, 6, 133, 64, 4112.83, 30, 342.60, NULL, NULL, 456.94, 164.51, NULL, 130.22, NULL, 173.68, NULL, '2017', '09'),
	(338, 3, 6, 6, 133, 65, 4112.83, 30, 342.60, NULL, NULL, 456.94, 164.51, NULL, 130.22, NULL, 173.68, NULL, '2017', '10'),
	(339, 3, 6, 6, 133, 66, 4112.83, 30, 342.60, NULL, NULL, 456.94, 164.51, NULL, 130.22, NULL, 173.68, NULL, '2017', '11'),
	(340, 3, 6, 6, 133, 67, 4112.83, 30, 342.60, 0.00, NULL, 456.94, 164.51, 0.00, 130.22, 0.00, 173.68, NULL, '2017', '12'),
	(341, 3, 6, 6, 134, 63, 1915.77, 16, 159.58, NULL, NULL, 212.84, 76.63, NULL, 60.66, NULL, 80.90, NULL, '2017', '08'),
	(342, 3, 6, 6, 134, 64, 3592.06, 30, 299.22, NULL, NULL, 399.08, 143.68, NULL, 113.73, NULL, 151.69, NULL, '2017', '09'),
	(343, 3, 6, 6, 134, 65, 3592.06, 30, 299.22, NULL, NULL, 399.08, 143.68, NULL, 113.73, NULL, 151.69, NULL, '2017', '10'),
	(344, 3, 6, 6, 134, 66, 3592.06, 30, 299.22, NULL, NULL, 399.08, 143.68, NULL, 113.73, NULL, 151.69, NULL, '2017', '11'),
	(345, 3, 6, 6, 134, 67, 3592.06, 30, 299.22, 0.00, NULL, 399.08, 143.68, 0.00, 113.73, 0.00, 151.69, NULL, '2017', '12'),
	(346, 3, 6, 6, 135, 63, 2193.51, 16, 182.72, NULL, NULL, 243.70, 87.74, NULL, 69.45, NULL, 92.63, NULL, '2017', '08'),
	(347, 3, 6, 6, 135, 64, 4112.83, 30, 342.60, NULL, NULL, 456.94, 164.51, NULL, 130.22, NULL, 173.68, NULL, '2017', '09'),
	(348, 3, 6, 6, 135, 65, 4112.83, 30, 342.60, NULL, NULL, 456.94, 164.51, NULL, 130.22, NULL, 173.68, NULL, '2017', '10'),
	(349, 3, 6, 6, 135, 66, 4112.83, 30, 342.60, NULL, NULL, 456.94, 164.51, NULL, 130.22, NULL, 173.68, NULL, '2017', '11'),
	(350, 3, 6, 6, 135, 67, 4112.83, 30, 342.60, 0.00, NULL, 456.94, 164.51, 0.00, 130.22, 0.00, 173.68, NULL, '2017', '12'),
	(351, 3, 6, 6, 136, 63, 1915.77, 16, 159.58, NULL, NULL, 212.84, 76.63, NULL, 60.66, NULL, 80.90, NULL, '2017', '08'),
	(352, 3, 6, 6, 136, 64, 3592.06, 30, 299.22, NULL, NULL, 399.08, 143.68, NULL, 113.73, NULL, 151.69, NULL, '2017', '09'),
	(353, 3, 6, 6, 136, 65, 3592.06, 30, 299.22, NULL, NULL, 399.08, 143.68, NULL, 113.73, NULL, 151.69, NULL, '2017', '10'),
	(354, 3, 6, 6, 136, 66, 3592.06, 30, 299.22, NULL, NULL, 399.08, 143.68, NULL, 113.73, NULL, 151.69, NULL, '2017', '11'),
	(355, 3, 6, 6, 136, 67, 3592.06, 30, 299.22, 0.00, NULL, 399.08, 143.68, 0.00, 113.73, 0.00, 151.69, NULL, '2017', '12'),
	(356, 3, 6, 6, 137, 63, 1915.77, 16, 159.58, NULL, NULL, 212.84, 76.63, NULL, 60.66, NULL, 80.90, NULL, '2017', '08'),
	(357, 3, 6, 6, 137, 64, 3592.06, 30, 299.22, NULL, NULL, 399.08, 143.68, NULL, 113.73, NULL, 151.69, NULL, '2017', '09'),
	(358, 3, 6, 6, 137, 65, 3592.06, 30, 299.22, NULL, NULL, 399.08, 143.68, NULL, 113.73, NULL, 151.69, NULL, '2017', '10'),
	(359, 3, 6, 6, 137, 66, 3592.06, 30, 299.22, NULL, NULL, 399.08, 143.68, NULL, 113.73, NULL, 151.69, NULL, '2017', '11'),
	(360, 3, 6, 6, 137, 67, 3592.06, 30, 299.22, 0.00, NULL, 399.08, 143.68, 0.00, 113.73, 0.00, 151.69, NULL, '2017', '12'),
	(361, 3, 6, 6, 138, 63, 1915.77, 16, 159.58, NULL, NULL, 212.84, 76.63, NULL, 60.66, NULL, 80.90, NULL, '2017', '08'),
	(362, 3, 6, 6, 138, 64, 3592.06, 30, 299.22, NULL, NULL, 399.08, 143.68, NULL, 113.73, NULL, 151.69, NULL, '2017', '09'),
	(363, 3, 6, 6, 138, 65, 3592.06, 30, 299.22, NULL, NULL, 399.08, 143.68, NULL, 113.73, NULL, 151.69, NULL, '2017', '10'),
	(364, 3, 6, 6, 138, 66, 3592.06, 30, 299.22, NULL, NULL, 399.08, 143.68, NULL, 113.73, NULL, 151.69, NULL, '2017', '11'),
	(365, 3, 6, 6, 138, 67, 3592.06, 30, 299.22, 0.00, NULL, 399.08, 143.68, 0.00, 113.73, 0.00, 151.69, NULL, '2017', '12'),
	(366, 3, 6, 6, 139, 63, 1915.77, 16, 159.58, NULL, NULL, 212.84, 76.63, NULL, 60.66, NULL, 80.90, NULL, '2017', '08'),
	(367, 3, 6, 6, 139, 64, 3592.06, 30, 299.22, NULL, NULL, 399.08, 143.68, NULL, 113.73, NULL, 151.69, NULL, '2017', '09'),
	(368, 3, 6, 6, 139, 65, 3592.06, 30, 299.22, NULL, NULL, 399.08, 143.68, NULL, 113.73, NULL, 151.69, NULL, '2017', '10'),
	(369, 3, 6, 6, 139, 66, 3592.06, 30, 299.22, NULL, NULL, 399.08, 143.68, NULL, 113.73, NULL, 151.69, NULL, '2017', '11'),
	(370, 3, 6, 6, 139, 67, 3592.06, 30, 299.22, 0.00, NULL, 399.08, 143.68, 0.00, 113.73, 0.00, 151.69, NULL, '2017', '12'),
	(371, 3, 6, 6, 140, 63, 2193.51, 16, 182.72, NULL, NULL, 243.70, 87.74, NULL, 69.45, NULL, 92.63, NULL, '2017', '08'),
	(372, 3, 6, 6, 140, 64, 4112.83, 30, 342.60, NULL, NULL, 456.94, 164.51, NULL, 130.22, NULL, 173.68, NULL, '2017', '09'),
	(373, 3, 6, 6, 140, 65, 4112.83, 30, 342.60, NULL, NULL, 456.94, 164.51, NULL, 130.22, NULL, 173.68, NULL, '2017', '10'),
	(374, 3, 6, 6, 140, 66, 4112.83, 30, 342.60, NULL, NULL, 456.94, 164.51, NULL, 130.22, NULL, 173.68, NULL, '2017', '11'),
	(375, 3, 6, 6, 140, 67, 4112.83, 30, 342.60, 0.00, NULL, 456.94, 164.51, 0.00, 130.22, 0.00, 173.68, NULL, '2017', '12'),
	(376, 3, 6, 6, 141, 63, 1915.77, 16, 159.58, NULL, NULL, 212.84, 76.63, NULL, 60.66, NULL, 80.90, NULL, '2017', '08'),
	(377, 3, 6, 6, 141, 64, 3592.06, 30, 299.22, NULL, NULL, 399.08, 143.68, NULL, 113.73, NULL, 151.69, NULL, '2017', '09'),
	(378, 3, 6, 6, 141, 65, 3592.06, 30, 299.22, NULL, NULL, 399.08, 143.68, NULL, 113.73, NULL, 151.69, NULL, '2017', '10'),
	(379, 3, 6, 6, 141, 66, 3592.06, 30, 299.22, NULL, NULL, 399.08, 143.68, NULL, 113.73, NULL, 151.69, NULL, '2017', '11'),
	(380, 3, 6, 6, 141, 67, 3592.06, 30, 299.22, 0.00, NULL, 399.08, 143.68, 0.00, 113.73, 0.00, 151.69, NULL, '2017', '12'),
	(381, 3, 6, 6, 142, 63, 1915.77, 16, 159.58, NULL, NULL, 212.84, 76.63, NULL, 60.66, NULL, 80.90, NULL, '2017', '08'),
	(382, 3, 6, 6, 142, 64, 3592.06, 30, 299.22, NULL, NULL, 399.08, 143.68, NULL, 113.73, NULL, 151.69, NULL, '2017', '09'),
	(383, 3, 6, 6, 142, 65, 3592.06, 30, 299.22, NULL, NULL, 399.08, 143.68, NULL, 113.73, NULL, 151.69, NULL, '2017', '10'),
	(384, 3, 6, 6, 142, 66, 3592.06, 30, 299.22, NULL, NULL, 399.08, 143.68, NULL, 113.73, NULL, 151.69, NULL, '2017', '11'),
	(385, 3, 6, 6, 142, 67, 3592.06, 30, 299.22, 0.00, NULL, 399.08, 143.68, 0.00, 113.73, 0.00, 151.69, NULL, '2017', '12'),
	(386, 3, 6, 6, 143, 66, 3592.06, 30, 299.22, NULL, NULL, 399.08, 143.68, NULL, 113.73, NULL, 151.69, NULL, '2017', '11'),
	(387, 3, 6, 6, 143, 67, 3592.06, 30, 299.22, 0.00, NULL, 399.08, 143.68, 0.00, 113.73, 0.00, 151.69, NULL, '2017', '12'),
	(388, 3, 6, 6, 144, 66, 3592.06, 30, 299.22, NULL, NULL, 399.08, 143.68, NULL, 113.73, NULL, 151.69, NULL, '2017', '11'),
	(389, 3, 6, 6, 144, 67, 3592.06, 30, 299.22, 0.00, NULL, 399.08, 143.68, 0.00, 113.73, 0.00, 151.69, NULL, '2017', '12'),
	(390, 3, 6, 6, 145, 66, 3592.06, 30, 299.22, NULL, NULL, 399.08, 143.68, NULL, 113.73, NULL, 151.69, NULL, '2017', '11'),
	(391, 3, 6, 6, 145, 67, 3592.06, 30, 299.22, 0.00, NULL, 399.08, 143.68, 0.00, 113.73, 0.00, 151.69, NULL, '2017', '12'),
	(392, 3, 6, 6, 146, 66, 3592.06, 30, 299.22, NULL, NULL, 399.08, 143.68, NULL, 113.73, NULL, 151.69, NULL, '2017', '11'),
	(393, 3, 6, 6, 146, 67, 3592.06, 30, 299.22, 0.00, NULL, 399.08, 143.68, 0.00, 113.73, 0.00, 151.69, NULL, '2017', '12'),
	(394, 3, 6, 6, 147, 66, 3592.06, 30, 299.22, NULL, NULL, 399.08, 143.68, NULL, 113.73, NULL, 151.69, NULL, '2017', '11'),
	(395, 3, 6, 6, 147, 67, 3592.06, 30, 299.22, 0.00, NULL, 399.08, 143.68, 0.00, 113.73, 0.00, 151.69, NULL, '2017', '12'),
	(396, 3, 6, 6, 148, 66, 3592.06, 30, 299.22, NULL, NULL, 399.08, 143.68, NULL, 113.73, NULL, 151.69, NULL, '2017', '11'),
	(397, 3, 6, 6, 148, 67, 3592.06, 30, 299.22, 0.00, NULL, 399.08, 143.68, 0.00, 113.73, 0.00, 151.69, NULL, '2017', '12'),
	(398, 3, 6, 6, 149, 66, 3592.06, 30, 299.22, NULL, NULL, 399.08, 143.68, NULL, 113.73, NULL, 151.69, NULL, '2017', '11'),
	(399, 3, 6, 6, 149, 67, 3592.06, 30, 299.22, 0.00, NULL, 399.08, 143.68, 0.00, 113.73, 0.00, 151.69, NULL, '2017', '12'),
	(400, 3, 6, 6, 150, 66, 3592.06, 30, 299.22, NULL, NULL, 399.08, 143.68, NULL, 113.73, NULL, 151.69, NULL, '2017', '11'),
	(401, 3, 6, 6, 150, 67, 3592.06, 30, 299.22, 0.00, NULL, 399.08, 143.68, 0.00, 113.73, 0.00, 151.69, NULL, '2017', '12'),
	(402, 3, 6, 6, 151, 66, 3592.06, 30, 299.22, NULL, NULL, 399.08, 143.68, NULL, 113.73, NULL, 151.69, NULL, '2017', '11'),
	(403, 3, 6, 6, 151, 67, 3592.06, 30, 299.22, 0.00, NULL, 399.08, 143.68, 0.00, 113.73, 0.00, 151.69, NULL, '2017', '12'),
	(404, 3, 6, 6, 152, 66, 838.15, 7, 69.82, NULL, NULL, 93.12, 33.53, NULL, 26.54, NULL, 35.39, NULL, '2017', '11'),
	(405, 3, 6, 6, 152, 67, 3592.06, 30, 299.22, 0.00, NULL, 399.08, 143.68, 0.00, 113.73, 0.00, 151.69, NULL, '2017', '12'),
	(406, 3, 6, 6, 153, 66, 3592.06, 30, 299.22, NULL, NULL, 399.08, 143.68, NULL, 113.73, NULL, 151.69, NULL, '2017', '11'),
	(407, 3, 6, 6, 153, 67, 3592.06, 30, 299.22, 0.00, NULL, 399.08, 143.68, 0.00, 113.73, 0.00, 151.69, NULL, '2017', '12'),
	(408, 3, 6, 6, 154, 66, 3592.06, 30, 299.22, NULL, NULL, 399.08, 143.68, NULL, 113.73, NULL, 151.69, NULL, '2017', '11'),
	(409, 3, 6, 6, 154, 67, 3592.06, 30, 299.22, 0.00, NULL, 399.08, 143.68, 0.00, 113.73, 0.00, 151.69, NULL, '2017', '12'),
	(410, 3, 6, 6, 155, 66, 3592.06, 30, 299.22, NULL, NULL, 399.08, 143.68, NULL, 113.73, NULL, 151.69, NULL, '2017', '11'),
	(411, 3, 6, 6, 155, 67, 3592.06, 30, 299.22, 0.00, NULL, 399.08, 143.68, 0.00, 113.73, 0.00, 151.69, NULL, '2017', '12'),
	(412, 3, 6, 6, 156, 66, 1077.62, 9, 89.77, NULL, NULL, 119.72, 43.10, NULL, 34.12, NULL, 45.51, NULL, '2017', '11'),
	(413, 3, 6, 6, 156, 67, 3592.06, 30, 299.22, 0.00, NULL, 399.08, 143.68, 0.00, 113.73, 0.00, 151.69, NULL, '2017', '12'),
	(414, 3, 6, 6, 157, 66, 3592.06, 30, 299.22, NULL, NULL, 399.08, 143.68, NULL, 113.73, NULL, 151.69, NULL, '2017', '11'),
	(415, 3, 6, 6, 157, 67, 3592.06, 30, 299.22, 0.00, NULL, 399.08, 143.68, 0.00, 113.73, 0.00, 151.69, NULL, '2017', '12'),
	(416, 3, 6, 6, 158, 66, 3592.06, 30, 299.22, NULL, NULL, 399.08, 143.68, NULL, 113.73, NULL, 151.69, NULL, '2017', '11'),
	(417, 3, 6, 6, 158, 67, 3592.06, 30, 299.22, 0.00, NULL, 399.08, 143.68, 0.00, 113.73, 0.00, 151.69, NULL, '2017', '12'),
	(418, 3, 6, 6, 159, 66, 3592.06, 30, 299.22, NULL, NULL, 399.08, 143.68, NULL, 113.73, NULL, 151.69, NULL, '2017', '11'),
	(419, 3, 6, 6, 159, 67, 3592.06, 30, 299.22, 0.00, NULL, 399.08, 143.68, 0.00, 113.73, 0.00, 151.69, NULL, '2017', '12'),
	(420, 3, 6, 6, 160, 66, 1197.35, 10, 99.74, NULL, NULL, 133.03, 47.89, NULL, 37.91, NULL, 50.56, NULL, '2017', '11'),
	(421, 3, 6, 6, 160, 67, 3592.06, 30, 299.22, 0.00, NULL, 399.08, 143.68, 0.00, 113.73, 0.00, 151.69, NULL, '2017', '12'),
	(422, 3, 6, 6, 161, 66, 3592.06, 30, 299.22, NULL, NULL, 399.08, 143.68, NULL, 113.73, NULL, 151.69, NULL, '2017', '11'),
	(423, 3, 6, 6, 161, 67, 3592.06, 30, 299.22, 0.00, NULL, 399.08, 143.68, 0.00, 113.73, 0.00, 151.69, NULL, '2017', '12'),
	(424, 3, 6, 6, 162, 66, 3592.06, 30, 299.22, NULL, NULL, 399.08, 143.68, NULL, 113.73, NULL, 151.69, NULL, '2017', '11'),
	(425, 3, 6, 6, 162, 67, 3592.06, 30, 299.22, 0.00, NULL, 399.08, 143.68, 0.00, 113.73, 0.00, 151.69, NULL, '2017', '12'),
	(426, 3, 6, 6, 163, 66, 3592.06, 30, 299.22, NULL, NULL, 399.08, 143.68, NULL, 113.73, NULL, 151.69, NULL, '2017', '11'),
	(427, 3, 6, 6, 163, 67, 3592.06, 30, 299.22, 0.00, NULL, 399.08, 143.68, 0.00, 113.73, 0.00, 151.69, NULL, '2017', '12'),
	(428, 3, 6, 6, 164, 66, 3592.06, 30, 299.22, NULL, NULL, 399.08, 143.68, NULL, 113.73, NULL, 151.69, NULL, '2017', '11'),
	(429, 3, 6, 6, 164, 67, 3592.06, 30, 299.22, 0.00, NULL, 399.08, 143.68, 0.00, 113.73, 0.00, 151.69, NULL, '2017', '12'),
	(430, 3, 6, 6, 165, 66, 3592.06, 30, 299.22, NULL, NULL, 399.08, 143.68, NULL, 113.73, NULL, 151.69, NULL, '2017', '11'),
	(431, 3, 6, 6, 165, 67, 3592.06, 30, 299.22, 0.00, NULL, 399.08, 143.68, 0.00, 113.73, 0.00, 151.69, NULL, '2017', '12'),
	(432, 3, 6, 6, 166, 66, 3592.06, 30, 299.22, NULL, NULL, 399.08, 143.68, NULL, 113.73, NULL, 151.69, NULL, '2017', '11'),
	(433, 3, 6, 6, 166, 67, 3592.06, 30, 299.22, 0.00, NULL, 399.08, 143.68, 0.00, 113.73, 0.00, 151.69, NULL, '2017', '12'),
	(434, 3, 6, 6, 167, 66, 3592.06, 30, 299.22, NULL, NULL, 399.08, 143.68, NULL, 113.73, NULL, 151.69, NULL, '2017', '11'),
	(435, 3, 6, 6, 167, 67, 3592.06, 30, 299.22, 0.00, NULL, 399.08, 143.68, 0.00, 113.73, 0.00, 151.69, NULL, '2017', '12'),
	(436, 3, 6, 6, 168, 66, 8612.50, 30, 717.42, NULL, NULL, 956.85, 344.50, NULL, 272.69, NULL, 363.70, NULL, '2017', '11'),
	(437, 3, 6, 6, 168, 67, 8612.50, 30, 717.42, 0.00, NULL, 956.85, 344.50, 0.00, 272.69, 0.00, 363.70, NULL, '2017', '12'),
	(438, 3, 6, 6, 169, 66, 3592.06, 30, 299.22, NULL, NULL, 399.08, 143.68, NULL, 113.73, NULL, 151.69, NULL, '2017', '11'),
	(439, 3, 6, 6, 169, 67, 3592.06, 30, 299.22, 0.00, NULL, 399.08, 143.68, 0.00, 113.73, 0.00, 151.69, NULL, '2017', '12'),
	(440, 3, 6, 6, 170, 66, 3592.06, 30, 299.22, NULL, NULL, 399.08, 143.68, NULL, 113.73, NULL, 151.69, NULL, '2017', '11'),
	(441, 3, 6, 6, 170, 67, 3592.06, 30, 299.22, 0.00, NULL, 399.08, 143.68, 0.00, 113.73, 0.00, 151.69, NULL, '2017', '12'),
	(442, 3, 6, 6, 171, 66, 3592.06, 30, 299.22, NULL, NULL, 399.08, 143.68, NULL, 113.73, NULL, 151.69, NULL, '2017', '11'),
	(443, 3, 6, 6, 171, 67, 3592.06, 30, 299.22, 0.00, NULL, 399.08, 143.68, 0.00, 113.73, 0.00, 151.69, NULL, '2017', '12'),
	(444, 3, 6, 6, 172, 66, 3592.06, 30, 299.22, NULL, NULL, 399.08, 143.68, NULL, 113.73, NULL, 151.69, NULL, '2017', '11'),
	(445, 3, 6, 6, 172, 67, 3592.06, 30, 299.22, 0.00, NULL, 399.08, 143.68, 0.00, 113.73, 0.00, 151.69, NULL, '2017', '12'),
	(446, 3, 6, 6, 173, 66, 3592.06, 30, 299.22, NULL, NULL, 399.08, 143.68, NULL, 113.73, NULL, 151.69, NULL, '2017', '11'),
	(447, 3, 6, 6, 173, 67, 3592.06, 30, 299.22, 0.00, NULL, 399.08, 143.68, 0.00, 113.73, 0.00, 151.69, NULL, '2017', '12'),
	(448, 3, 6, 6, 174, 66, 3592.06, 30, 299.22, NULL, NULL, 399.08, 143.68, NULL, 113.73, NULL, 151.69, NULL, '2017', '11'),
	(449, 3, 6, 6, 174, 67, 3592.06, 30, 299.22, 0.00, NULL, 399.08, 143.68, 0.00, 113.73, 0.00, 151.69, NULL, '2017', '12'),
	(450, 3, 6, 6, 175, 66, 8612.50, 30, 717.42, NULL, NULL, 956.85, 344.50, NULL, 272.69, NULL, 363.70, NULL, '2017', '11'),
	(451, 3, 6, 6, 175, 67, 8612.50, 30, 717.42, 0.00, NULL, 956.85, 344.50, 0.00, 272.69, 0.00, 363.70, NULL, '2017', '12'),
	(452, 3, 6, 6, 176, 66, 3232.85, 27, 269.30, NULL, NULL, 359.17, 129.31, NULL, 102.36, NULL, 136.52, NULL, '2017', '11'),
	(453, 3, 6, 6, 176, 67, 3592.06, 30, 299.22, 0.00, NULL, 399.08, 143.68, 0.00, 113.73, 0.00, 151.69, NULL, '2017', '12'),
	(818, 2, 8, 9, 451, 114, 2616.30, 30, 217.94, NULL, NULL, 290.67, 104.65, NULL, 82.84, NULL, 110.48, NULL, '2018', '10'),
	(819, 2, 8, 9, 452, 114, 2616.30, 30, 217.94, NULL, NULL, 290.67, 104.65, NULL, 82.84, NULL, 110.48, NULL, '2018', '10'),
	(820, 2, 8, 9, 453, 114, 2616.30, 30, 217.94, NULL, NULL, 290.67, 104.65, NULL, 82.84, NULL, 110.48, NULL, '2018', '10'),
	(821, 2, 8, 9, 454, 114, 2616.30, 30, 217.94, NULL, NULL, 290.67, 104.65, NULL, 82.84, NULL, 110.48, NULL, '2018', '10'),
	(822, 2, 8, 9, 455, 114, 348.84, 4, 29.06, NULL, NULL, 38.76, 13.95, NULL, 11.05, NULL, 14.73, NULL, '2018', '10'),
	(823, 2, 8, 9, 456, 114, 2616.30, 30, 217.94, NULL, NULL, 290.67, 104.65, NULL, 82.84, NULL, 110.48, NULL, '2018', '10'),
	(824, 2, 8, 9, 457, 114, 2867.41, 30, 238.86, NULL, NULL, 318.57, 114.70, NULL, 90.79, NULL, 121.09, NULL, '2018', '10'),
	(825, 2, 8, 9, 458, 114, 3138.19, 30, 261.41, NULL, NULL, 348.65, 125.53, NULL, 99.36, NULL, 132.52, NULL, '2018', '10'),
	(826, 2, 8, 9, 459, 114, 3864.36, 30, 321.90, NULL, NULL, 429.33, 154.57, NULL, 122.35, NULL, 163.19, NULL, '2018', '10'),
	(827, 2, 8, 9, 460, 114, 2616.30, 30, 217.94, NULL, NULL, 290.67, 104.65, NULL, 82.84, NULL, 110.48, NULL, '2018', '10'),
	(828, 2, 8, 9, 461, 114, 2616.30, 30, 217.94, NULL, NULL, 290.67, 104.65, NULL, 82.84, NULL, 110.48, NULL, '2018', '10'),
	(829, 2, 8, 9, 462, 114, 2616.30, 30, 217.94, NULL, NULL, 290.67, 104.65, NULL, 82.84, NULL, 110.48, NULL, '2018', '10'),
	(830, 2, 8, 9, 463, 114, 2616.30, 30, 217.94, NULL, NULL, 290.67, 104.65, NULL, 82.84, NULL, 110.48, NULL, '2018', '10'),
	(831, 2, 8, 9, 464, 114, 2616.30, 30, 217.94, NULL, NULL, 290.67, 104.65, NULL, 82.84, NULL, 110.48, NULL, '2018', '10'),
	(832, 2, 8, 9, 465, 114, 2616.30, 30, 217.94, NULL, NULL, 290.67, 104.65, NULL, 82.84, NULL, 110.48, NULL, '2018', '10'),
	(833, 2, 8, 9, 466, 114, 2616.30, 30, 217.94, NULL, NULL, 290.67, 104.65, NULL, 82.84, NULL, 110.48, NULL, '2018', '10'),
	(834, 2, 8, 9, 467, 114, 2616.30, 30, 217.94, NULL, NULL, 290.67, 104.65, NULL, 82.84, NULL, 110.48, NULL, '2018', '10'),
	(835, 2, 8, 9, 468, 114, 2867.41, 30, 238.86, NULL, NULL, 318.57, 114.70, NULL, 90.79, NULL, 121.09, NULL, '2018', '10'),
	(836, 2, 8, 9, 469, 114, 2616.30, 30, 217.94, NULL, NULL, 290.67, 104.65, NULL, 82.84, NULL, 110.48, NULL, '2018', '10'),
	(837, 2, 8, 9, 470, 114, 2616.30, 30, 217.94, NULL, NULL, 290.67, 104.65, NULL, 82.84, NULL, 110.48, NULL, '2018', '10'),
	(838, 2, 8, 9, 471, 114, 2983.11, 30, 248.49, NULL, NULL, 331.42, 119.32, NULL, 94.45, NULL, 125.97, NULL, '2018', '10'),
	(839, 2, 8, 9, 472, 114, 2616.30, 30, 217.94, NULL, NULL, 290.67, 104.65, NULL, 82.84, NULL, 110.48, NULL, '2018', '10'),
	(840, 2, 8, 9, 473, 114, 2983.11, 30, 248.49, NULL, NULL, 331.42, 119.32, NULL, 94.45, NULL, 125.97, NULL, '2018', '10'),
	(841, 2, 8, 9, 474, 114, 2867.41, 30, 238.86, NULL, NULL, 318.57, 114.70, NULL, 90.79, NULL, 121.09, NULL, '2018', '10'),
	(842, 2, 8, 9, 475, 114, 2867.41, 30, 238.86, NULL, NULL, 318.57, 114.70, NULL, 90.79, NULL, 121.09, NULL, '2018', '10'),
	(843, 2, 8, 9, 476, 114, 2867.41, 30, 238.86, NULL, NULL, 318.57, 114.70, NULL, 90.79, NULL, 121.09, NULL, '2018', '10'),
	(844, 2, 8, 9, 477, 114, 2983.11, 30, 248.49, NULL, NULL, 331.42, 119.32, NULL, 94.45, NULL, 125.97, NULL, '2018', '10'),
	(845, 2, 8, 9, 478, 114, 2616.30, 30, 217.94, NULL, NULL, 290.67, 104.65, NULL, 82.84, NULL, 110.48, NULL, '2018', '10'),
	(846, 2, 8, 9, 479, 114, 2983.11, 30, 248.49, NULL, NULL, 331.42, 119.32, NULL, 94.45, NULL, 125.97, NULL, '2018', '10'),
	(847, 2, 8, 9, 480, 114, 2867.41, 30, 238.86, NULL, NULL, 318.57, 114.70, NULL, 90.79, NULL, 121.09, NULL, '2018', '10'),
	(848, 2, 8, 9, 481, 114, 2616.30, 30, 217.94, NULL, NULL, 290.67, 104.65, NULL, 82.84, NULL, 110.48, NULL, '2018', '10'),
	(849, 2, 8, 9, 482, 114, 2616.30, 30, 217.94, NULL, NULL, 290.67, 104.65, NULL, 82.84, NULL, 110.48, NULL, '2018', '10'),
	(850, 2, 8, 9, 483, 114, 3269.31, 30, 272.33, NULL, NULL, 363.22, 130.77, NULL, 103.51, NULL, 138.06, NULL, '2018', '10'),
	(851, 2, 8, 9, 484, 114, 2616.30, 30, 217.94, NULL, NULL, 290.67, 104.65, NULL, 82.84, NULL, 110.48, NULL, '2018', '10'),
	(852, 2, 8, 9, 485, 114, 2766.30, 30, 230.43, NULL, NULL, 307.34, 110.65, NULL, 87.59, NULL, 116.82, NULL, '2018', '10'),
	(853, 2, 8, 9, 486, 114, 2616.30, 30, 217.94, NULL, NULL, 290.67, 104.65, NULL, 82.84, NULL, 110.48, NULL, '2018', '10'),
	(854, 2, 8, 9, 487, 114, 2616.30, 30, 217.94, NULL, NULL, 290.67, 104.65, NULL, 82.84, NULL, 110.48, NULL, '2018', '10'),
	(855, 2, 8, 9, 488, 114, 2616.30, 30, 217.94, NULL, NULL, 290.67, 104.65, NULL, 82.84, NULL, 110.48, NULL, '2018', '10'),
	(856, 2, 8, 9, 489, 114, 2616.30, 30, 217.94, NULL, NULL, 290.67, 104.65, NULL, 82.84, NULL, 110.48, NULL, '2018', '10'),
	(857, 2, 8, 9, 490, 114, 2616.30, 30, 217.94, NULL, NULL, 290.67, 104.65, NULL, 82.84, NULL, 110.48, NULL, '2018', '10'),
	(858, 2, 8, 9, 491, 114, 2983.11, 30, 248.49, NULL, NULL, 331.42, 119.32, NULL, 94.45, NULL, 125.97, NULL, '2018', '10'),
	(859, 2, 8, 9, 492, 114, 2983.11, 30, 248.49, NULL, NULL, 331.42, 119.32, NULL, 94.45, NULL, 125.97, NULL, '2018', '10'),
	(860, 2, 8, 9, 493, 114, 2616.30, 30, 217.94, NULL, NULL, 290.67, 104.65, NULL, 82.84, NULL, 110.48, NULL, '2018', '10'),
	(861, 2, 8, 9, 494, 114, 2616.30, 30, 217.94, NULL, NULL, 290.67, 104.65, NULL, 82.84, NULL, 110.48, NULL, '2018', '10'),
	(862, 2, 8, 9, 495, 114, 2616.30, 30, 217.94, NULL, NULL, 290.67, 104.65, NULL, 82.84, NULL, 110.48, NULL, '2018', '10'),
	(863, 2, 8, 9, 496, 114, 2616.30, 30, 217.94, NULL, NULL, 290.67, 104.65, NULL, 82.84, NULL, 110.48, NULL, '2018', '10'),
	(864, 2, 8, 9, 497, 114, 2766.30, 30, 230.43, NULL, NULL, 307.34, 110.65, NULL, 87.59, NULL, 116.82, NULL, '2018', '10'),
	(865, 2, 8, 9, 498, 114, 2616.30, 30, 217.94, NULL, NULL, 290.67, 104.65, NULL, 82.84, NULL, 110.48, NULL, '2018', '10'),
	(866, 2, 8, 9, 499, 114, 2616.30, 30, 217.94, NULL, NULL, 290.67, 104.65, NULL, 82.84, NULL, 110.48, NULL, '2018', '10'),
	(867, 2, 8, 9, 500, 114, 2616.30, 30, 217.94, NULL, NULL, 290.67, 104.65, NULL, 82.84, NULL, 110.48, NULL, '2018', '10'),
	(868, 2, 8, 9, 501, 114, 2616.30, 30, 217.94, NULL, NULL, 290.67, 104.65, NULL, 82.84, NULL, 110.48, NULL, '2018', '10'),
	(869, 2, 8, 9, 502, 114, 2616.30, 30, 217.94, NULL, NULL, 290.67, 104.65, NULL, 82.84, NULL, 110.48, NULL, '2018', '10'),
	(1032, 2, 8, 9, 451, 119, 2616.30, 30, 217.94, NULL, NULL, 290.67, 104.65, NULL, 82.84, NULL, 110.48, NULL, '2018', '11'),
	(1033, 2, 8, 9, 452, 119, 2616.30, 30, 217.94, NULL, NULL, 290.67, 104.65, NULL, 82.84, NULL, 110.48, NULL, '2018', '11'),
	(1034, 2, 8, 9, 453, 119, 2616.30, 30, 217.94, NULL, NULL, 290.67, 104.65, NULL, 82.84, NULL, 110.48, NULL, '2018', '11'),
	(1035, 2, 8, 9, 454, 119, 2616.30, 30, 217.94, NULL, NULL, 290.67, 104.65, NULL, 82.84, NULL, 110.48, NULL, '2018', '11'),
	(1036, 2, 8, 9, 456, 119, 2616.30, 30, 217.94, NULL, NULL, 290.67, 104.65, NULL, 82.84, NULL, 110.48, NULL, '2018', '11'),
	(1037, 2, 8, 9, 457, 119, 2616.30, 30, 217.94, NULL, NULL, 290.67, 104.65, NULL, 82.84, NULL, 110.48, NULL, '2018', '11'),
	(1038, 2, 8, 9, 458, 119, 3138.19, 30, 261.41, NULL, NULL, 348.65, 125.53, NULL, 99.36, NULL, 132.52, NULL, '2018', '11'),
	(1039, 2, 8, 9, 459, 119, 3578.16, 30, 298.06, NULL, NULL, 397.53, 143.13, NULL, 113.29, NULL, 151.10, NULL, '2018', '11'),
	(1040, 2, 8, 9, 460, 119, 2616.30, 30, 217.94, NULL, NULL, 290.67, 104.65, NULL, 82.84, NULL, 110.48, NULL, '2018', '11'),
	(1041, 2, 8, 9, 461, 119, 2616.30, 30, 217.94, NULL, NULL, 290.67, 104.65, NULL, 82.84, NULL, 110.48, NULL, '2018', '11'),
	(1042, 2, 8, 9, 462, 119, 2616.30, 30, 217.94, NULL, NULL, 290.67, 104.65, NULL, 82.84, NULL, 110.48, NULL, '2018', '11'),
	(1043, 2, 8, 9, 463, 119, 2616.30, 30, 217.94, NULL, NULL, 290.67, 104.65, NULL, 82.84, NULL, 110.48, NULL, '2018', '11'),
	(1044, 2, 8, 9, 464, 119, 2616.30, 30, 217.94, NULL, NULL, 290.67, 104.65, NULL, 82.84, NULL, 110.48, NULL, '2018', '11'),
	(1045, 2, 8, 9, 465, 119, 2616.30, 30, 217.94, NULL, NULL, 290.67, 104.65, NULL, 82.84, NULL, 110.48, NULL, '2018', '11'),
	(1046, 2, 8, 9, 466, 119, 2616.30, 30, 217.94, NULL, NULL, 290.67, 104.65, NULL, 82.84, NULL, 110.48, NULL, '2018', '11'),
	(1047, 2, 8, 9, 467, 119, 2616.30, 30, 217.94, NULL, NULL, 290.67, 104.65, NULL, 82.84, NULL, 110.48, NULL, '2018', '11'),
	(1048, 2, 8, 9, 468, 119, 2616.30, 30, 217.94, NULL, NULL, 290.67, 104.65, NULL, 82.84, NULL, 110.48, NULL, '2018', '11'),
	(1049, 2, 8, 9, 469, 119, 2616.30, 30, 217.94, NULL, NULL, 290.67, 104.65, NULL, 82.84, NULL, 110.48, NULL, '2018', '11'),
	(1050, 2, 8, 9, 470, 119, 2616.30, 30, 217.94, NULL, NULL, 290.67, 104.65, NULL, 82.84, NULL, 110.48, NULL, '2018', '11'),
	(1051, 2, 8, 9, 503, 119, 2616.30, 30, 217.94, NULL, NULL, 290.67, 104.65, NULL, 82.84, NULL, 110.48, NULL, '2018', '11'),
	(1052, 2, 8, 9, 471, 119, 2983.11, 30, 248.49, NULL, NULL, 331.42, 119.32, NULL, 94.45, NULL, 125.97, NULL, '2018', '11'),
	(1053, 2, 8, 9, 472, 119, 2616.30, 30, 217.94, NULL, NULL, 290.67, 104.65, NULL, 82.84, NULL, 110.48, NULL, '2018', '11'),
	(1054, 2, 8, 9, 473, 119, 2983.11, 30, 248.49, NULL, NULL, 331.42, 119.32, NULL, 94.45, NULL, 125.97, NULL, '2018', '11'),
	(1055, 2, 8, 9, 474, 119, 2616.30, 30, 217.94, NULL, NULL, 290.67, 104.65, NULL, 82.84, NULL, 110.48, NULL, '2018', '11'),
	(1056, 2, 8, 9, 475, 119, 2616.30, 30, 217.94, NULL, NULL, 290.67, 104.65, NULL, 82.84, NULL, 110.48, NULL, '2018', '11'),
	(1057, 2, 8, 9, 504, 119, 2616.30, 30, 217.94, NULL, NULL, 290.67, 104.65, NULL, 82.84, NULL, 110.48, NULL, '2018', '11'),
	(1058, 2, 8, 9, 476, 119, 2616.30, 30, 217.94, NULL, NULL, 290.67, 104.65, NULL, 82.84, NULL, 110.48, NULL, '2018', '11'),
	(1059, 2, 8, 9, 477, 119, 2983.11, 30, 248.49, NULL, NULL, 331.42, 119.32, NULL, 94.45, NULL, 125.97, NULL, '2018', '11'),
	(1060, 2, 8, 9, 478, 119, 2616.30, 30, 217.94, NULL, NULL, 290.67, 104.65, NULL, 82.84, NULL, 110.48, NULL, '2018', '11'),
	(1061, 2, 8, 9, 479, 119, 2983.11, 30, 248.49, NULL, NULL, 331.42, 119.32, NULL, 94.45, NULL, 125.97, NULL, '2018', '11'),
	(1062, 2, 8, 9, 480, 119, 2616.30, 30, 217.94, NULL, NULL, 290.67, 104.65, NULL, 82.84, NULL, 110.48, NULL, '2018', '11'),
	(1063, 2, 8, 9, 481, 119, 2529.09, 29, 210.67, NULL, NULL, 280.98, 101.16, NULL, 80.08, NULL, 106.80, NULL, '2018', '11'),
	(1064, 2, 8, 9, 482, 119, 2983.11, 30, 248.49, NULL, NULL, 331.42, 119.32, NULL, 94.45, NULL, 125.97, NULL, '2018', '11'),
	(1065, 2, 8, 9, 483, 119, 2616.30, 30, 217.94, NULL, NULL, 290.67, 104.65, NULL, 82.84, NULL, 110.48, NULL, '2018', '11'),
	(1066, 2, 8, 9, 484, 119, 2616.30, 30, 217.94, NULL, NULL, 290.67, 104.65, NULL, 82.84, NULL, 110.48, NULL, '2018', '11'),
	(1067, 2, 8, 9, 485, 119, 2616.30, 30, 217.94, NULL, NULL, 290.67, 104.65, NULL, 82.84, NULL, 110.48, NULL, '2018', '11'),
	(1068, 2, 8, 9, 486, 119, 2616.30, 30, 217.94, NULL, NULL, 290.67, 104.65, NULL, 82.84, NULL, 110.48, NULL, '2018', '11'),
	(1069, 2, 8, 9, 487, 119, 2616.30, 30, 217.94, NULL, NULL, 290.67, 104.65, NULL, 82.84, NULL, 110.48, NULL, '2018', '11'),
	(1070, 2, 8, 9, 488, 119, 2616.30, 30, 217.94, NULL, NULL, 290.67, 104.65, NULL, 82.84, NULL, 110.48, NULL, '2018', '11'),
	(1071, 2, 8, 9, 489, 119, 2616.30, 30, 217.94, NULL, NULL, 290.67, 104.65, NULL, 82.84, NULL, 110.48, NULL, '2018', '11'),
	(1072, 2, 8, 9, 490, 119, 2616.30, 30, 217.94, NULL, NULL, 290.67, 104.65, NULL, 82.84, NULL, 110.48, NULL, '2018', '11'),
	(1073, 2, 8, 9, 491, 119, 2983.11, 30, 248.49, NULL, NULL, 331.42, 119.32, NULL, 94.45, NULL, 125.97, NULL, '2018', '11'),
	(1074, 2, 8, 9, 492, 119, 2983.11, 30, 248.49, NULL, NULL, 331.42, 119.32, NULL, 94.45, NULL, 125.97, NULL, '2018', '11'),
	(1075, 2, 8, 9, 505, 119, 2616.30, 30, 217.94, NULL, NULL, 290.67, 104.65, NULL, 82.84, NULL, 110.48, NULL, '2018', '11'),
	(1076, 2, 8, 9, 493, 119, 2616.30, 30, 217.94, NULL, NULL, 290.67, 104.65, NULL, 82.84, NULL, 110.48, NULL, '2018', '11'),
	(1077, 2, 8, 9, 494, 119, 2616.30, 30, 217.94, NULL, NULL, 290.67, 104.65, NULL, 82.84, NULL, 110.48, NULL, '2018', '11'),
	(1078, 2, 8, 9, 495, 119, 2616.30, 30, 217.94, NULL, NULL, 290.67, 104.65, NULL, 82.84, NULL, 110.48, NULL, '2018', '11'),
	(1079, 2, 8, 9, 496, 119, 2616.30, 30, 217.94, NULL, NULL, 290.67, 104.65, NULL, 82.84, NULL, 110.48, NULL, '2018', '11'),
	(1080, 2, 8, 9, 497, 119, 2616.30, 30, 217.94, NULL, NULL, 290.67, 104.65, NULL, 82.84, NULL, 110.48, NULL, '2018', '11'),
	(1081, 2, 8, 9, 498, 119, 2616.30, 30, 217.94, NULL, NULL, 290.67, 104.65, NULL, 82.84, NULL, 110.48, NULL, '2018', '11'),
	(1082, 2, 8, 9, 499, 119, 2616.30, 30, 217.94, NULL, NULL, 290.67, 104.65, NULL, 82.84, NULL, 110.48, NULL, '2018', '11'),
	(1083, 2, 8, 9, 500, 119, 2616.30, 30, 217.94, NULL, NULL, 290.67, 104.65, NULL, 82.84, NULL, 110.48, NULL, '2018', '11'),
	(1084, 2, 8, 9, 501, 119, 2616.30, 30, 217.94, NULL, NULL, 290.67, 104.65, NULL, 82.84, NULL, 110.48, NULL, '2018', '11'),
	(1085, 2, 8, 9, 502, 119, 2616.30, 30, 217.94, NULL, NULL, 290.67, 104.65, NULL, 82.84, NULL, 110.48, NULL, '2018', '11'),
	(1138, 2, 8, 9, 451, 121, 2616.30, 30, 217.94, NULL, NULL, 290.67, 104.65, NULL, 82.84, NULL, 110.48, NULL, '2018', '12'),
	(1139, 2, 8, 9, 452, 121, 2616.30, 30, 217.94, NULL, NULL, 290.67, 104.65, NULL, 82.84, NULL, 110.48, NULL, '2018', '12'),
	(1140, 2, 8, 9, 453, 121, 2616.30, 30, 217.94, NULL, NULL, 290.67, 104.65, NULL, 82.84, NULL, 110.48, NULL, '2018', '12'),
	(1141, 2, 8, 9, 454, 121, 2616.30, 30, 217.94, NULL, NULL, 290.67, 104.65, NULL, 82.84, NULL, 110.48, NULL, '2018', '12'),
	(1142, 2, 8, 9, 455, 121, 348.84, 4, 29.06, NULL, NULL, 38.76, 13.95, NULL, 11.05, NULL, 14.73, NULL, '2018', '12'),
	(1143, 2, 8, 9, 456, 121, 2616.30, 30, 217.94, NULL, NULL, 290.67, 104.65, NULL, 82.84, NULL, 110.48, NULL, '2018', '12'),
	(1144, 2, 8, 9, 458, 121, 3138.19, 30, 261.41, NULL, NULL, 348.65, 125.53, NULL, 99.36, NULL, 132.52, NULL, '2018', '12'),
	(1145, 2, 8, 9, 459, 121, 3578.16, 30, 298.06, NULL, NULL, 397.53, 143.13, NULL, 113.29, NULL, 151.10, NULL, '2018', '12'),
	(1146, 2, 8, 9, 460, 121, 2616.30, 30, 217.94, NULL, NULL, 290.67, 104.65, NULL, 82.84, NULL, 110.48, NULL, '2018', '12'),
	(1147, 2, 8, 9, 461, 121, 2616.30, 30, 217.94, NULL, NULL, 290.67, 104.65, NULL, 82.84, NULL, 110.48, NULL, '2018', '12'),
	(1148, 2, 8, 9, 463, 121, 2616.30, 30, 217.94, NULL, NULL, 290.67, 104.65, NULL, 82.84, NULL, 110.48, NULL, '2018', '12'),
	(1149, 2, 8, 9, 464, 121, 2616.30, 30, 217.94, NULL, NULL, 290.67, 104.65, NULL, 82.84, NULL, 110.48, NULL, '2018', '12'),
	(1150, 2, 8, 9, 465, 121, 2616.30, 30, 217.94, NULL, NULL, 290.67, 104.65, NULL, 82.84, NULL, 110.48, NULL, '2018', '12'),
	(1151, 2, 8, 9, 466, 121, 2616.30, 30, 217.94, NULL, NULL, 290.67, 104.65, NULL, 82.84, NULL, 110.48, NULL, '2018', '12'),
	(1152, 2, 8, 9, 467, 121, 2616.30, 30, 217.94, NULL, NULL, 290.67, 104.65, NULL, 82.84, NULL, 110.48, NULL, '2018', '12'),
	(1153, 2, 8, 9, 468, 121, 2616.30, 30, 217.94, NULL, NULL, 290.67, 104.65, NULL, 82.84, NULL, 110.48, NULL, '2018', '12'),
	(1154, 2, 8, 9, 508, 121, 2616.30, 30, 217.94, NULL, NULL, 290.67, 104.65, NULL, 82.84, NULL, 110.48, NULL, '2018', '12'),
	(1155, 2, 8, 9, 469, 121, 2616.30, 30, 217.94, NULL, NULL, 290.67, 104.65, NULL, 82.84, NULL, 110.48, NULL, '2018', '12'),
	(1156, 2, 8, 9, 470, 121, 2616.30, 30, 217.94, NULL, NULL, 290.67, 104.65, NULL, 82.84, NULL, 110.48, NULL, '2018', '12'),
	(1157, 2, 8, 9, 503, 121, 2616.30, 30, 217.94, NULL, NULL, 290.67, 104.65, NULL, 82.84, NULL, 110.48, NULL, '2018', '12'),
	(1158, 2, 8, 9, 471, 121, 2983.11, 30, 248.49, NULL, NULL, 331.42, 119.32, NULL, 94.45, NULL, 125.97, NULL, '2018', '12'),
	(1159, 2, 8, 9, 472, 121, 2616.30, 30, 217.94, NULL, NULL, 290.67, 104.65, NULL, 82.84, NULL, 110.48, NULL, '2018', '12'),
	(1160, 2, 8, 9, 474, 121, 2616.30, 30, 217.94, NULL, NULL, 290.67, 104.65, NULL, 82.84, NULL, 110.48, NULL, '2018', '12'),
	(1161, 2, 8, 9, 475, 121, 2616.30, 30, 217.94, NULL, NULL, 290.67, 104.65, NULL, 82.84, NULL, 110.48, NULL, '2018', '12'),
	(1162, 2, 8, 9, 504, 121, 2616.30, 30, 217.94, NULL, NULL, 290.67, 104.65, NULL, 82.84, NULL, 110.48, NULL, '2018', '12'),
	(1163, 2, 8, 9, 476, 121, 2616.30, 30, 217.94, NULL, NULL, 290.67, 104.65, NULL, 82.84, NULL, 110.48, NULL, '2018', '12'),
	(1164, 2, 8, 9, 477, 121, 2983.11, 30, 248.49, NULL, NULL, 331.42, 119.32, NULL, 94.45, NULL, 125.97, NULL, '2018', '12'),
	(1165, 2, 8, 9, 478, 121, 2616.30, 30, 217.94, NULL, NULL, 290.67, 104.65, NULL, 82.84, NULL, 110.48, NULL, '2018', '12'),
	(1166, 2, 8, 9, 479, 121, 2983.11, 30, 248.49, NULL, NULL, 331.42, 119.32, NULL, 94.45, NULL, 125.97, NULL, '2018', '12'),
	(1167, 2, 8, 9, 480, 121, 2616.30, 30, 217.94, NULL, NULL, 290.67, 104.65, NULL, 82.84, NULL, 110.48, NULL, '2018', '12'),
	(1168, 2, 8, 9, 481, 121, 2529.09, 29, 210.67, NULL, NULL, 280.98, 101.16, NULL, 80.08, NULL, 106.80, NULL, '2018', '12'),
	(1169, 2, 8, 9, 507, 121, 2616.30, 30, 217.94, NULL, NULL, 290.67, 104.65, NULL, 82.84, NULL, 110.48, NULL, '2018', '12'),
	(1170, 2, 8, 9, 482, 121, 2983.11, 30, 248.49, NULL, NULL, 331.42, 119.32, NULL, 94.45, NULL, 125.97, NULL, '2018', '12'),
	(1171, 2, 8, 9, 483, 121, 2616.30, 30, 217.94, NULL, NULL, 290.67, 104.65, NULL, 82.84, NULL, 110.48, NULL, '2018', '12'),
	(1172, 2, 8, 9, 484, 121, 2616.30, 30, 217.94, NULL, NULL, 290.67, 104.65, NULL, 82.84, NULL, 110.48, NULL, '2018', '12'),
	(1173, 2, 8, 9, 485, 121, 2616.30, 30, 217.94, NULL, NULL, 290.67, 104.65, NULL, 82.84, NULL, 110.48, NULL, '2018', '12'),
	(1174, 2, 8, 9, 486, 121, 2616.30, 30, 217.94, NULL, NULL, 290.67, 104.65, NULL, 82.84, NULL, 110.48, NULL, '2018', '12'),
	(1175, 2, 8, 9, 487, 121, 2616.30, 30, 217.94, NULL, NULL, 290.67, 104.65, NULL, 82.84, NULL, 110.48, NULL, '2018', '12'),
	(1176, 2, 8, 9, 488, 121, 2616.30, 30, 217.94, NULL, NULL, 290.67, 104.65, NULL, 82.84, NULL, 110.48, NULL, '2018', '12'),
	(1177, 2, 8, 9, 489, 121, 2616.30, 30, 217.94, NULL, NULL, 290.67, 104.65, NULL, 82.84, NULL, 110.48, NULL, '2018', '12'),
	(1178, 2, 8, 9, 490, 121, 2616.30, 30, 217.94, NULL, NULL, 290.67, 104.65, NULL, 82.84, NULL, 110.48, NULL, '2018', '12'),
	(1179, 2, 8, 9, 491, 121, 2983.11, 30, 248.49, NULL, NULL, 331.42, 119.32, NULL, 94.45, NULL, 125.97, NULL, '2018', '12'),
	(1180, 2, 8, 9, 492, 121, 2983.11, 30, 248.49, NULL, NULL, 331.42, 119.32, NULL, 94.45, NULL, 125.97, NULL, '2018', '12'),
	(1181, 2, 8, 9, 505, 121, 2616.30, 30, 217.94, NULL, NULL, 290.67, 104.65, NULL, 82.84, NULL, 110.48, NULL, '2018', '12'),
	(1182, 2, 8, 9, 493, 121, 2616.30, 30, 217.94, NULL, NULL, 290.67, 104.65, NULL, 82.84, NULL, 110.48, NULL, '2018', '12'),
	(1183, 2, 8, 9, 494, 121, 2616.30, 30, 217.94, NULL, NULL, 290.67, 104.65, NULL, 82.84, NULL, 110.48, NULL, '2018', '12'),
	(1184, 2, 8, 9, 495, 121, 2616.30, 30, 217.94, NULL, NULL, 290.67, 104.65, NULL, 82.84, NULL, 110.48, NULL, '2018', '12'),
	(1185, 2, 8, 9, 496, 121, 2616.30, 30, 217.94, NULL, NULL, 290.67, 104.65, NULL, 82.84, NULL, 110.48, NULL, '2018', '12'),
	(1186, 2, 8, 9, 497, 121, 2616.30, 30, 217.94, NULL, NULL, 290.67, 104.65, NULL, 82.84, NULL, 110.48, NULL, '2018', '12'),
	(1187, 2, 8, 9, 499, 121, 2616.30, 30, 217.94, NULL, NULL, 290.67, 104.65, NULL, 82.84, NULL, 110.48, NULL, '2018', '12'),
	(1188, 2, 8, 9, 500, 121, 2616.30, 30, 217.94, NULL, NULL, 290.67, 104.65, NULL, 82.84, NULL, 110.48, NULL, '2018', '12'),
	(1189, 2, 8, 9, 501, 121, 2616.30, 30, 217.94, NULL, NULL, 290.67, 104.65, NULL, 82.84, NULL, 110.48, NULL, '2018', '12'),
	(1190, 2, 8, 9, 502, 121, 2616.30, 30, 217.94, NULL, NULL, 290.67, 104.65, NULL, 82.84, NULL, 110.48, NULL, '2018', '12'),
	(1191, 2, 8, 9, 506, 121, 2616.30, 30, 217.94, NULL, NULL, 290.67, 104.65, NULL, 82.84, NULL, 110.48, NULL, '2018', '12'),
	(1192, 2, 8, 9, 451, 122, 2616.30, 30, 217.94, NULL, NULL, 290.67, 104.65, NULL, 82.84, NULL, 110.48, NULL, '2019', '01'),
	(1193, 2, 8, 9, 452, 122, 2616.30, 30, 217.94, NULL, NULL, 290.67, 104.65, NULL, 82.84, NULL, 110.48, NULL, '2019', '01'),
	(1194, 2, 8, 9, 453, 122, 2616.30, 30, 217.94, NULL, NULL, 290.67, 104.65, NULL, 82.84, NULL, 110.48, NULL, '2019', '01'),
	(1195, 2, 8, 9, 454, 122, 2616.30, 30, 217.94, NULL, NULL, 290.67, 104.65, NULL, 82.84, NULL, 110.48, NULL, '2019', '01'),
	(1196, 2, 8, 9, 455, 122, 348.84, 4, 29.06, NULL, NULL, 38.76, 13.95, NULL, 11.05, NULL, 14.73, NULL, '2019', '01'),
	(1197, 2, 8, 9, 456, 122, 2616.30, 30, 217.94, NULL, NULL, 290.67, 104.65, NULL, 82.84, NULL, 110.48, NULL, '2019', '01'),
	(1198, 2, 8, 9, 458, 122, 3138.19, 30, 261.41, NULL, NULL, 348.65, 125.53, NULL, 99.36, NULL, 132.52, NULL, '2019', '01'),
	(1199, 2, 8, 9, 459, 122, 3578.16, 30, 298.06, NULL, NULL, 397.53, 143.13, NULL, 113.29, NULL, 151.10, NULL, '2019', '01'),
	(1200, 2, 8, 9, 460, 122, 2616.30, 30, 217.94, NULL, NULL, 290.67, 104.65, NULL, 82.84, NULL, 110.48, NULL, '2019', '01'),
	(1201, 2, 8, 9, 461, 122, 2616.30, 30, 217.94, NULL, NULL, 290.67, 104.65, NULL, 82.84, NULL, 110.48, NULL, '2019', '01'),
	(1202, 2, 8, 9, 463, 122, 2616.30, 30, 217.94, NULL, NULL, 290.67, 104.65, NULL, 82.84, NULL, 110.48, NULL, '2019', '01'),
	(1203, 2, 8, 9, 464, 122, 2616.30, 30, 217.94, NULL, NULL, 290.67, 104.65, NULL, 82.84, NULL, 110.48, NULL, '2019', '01'),
	(1204, 2, 8, 9, 465, 122, 2616.30, 30, 217.94, NULL, NULL, 290.67, 104.65, NULL, 82.84, NULL, 110.48, NULL, '2019', '01'),
	(1205, 2, 8, 9, 466, 122, 2616.30, 30, 217.94, NULL, NULL, 290.67, 104.65, NULL, 82.84, NULL, 110.48, NULL, '2019', '01'),
	(1206, 2, 8, 9, 467, 122, 2616.30, 30, 217.94, NULL, NULL, 290.67, 104.65, NULL, 82.84, NULL, 110.48, NULL, '2019', '01'),
	(1207, 2, 8, 9, 468, 122, 2616.30, 30, 217.94, NULL, NULL, 290.67, 104.65, NULL, 82.84, NULL, 110.48, NULL, '2019', '01'),
	(1208, 2, 8, 9, 508, 122, 2616.30, 30, 217.94, NULL, NULL, 290.67, 104.65, NULL, 82.84, NULL, 110.48, NULL, '2019', '01'),
	(1209, 2, 8, 9, 469, 122, 2616.30, 30, 217.94, NULL, NULL, 290.67, 104.65, NULL, 82.84, NULL, 110.48, NULL, '2019', '01'),
	(1210, 2, 8, 9, 503, 122, 2616.30, 30, 217.94, NULL, NULL, 290.67, 104.65, NULL, 82.84, NULL, 110.48, NULL, '2019', '01'),
	(1211, 2, 8, 9, 471, 122, 2983.11, 30, 248.49, NULL, NULL, 331.42, 119.32, NULL, 94.45, NULL, 125.97, NULL, '2019', '01'),
	(1212, 2, 8, 9, 472, 122, 2616.30, 30, 217.94, NULL, NULL, 290.67, 104.65, NULL, 82.84, NULL, 110.48, NULL, '2019', '01'),
	(1213, 2, 8, 9, 474, 122, 2616.30, 30, 217.94, NULL, NULL, 290.67, 104.65, NULL, 82.84, NULL, 110.48, NULL, '2019', '01'),
	(1214, 2, 8, 9, 475, 122, 2616.30, 30, 217.94, NULL, NULL, 290.67, 104.65, NULL, 82.84, NULL, 110.48, NULL, '2019', '01'),
	(1215, 2, 8, 9, 504, 122, 2616.30, 30, 217.94, NULL, NULL, 290.67, 104.65, NULL, 82.84, NULL, 110.48, NULL, '2019', '01'),
	(1216, 2, 8, 9, 476, 122, 2616.30, 30, 217.94, NULL, NULL, 290.67, 104.65, NULL, 82.84, NULL, 110.48, NULL, '2019', '01'),
	(1217, 2, 8, 9, 477, 122, 2983.11, 30, 248.49, NULL, NULL, 331.42, 119.32, NULL, 94.45, NULL, 125.97, NULL, '2019', '01'),
	(1218, 2, 8, 9, 478, 122, 2616.30, 30, 217.94, NULL, NULL, 290.67, 104.65, NULL, 82.84, NULL, 110.48, NULL, '2019', '01'),
	(1219, 2, 8, 9, 479, 122, 2983.11, 30, 248.49, NULL, NULL, 331.42, 119.32, NULL, 94.45, NULL, 125.97, NULL, '2019', '01'),
	(1220, 2, 8, 9, 480, 122, 2616.30, 30, 217.94, NULL, NULL, 290.67, 104.65, NULL, 82.84, NULL, 110.48, NULL, '2019', '01'),
	(1221, 2, 8, 9, 481, 122, 2616.30, 30, 217.94, NULL, NULL, 290.67, 104.65, NULL, 82.84, NULL, 110.48, NULL, '2019', '01'),
	(1222, 2, 8, 9, 507, 122, 2616.30, 30, 217.94, NULL, NULL, 290.67, 104.65, NULL, 82.84, NULL, 110.48, NULL, '2019', '01'),
	(1223, 2, 8, 9, 482, 122, 2983.11, 30, 248.49, NULL, NULL, 331.42, 119.32, NULL, 94.45, NULL, 125.97, NULL, '2019', '01'),
	(1224, 2, 8, 9, 483, 122, 2616.30, 30, 217.94, NULL, NULL, 290.67, 104.65, NULL, 82.84, NULL, 110.48, NULL, '2019', '01'),
	(1225, 2, 8, 9, 484, 122, 2616.30, 30, 217.94, NULL, NULL, 290.67, 104.65, NULL, 82.84, NULL, 110.48, NULL, '2019', '01'),
	(1226, 2, 8, 9, 485, 122, 2616.30, 30, 217.94, NULL, NULL, 290.67, 104.65, NULL, 82.84, NULL, 110.48, NULL, '2019', '01'),
	(1227, 2, 8, 9, 486, 122, 2616.30, 30, 217.94, NULL, NULL, 290.67, 104.65, NULL, 82.84, NULL, 110.48, NULL, '2019', '01'),
	(1228, 2, 8, 9, 487, 122, 2616.30, 30, 217.94, NULL, NULL, 290.67, 104.65, NULL, 82.84, NULL, 110.48, NULL, '2019', '01'),
	(1229, 2, 8, 9, 488, 122, 2616.30, 30, 217.94, NULL, NULL, 290.67, 104.65, NULL, 82.84, NULL, 110.48, NULL, '2019', '01'),
	(1230, 2, 8, 9, 489, 122, 2616.30, 30, 217.94, NULL, NULL, 290.67, 104.65, NULL, 82.84, NULL, 110.48, NULL, '2019', '01'),
	(1231, 2, 8, 9, 490, 122, 2616.30, 30, 217.94, NULL, NULL, 290.67, 104.65, NULL, 82.84, NULL, 110.48, NULL, '2019', '01'),
	(1232, 2, 8, 9, 491, 122, 2983.11, 30, 248.49, NULL, NULL, 331.42, 119.32, NULL, 94.45, NULL, 125.97, NULL, '2019', '01'),
	(1233, 2, 8, 9, 492, 122, 2983.11, 30, 248.49, NULL, NULL, 331.42, 119.32, NULL, 94.45, NULL, 125.97, NULL, '2019', '01'),
	(1234, 2, 8, 9, 505, 122, 2616.30, 30, 217.94, NULL, NULL, 290.67, 104.65, NULL, 82.84, NULL, 110.48, NULL, '2019', '01'),
	(1235, 2, 8, 9, 493, 122, 2616.30, 30, 217.94, NULL, NULL, 290.67, 104.65, NULL, 82.84, NULL, 110.48, NULL, '2019', '01'),
	(1236, 2, 8, 9, 494, 122, 2616.30, 30, 217.94, NULL, NULL, 290.67, 104.65, NULL, 82.84, NULL, 110.48, NULL, '2019', '01'),
	(1237, 2, 8, 9, 495, 122, 2616.30, 30, 217.94, NULL, NULL, 290.67, 104.65, NULL, 82.84, NULL, 110.48, NULL, '2019', '01'),
	(1238, 2, 8, 9, 496, 122, 2616.30, 30, 217.94, NULL, NULL, 290.67, 104.65, NULL, 82.84, NULL, 110.48, NULL, '2019', '01'),
	(1239, 2, 8, 9, 497, 122, 2616.30, 30, 217.94, NULL, NULL, 290.67, 104.65, NULL, 82.84, NULL, 110.48, NULL, '2019', '01'),
	(1240, 2, 8, 9, 499, 122, 2616.30, 30, 217.94, NULL, NULL, 290.67, 104.65, NULL, 82.84, NULL, 110.48, NULL, '2019', '01'),
	(1241, 2, 8, 9, 500, 122, 2616.30, 30, 217.94, NULL, NULL, 290.67, 104.65, NULL, 82.84, NULL, 110.48, NULL, '2019', '01'),
	(1242, 2, 8, 9, 501, 122, 2616.30, 30, 217.94, NULL, NULL, 290.67, 104.65, NULL, 82.84, NULL, 110.48, NULL, '2019', '01'),
	(1243, 2, 8, 9, 502, 122, 2616.30, 30, 217.94, NULL, NULL, 290.67, 104.65, NULL, 82.84, NULL, 110.48, NULL, '2019', '01'),
	(1244, 2, 8, 9, 506, 122, 2616.30, 30, 217.94, NULL, NULL, 290.67, 104.65, NULL, 82.84, NULL, 110.48, NULL, '2019', '01'),
	(1245, 2, 8, 9, 451, 124, 2670.46, 30, 222.45, NULL, NULL, 296.69, 106.82, NULL, 84.55, NULL, 112.77, NULL, '2019', '02'),
	(1246, 2, 8, 9, 452, 124, 2670.46, 30, 222.45, NULL, NULL, 296.69, 106.82, NULL, 84.55, NULL, 112.77, NULL, '2019', '02'),
	(1247, 2, 8, 9, 509, 124, 2670.46, 30, 222.45, NULL, NULL, 296.69, 106.82, NULL, 84.55, NULL, 112.77, NULL, '2019', '02'),
	(1248, 2, 8, 9, 453, 124, 2670.46, 30, 222.45, NULL, NULL, 296.69, 106.82, NULL, 84.55, NULL, 112.77, NULL, '2019', '02'),
	(1249, 2, 8, 9, 454, 124, 2670.46, 30, 222.45, NULL, NULL, 296.69, 106.82, NULL, 84.55, NULL, 112.77, NULL, '2019', '02'),
	(1250, 2, 8, 9, 455, 124, 2670.46, 30, 222.45, NULL, NULL, 296.69, 106.82, NULL, 84.55, NULL, 112.77, NULL, '2019', '02'),
	(1251, 2, 8, 9, 456, 124, 2670.46, 30, 222.45, NULL, NULL, 296.69, 106.82, NULL, 84.55, NULL, 112.77, NULL, '2019', '02'),
	(1252, 2, 8, 9, 457, 124, 2670.46, 30, 222.45, NULL, NULL, 296.69, 106.82, NULL, 84.55, NULL, 112.77, NULL, '2019', '02'),
	(1253, 2, 8, 9, 458, 124, 3203.14, 30, 266.82, NULL, NULL, 355.87, 128.13, NULL, 101.42, NULL, 135.27, NULL, '2019', '02'),
	(1254, 2, 8, 9, 459, 124, 3203.14, 30, 266.82, NULL, NULL, 355.87, 128.13, NULL, 101.42, NULL, 135.27, NULL, '2019', '02'),
	(1255, 2, 8, 9, 460, 124, 2670.46, 30, 222.45, NULL, NULL, 296.69, 106.82, NULL, 84.55, NULL, 112.77, NULL, '2019', '02'),
	(1256, 2, 8, 9, 461, 124, 2670.46, 30, 222.45, NULL, NULL, 296.69, 106.82, NULL, 84.55, NULL, 112.77, NULL, '2019', '02'),
	(1257, 2, 8, 9, 463, 124, 2670.46, 30, 222.45, NULL, NULL, 296.69, 106.82, NULL, 84.55, NULL, 112.77, NULL, '2019', '02'),
	(1258, 2, 8, 9, 464, 124, 2670.46, 30, 222.45, NULL, NULL, 296.69, 106.82, NULL, 84.55, NULL, 112.77, NULL, '2019', '02'),
	(1259, 2, 8, 9, 465, 124, 2670.46, 30, 222.45, NULL, NULL, 296.69, 106.82, NULL, 84.55, NULL, 112.77, NULL, '2019', '02'),
	(1260, 2, 8, 9, 467, 124, 2670.46, 30, 222.45, NULL, NULL, 296.69, 106.82, NULL, 84.55, NULL, 112.77, NULL, '2019', '02'),
	(1261, 2, 8, 9, 468, 124, 2670.46, 30, 222.45, NULL, NULL, 296.69, 106.82, NULL, 84.55, NULL, 112.77, NULL, '2019', '02'),
	(1262, 2, 8, 9, 508, 124, 2670.46, 30, 222.45, NULL, NULL, 296.69, 106.82, NULL, 84.55, NULL, 112.77, NULL, '2019', '02'),
	(1263, 2, 8, 9, 470, 124, 2670.46, 30, 222.45, NULL, NULL, 296.69, 106.82, NULL, 84.55, NULL, 112.77, NULL, '2019', '02'),
	(1264, 2, 8, 9, 503, 124, 2966.14, 30, 247.08, NULL, NULL, 329.54, 118.65, NULL, 93.91, NULL, 125.26, NULL, '2019', '02'),
	(1265, 2, 8, 9, 471, 124, 2966.14, 30, 247.08, NULL, NULL, 329.54, 118.65, NULL, 93.91, NULL, 125.26, NULL, '2019', '02'),
	(1266, 2, 8, 9, 472, 124, 2670.46, 30, 222.45, NULL, NULL, 296.69, 106.82, NULL, 84.55, NULL, 112.77, NULL, '2019', '02'),
	(1267, 2, 8, 9, 510, 124, 2670.46, 30, 222.45, NULL, NULL, 296.69, 106.82, NULL, 84.55, NULL, 112.77, NULL, '2019', '02'),
	(1268, 2, 8, 9, 474, 124, 2670.46, 30, 222.45, NULL, NULL, 296.69, 106.82, NULL, 84.55, NULL, 112.77, NULL, '2019', '02'),
	(1269, 2, 8, 9, 475, 124, 2670.46, 30, 222.45, NULL, NULL, 296.69, 106.82, NULL, 84.55, NULL, 112.77, NULL, '2019', '02'),
	(1270, 2, 8, 9, 504, 124, 2670.46, 30, 222.45, NULL, NULL, 296.69, 106.82, NULL, 84.55, NULL, 112.77, NULL, '2019', '02'),
	(1271, 2, 8, 9, 476, 124, 2670.46, 30, 222.45, NULL, NULL, 296.69, 106.82, NULL, 84.55, NULL, 112.77, NULL, '2019', '02'),
	(1272, 2, 8, 9, 477, 124, 2966.14, 30, 247.08, NULL, NULL, 329.54, 118.65, NULL, 93.91, NULL, 125.26, NULL, '2019', '02'),
	(1273, 2, 8, 9, 478, 124, 2670.46, 30, 222.45, NULL, NULL, 296.69, 106.82, NULL, 84.55, NULL, 112.77, NULL, '2019', '02'),
	(1274, 2, 8, 9, 479, 124, 2966.14, 30, 247.08, NULL, NULL, 329.54, 118.65, NULL, 93.91, NULL, 125.26, NULL, '2019', '02'),
	(1275, 2, 8, 9, 480, 124, 2670.46, 30, 222.45, NULL, NULL, 296.69, 106.82, NULL, 84.55, NULL, 112.77, NULL, '2019', '02'),
	(1276, 2, 8, 9, 511, 124, 2670.46, 30, 222.45, NULL, NULL, 296.69, 106.82, NULL, 84.55, NULL, 112.77, NULL, '2019', '02'),
	(1277, 2, 8, 9, 481, 124, 2670.46, 30, 222.45, NULL, NULL, 296.69, 106.82, NULL, 84.55, NULL, 112.77, NULL, '2019', '02'),
	(1278, 2, 8, 9, 507, 124, 2670.46, 30, 222.45, NULL, NULL, 296.69, 106.82, NULL, 84.55, NULL, 112.77, NULL, '2019', '02'),
	(1279, 2, 8, 9, 482, 124, 2966.14, 30, 247.08, NULL, NULL, 329.54, 118.65, NULL, 93.91, NULL, 125.26, NULL, '2019', '02'),
	(1280, 2, 8, 9, 483, 124, 2670.46, 30, 222.45, NULL, NULL, 296.69, 106.82, NULL, 84.55, NULL, 112.77, NULL, '2019', '02'),
	(1281, 2, 8, 9, 484, 124, 2670.46, 30, 222.45, NULL, NULL, 296.69, 106.82, NULL, 84.55, NULL, 112.77, NULL, '2019', '02'),
	(1282, 2, 8, 9, 485, 124, 2670.46, 30, 222.45, NULL, NULL, 296.69, 106.82, NULL, 84.55, NULL, 112.77, NULL, '2019', '02'),
	(1283, 2, 8, 9, 486, 124, 2670.46, 30, 222.45, NULL, NULL, 296.69, 106.82, NULL, 84.55, NULL, 112.77, NULL, '2019', '02'),
	(1284, 2, 8, 9, 487, 124, 2670.46, 30, 222.45, NULL, NULL, 296.69, 106.82, NULL, 84.55, NULL, 112.77, NULL, '2019', '02'),
	(1285, 2, 8, 9, 488, 124, 2670.46, 30, 222.45, NULL, NULL, 296.69, 106.82, NULL, 84.55, NULL, 112.77, NULL, '2019', '02'),
	(1286, 2, 8, 9, 489, 124, 2670.46, 30, 222.45, NULL, NULL, 296.69, 106.82, NULL, 84.55, NULL, 112.77, NULL, '2019', '02'),
	(1287, 2, 8, 9, 490, 124, 2670.46, 30, 222.45, NULL, NULL, 296.69, 106.82, NULL, 84.55, NULL, 112.77, NULL, '2019', '02'),
	(1288, 2, 8, 9, 491, 124, 2670.46, 30, 222.45, NULL, NULL, 296.69, 106.82, NULL, 84.55, NULL, 112.77, NULL, '2019', '02'),
	(1289, 2, 8, 9, 492, 124, 2966.14, 30, 247.08, NULL, NULL, 329.54, 118.65, NULL, 93.91, NULL, 125.26, NULL, '2019', '02'),
	(1290, 2, 8, 9, 493, 124, 2670.46, 30, 222.45, NULL, NULL, 296.69, 106.82, NULL, 84.55, NULL, 112.77, NULL, '2019', '02'),
	(1291, 2, 8, 9, 494, 124, 2670.46, 30, 222.45, NULL, NULL, 296.69, 106.82, NULL, 84.55, NULL, 112.77, NULL, '2019', '02'),
	(1292, 2, 8, 9, 495, 124, 2670.46, 30, 222.45, NULL, NULL, 296.69, 106.82, NULL, 84.55, NULL, 112.77, NULL, '2019', '02'),
	(1293, 2, 8, 9, 496, 124, 2670.46, 30, 222.45, NULL, NULL, 296.69, 106.82, NULL, 84.55, NULL, 112.77, NULL, '2019', '02'),
	(1294, 2, 8, 9, 497, 124, 2670.46, 30, 222.45, NULL, NULL, 296.69, 106.82, NULL, 84.55, NULL, 112.77, NULL, '2019', '02'),
	(1295, 2, 8, 9, 498, 124, 2670.46, 30, 222.45, NULL, NULL, 296.69, 106.82, NULL, 84.55, NULL, 112.77, NULL, '2019', '02'),
	(1296, 2, 8, 9, 499, 124, 2670.46, 30, 222.45, NULL, NULL, 296.69, 106.82, NULL, 84.55, NULL, 112.77, NULL, '2019', '02'),
	(1297, 2, 8, 9, 501, 124, 2670.46, 30, 222.45, NULL, NULL, 296.69, 106.82, NULL, 84.55, NULL, 112.77, NULL, '2019', '02'),
	(1298, 2, 8, 9, 502, 124, 2670.46, 30, 222.45, NULL, NULL, 296.69, 106.82, NULL, 84.55, NULL, 112.77, NULL, '2019', '02'),
	(1299, 2, 8, 9, 506, 124, 2670.46, 30, 222.45, NULL, NULL, 296.69, 106.82, NULL, 84.55, NULL, 112.77, NULL, '2019', '02'),
	(1356, 2, 8, 9, 452, 126, 2670.46, 30, 222.45, NULL, NULL, 296.69, 106.82, NULL, 84.55, NULL, 112.77, NULL, '2019', '03'),
	(1357, 2, 8, 9, 509, 126, 2670.46, 30, 222.45, NULL, NULL, 296.69, 106.82, NULL, 84.55, NULL, 112.77, NULL, '2019', '03'),
	(1358, 2, 8, 9, 453, 126, 2670.46, 30, 222.45, NULL, NULL, 296.69, 106.82, NULL, 84.55, NULL, 112.77, NULL, '2019', '03'),
	(1359, 2, 8, 9, 455, 126, 2670.46, 30, 222.45, NULL, NULL, 296.69, 106.82, NULL, 84.55, NULL, 112.77, NULL, '2019', '03'),
	(1360, 2, 8, 9, 512, 126, 2670.46, 30, 222.45, NULL, NULL, 296.69, 106.82, NULL, 84.55, NULL, 112.77, NULL, '2019', '03'),
	(1361, 2, 8, 9, 456, 126, 2670.46, 30, 222.45, NULL, NULL, 296.69, 106.82, NULL, 84.55, NULL, 112.77, NULL, '2019', '03'),
	(1362, 2, 8, 9, 457, 126, 3203.14, 30, 266.82, NULL, NULL, 355.87, 128.13, NULL, 101.42, NULL, 135.27, NULL, '2019', '03'),
	(1363, 2, 8, 9, 459, 126, 3203.14, 30, 266.82, NULL, NULL, 355.87, 128.13, NULL, 101.42, NULL, 135.27, NULL, '2019', '03'),
	(1364, 2, 8, 9, 517, 126, 2670.46, 30, 222.45, NULL, NULL, 296.69, 106.82, NULL, 84.55, NULL, 112.77, NULL, '2019', '03'),
	(1365, 2, 8, 9, 460, 126, 2670.46, 30, 222.45, NULL, NULL, 296.69, 106.82, NULL, 84.55, NULL, 112.77, NULL, '2019', '03'),
	(1366, 2, 8, 9, 462, 126, 2670.46, 30, 222.45, NULL, NULL, 296.69, 106.82, NULL, 84.55, NULL, 112.77, NULL, '2019', '03'),
	(1367, 2, 8, 9, 463, 126, 2670.46, 30, 222.45, NULL, NULL, 296.69, 106.82, NULL, 84.55, NULL, 112.77, NULL, '2019', '03'),
	(1368, 2, 8, 9, 464, 126, 2670.46, 30, 222.45, NULL, NULL, 296.69, 106.82, NULL, 84.55, NULL, 112.77, NULL, '2019', '03'),
	(1369, 2, 8, 9, 465, 126, 2670.46, 30, 222.45, NULL, NULL, 296.69, 106.82, NULL, 84.55, NULL, 112.77, NULL, '2019', '03'),
	(1370, 2, 8, 9, 467, 126, 2670.46, 30, 222.45, NULL, NULL, 296.69, 106.82, NULL, 84.55, NULL, 112.77, NULL, '2019', '03'),
	(1371, 2, 8, 9, 468, 126, 2670.46, 30, 222.45, NULL, NULL, 296.69, 106.82, NULL, 84.55, NULL, 112.77, NULL, '2019', '03'),
	(1372, 2, 8, 9, 508, 126, 2670.46, 30, 222.45, NULL, NULL, 296.69, 106.82, NULL, 84.55, NULL, 112.77, NULL, '2019', '03'),
	(1373, 2, 8, 9, 503, 126, 2966.14, 30, 247.08, NULL, NULL, 329.54, 118.65, NULL, 93.91, NULL, 125.26, NULL, '2019', '03'),
	(1374, 2, 8, 9, 471, 126, 2966.14, 30, 247.08, NULL, NULL, 329.54, 118.65, NULL, 93.91, NULL, 125.26, NULL, '2019', '03'),
	(1375, 2, 8, 9, 513, 126, 2670.46, 30, 222.45, NULL, NULL, 296.69, 106.82, NULL, 84.55, NULL, 112.77, NULL, '2019', '03'),
	(1376, 2, 8, 9, 472, 126, 2670.46, 30, 222.45, NULL, NULL, 296.69, 106.82, NULL, 84.55, NULL, 112.77, NULL, '2019', '03'),
	(1377, 2, 8, 9, 510, 126, 2670.46, 30, 222.45, NULL, NULL, 296.69, 106.82, NULL, 84.55, NULL, 112.77, NULL, '2019', '03'),
	(1378, 2, 8, 9, 474, 126, 2670.46, 30, 222.45, NULL, NULL, 296.69, 106.82, NULL, 84.55, NULL, 112.77, NULL, '2019', '03'),
	(1379, 2, 8, 9, 475, 126, 2670.46, 30, 222.45, NULL, NULL, 296.69, 106.82, NULL, 84.55, NULL, 112.77, NULL, '2019', '03'),
	(1380, 2, 8, 9, 504, 126, 2670.46, 30, 222.45, NULL, NULL, 296.69, 106.82, NULL, 84.55, NULL, 112.77, NULL, '2019', '03'),
	(1381, 2, 8, 9, 476, 126, 2670.46, 30, 222.45, NULL, NULL, 296.69, 106.82, NULL, 84.55, NULL, 112.77, NULL, '2019', '03'),
	(1382, 2, 8, 9, 514, 126, 2670.46, 30, 222.45, NULL, NULL, 296.69, 106.82, NULL, 84.55, NULL, 112.77, NULL, '2019', '03'),
	(1383, 2, 8, 9, 477, 126, 2966.14, 30, 247.08, NULL, NULL, 329.54, 118.65, NULL, 93.91, NULL, 125.26, NULL, '2019', '03'),
	(1384, 2, 8, 9, 478, 126, 2670.46, 30, 222.45, NULL, NULL, 296.69, 106.82, NULL, 84.55, NULL, 112.77, NULL, '2019', '03'),
	(1385, 2, 8, 9, 479, 126, 2966.14, 30, 247.08, NULL, NULL, 329.54, 118.65, NULL, 93.91, NULL, 125.26, NULL, '2019', '03'),
	(1386, 2, 8, 9, 480, 126, 2670.46, 30, 222.45, NULL, NULL, 296.69, 106.82, NULL, 84.55, NULL, 112.77, NULL, '2019', '03'),
	(1387, 2, 8, 9, 511, 126, 2670.46, 30, 222.45, NULL, NULL, 296.69, 106.82, NULL, 84.55, NULL, 112.77, NULL, '2019', '03'),
	(1388, 2, 8, 9, 481, 126, 2670.46, 30, 222.45, NULL, NULL, 296.69, 106.82, NULL, 84.55, NULL, 112.77, NULL, '2019', '03'),
	(1389, 2, 8, 9, 515, 126, 2670.46, 30, 222.45, NULL, NULL, 296.69, 106.82, NULL, 84.55, NULL, 112.77, NULL, '2019', '03'),
	(1390, 2, 8, 9, 482, 126, 2966.14, 30, 247.08, NULL, NULL, 329.54, 118.65, NULL, 93.91, NULL, 125.26, NULL, '2019', '03'),
	(1391, 2, 8, 9, 483, 126, 2670.46, 30, 222.45, NULL, NULL, 296.69, 106.82, NULL, 84.55, NULL, 112.77, NULL, '2019', '03'),
	(1392, 2, 8, 9, 484, 126, 2670.46, 30, 222.45, NULL, NULL, 296.69, 106.82, NULL, 84.55, NULL, 112.77, NULL, '2019', '03'),
	(1393, 2, 8, 9, 485, 126, 2670.46, 30, 222.45, NULL, NULL, 296.69, 106.82, NULL, 84.55, NULL, 112.77, NULL, '2019', '03'),
	(1394, 2, 8, 9, 486, 126, 2670.46, 30, 222.45, NULL, NULL, 296.69, 106.82, NULL, 84.55, NULL, 112.77, NULL, '2019', '03'),
	(1395, 2, 8, 9, 487, 126, 2670.46, 30, 222.45, NULL, NULL, 296.69, 106.82, NULL, 84.55, NULL, 112.77, NULL, '2019', '03'),
	(1396, 2, 8, 9, 488, 126, 2670.46, 30, 222.45, NULL, NULL, 296.69, 106.82, NULL, 84.55, NULL, 112.77, NULL, '2019', '03'),
	(1397, 2, 8, 9, 489, 126, 2670.46, 30, 222.45, NULL, NULL, 296.69, 106.82, NULL, 84.55, NULL, 112.77, NULL, '2019', '03'),
	(1398, 2, 8, 9, 490, 126, 2670.46, 30, 222.45, NULL, NULL, 296.69, 106.82, NULL, 84.55, NULL, 112.77, NULL, '2019', '03'),
	(1399, 2, 8, 9, 491, 126, 2670.46, 30, 222.45, NULL, NULL, 296.69, 106.82, NULL, 84.55, NULL, 112.77, NULL, '2019', '03'),
	(1400, 2, 8, 9, 492, 126, 2966.14, 30, 247.08, NULL, NULL, 329.54, 118.65, NULL, 93.91, NULL, 125.26, NULL, '2019', '03'),
	(1401, 2, 8, 9, 493, 126, 2670.46, 30, 222.45, NULL, NULL, 296.69, 106.82, NULL, 84.55, NULL, 112.77, NULL, '2019', '03'),
	(1402, 2, 8, 9, 494, 126, 2670.46, 30, 222.45, NULL, NULL, 296.69, 106.82, NULL, 84.55, NULL, 112.77, NULL, '2019', '03'),
	(1403, 2, 8, 9, 495, 126, 2670.46, 30, 222.45, NULL, NULL, 296.69, 106.82, NULL, 84.55, NULL, 112.77, NULL, '2019', '03'),
	(1404, 2, 8, 9, 496, 126, 2670.46, 30, 222.45, NULL, NULL, 296.69, 106.82, NULL, 84.55, NULL, 112.77, NULL, '2019', '03'),
	(1405, 2, 8, 9, 497, 126, 2670.46, 30, 222.45, NULL, NULL, 296.69, 106.82, NULL, 84.55, NULL, 112.77, NULL, '2019', '03'),
	(1406, 2, 8, 9, 498, 126, 2670.46, 30, 222.45, NULL, NULL, 296.69, 106.82, NULL, 84.55, NULL, 112.77, NULL, '2019', '03'),
	(1407, 2, 8, 9, 516, 126, 2670.46, 30, 222.45, NULL, NULL, 296.69, 106.82, NULL, 84.55, NULL, 112.77, NULL, '2019', '03'),
	(1408, 2, 8, 9, 499, 126, 2670.46, 30, 222.45, NULL, NULL, 296.69, 106.82, NULL, 84.55, NULL, 112.77, NULL, '2019', '03'),
	(1409, 2, 8, 9, 501, 126, 2670.46, 30, 222.45, NULL, NULL, 296.69, 106.82, NULL, 84.55, NULL, 112.77, NULL, '2019', '03'),
	(1410, 2, 8, 9, 502, 126, 2670.46, 30, 222.45, NULL, NULL, 296.69, 106.82, NULL, 84.55, NULL, 112.77, NULL, '2019', '03'),
	(1411, 2, 8, 9, 506, 126, 2670.46, 30, 222.45, NULL, NULL, 296.69, 106.82, NULL, 84.55, NULL, 112.77, NULL, '2019', '03'),
	(1412, 2, 8, 9, 452, 127, 2670.46, 30, 222.45, NULL, NULL, 296.69, 106.82, NULL, 84.55, NULL, 112.77, NULL, '2019', '04'),
	(1413, 2, 8, 9, 509, 127, 2670.46, 30, 222.45, NULL, NULL, 296.69, 106.82, NULL, 84.55, NULL, 112.77, NULL, '2019', '04'),
	(1414, 2, 8, 9, 453, 127, 2670.46, 30, 222.45, NULL, NULL, 296.69, 106.82, NULL, 84.55, NULL, 112.77, NULL, '2019', '04'),
	(1415, 2, 8, 9, 455, 127, 2670.46, 30, 222.45, NULL, NULL, 296.69, 106.82, NULL, 84.55, NULL, 112.77, NULL, '2019', '04'),
	(1416, 2, 8, 9, 512, 127, 2670.46, 30, 222.45, NULL, NULL, 296.69, 106.82, NULL, 84.55, NULL, 112.77, NULL, '2019', '04'),
	(1417, 2, 8, 9, 456, 127, 2670.46, 30, 222.45, NULL, NULL, 296.69, 106.82, NULL, 84.55, NULL, 112.77, NULL, '2019', '04'),
	(1418, 2, 8, 9, 458, 127, 3203.14, 30, 266.82, NULL, NULL, 355.87, 128.13, NULL, 101.42, NULL, 135.27, NULL, '2019', '04'),
	(1419, 2, 8, 9, 459, 127, 3203.14, 30, 266.82, NULL, NULL, 355.87, 128.13, NULL, 101.42, NULL, 135.27, NULL, '2019', '04'),
	(1420, 2, 8, 9, 517, 127, 2670.46, 30, 222.45, NULL, NULL, 296.69, 106.82, NULL, 84.55, NULL, 112.77, NULL, '2019', '04'),
	(1421, 2, 8, 9, 460, 127, 2670.46, 30, 222.45, NULL, NULL, 296.69, 106.82, NULL, 84.55, NULL, 112.77, NULL, '2019', '04'),
	(1422, 2, 8, 9, 461, 127, 2670.46, 30, 222.45, NULL, NULL, 296.69, 106.82, NULL, 84.55, NULL, 112.77, NULL, '2019', '04'),
	(1423, 2, 8, 9, 463, 127, 2670.46, 30, 222.45, NULL, NULL, 296.69, 106.82, NULL, 84.55, NULL, 112.77, NULL, '2019', '04'),
	(1424, 2, 8, 9, 464, 127, 2670.46, 30, 222.45, NULL, NULL, 296.69, 106.82, NULL, 84.55, NULL, 112.77, NULL, '2019', '04'),
	(1425, 2, 8, 9, 465, 127, 2670.46, 30, 222.45, NULL, NULL, 296.69, 106.82, NULL, 84.55, NULL, 112.77, NULL, '2019', '04'),
	(1426, 2, 8, 9, 467, 127, 2670.46, 30, 222.45, NULL, NULL, 296.69, 106.82, NULL, 84.55, NULL, 112.77, NULL, '2019', '04'),
	(1427, 2, 8, 9, 468, 127, 2670.46, 30, 222.45, NULL, NULL, 296.69, 106.82, NULL, 84.55, NULL, 112.77, NULL, '2019', '04'),
	(1428, 2, 8, 9, 508, 127, 2670.46, 30, 222.45, NULL, NULL, 296.69, 106.82, NULL, 84.55, NULL, 112.77, NULL, '2019', '04'),
	(1429, 2, 8, 9, 503, 127, 2966.14, 30, 247.08, NULL, NULL, 329.54, 118.65, NULL, 93.91, NULL, 125.26, NULL, '2019', '04'),
	(1430, 2, 8, 9, 471, 127, 2966.14, 30, 247.08, NULL, NULL, 329.54, 118.65, NULL, 93.91, NULL, 125.26, NULL, '2019', '04'),
	(1431, 2, 8, 9, 513, 127, 2670.46, 30, 222.45, NULL, NULL, 296.69, 106.82, NULL, 84.55, NULL, 112.77, NULL, '2019', '04'),
	(1432, 2, 8, 9, 472, 127, 2670.46, 30, 222.45, NULL, NULL, 296.69, 106.82, NULL, 84.55, NULL, 112.77, NULL, '2019', '04'),
	(1433, 2, 8, 9, 510, 127, 2670.46, 30, 222.45, NULL, NULL, 296.69, 106.82, NULL, 84.55, NULL, 112.77, NULL, '2019', '04'),
	(1434, 2, 8, 9, 474, 127, 2670.46, 30, 222.45, NULL, NULL, 296.69, 106.82, NULL, 84.55, NULL, 112.77, NULL, '2019', '04'),
	(1435, 2, 8, 9, 475, 127, 2670.46, 30, 222.45, NULL, NULL, 296.69, 106.82, NULL, 84.55, NULL, 112.77, NULL, '2019', '04'),
	(1436, 2, 8, 9, 504, 127, 2670.46, 30, 222.45, NULL, NULL, 296.69, 106.82, NULL, 84.55, NULL, 112.77, NULL, '2019', '04'),
	(1437, 2, 8, 9, 476, 127, 2670.46, 30, 222.45, NULL, NULL, 296.69, 106.82, NULL, 84.55, NULL, 112.77, NULL, '2019', '04'),
	(1438, 2, 8, 9, 514, 127, 2670.46, 30, 222.45, NULL, NULL, 296.69, 106.82, NULL, 84.55, NULL, 112.77, NULL, '2019', '04'),
	(1439, 2, 8, 9, 477, 127, 2966.14, 30, 247.08, NULL, NULL, 329.54, 118.65, NULL, 93.91, NULL, 125.26, NULL, '2019', '04'),
	(1440, 2, 8, 9, 478, 127, 2670.46, 30, 222.45, NULL, NULL, 296.69, 106.82, NULL, 84.55, NULL, 112.77, NULL, '2019', '04'),
	(1441, 2, 8, 9, 479, 127, 2966.14, 30, 247.08, NULL, NULL, 329.54, 118.65, NULL, 93.91, NULL, 125.26, NULL, '2019', '04'),
	(1442, 2, 8, 9, 480, 127, 2670.46, 30, 222.45, NULL, NULL, 296.69, 106.82, NULL, 84.55, NULL, 112.77, NULL, '2019', '04'),
	(1443, 2, 8, 9, 511, 127, 2670.46, 30, 222.45, NULL, NULL, 296.69, 106.82, NULL, 84.55, NULL, 112.77, NULL, '2019', '04'),
	(1444, 2, 8, 9, 481, 127, 2670.46, 30, 222.45, NULL, NULL, 296.69, 106.82, NULL, 84.55, NULL, 112.77, NULL, '2019', '04'),
	(1445, 2, 8, 9, 515, 127, 2670.46, 30, 222.45, NULL, NULL, 296.69, 106.82, NULL, 84.55, NULL, 112.77, NULL, '2019', '04'),
	(1446, 2, 8, 9, 482, 127, 2966.14, 30, 247.08, NULL, NULL, 329.54, 118.65, NULL, 93.91, NULL, 125.26, NULL, '2019', '04'),
	(1447, 2, 8, 9, 483, 127, 2670.46, 30, 222.45, NULL, NULL, 296.69, 106.82, NULL, 84.55, NULL, 112.77, NULL, '2019', '04'),
	(1448, 2, 8, 9, 484, 127, 2670.46, 30, 222.45, NULL, NULL, 296.69, 106.82, NULL, 84.55, NULL, 112.77, NULL, '2019', '04'),
	(1449, 2, 8, 9, 485, 127, 2670.46, 30, 222.45, NULL, NULL, 296.69, 106.82, NULL, 84.55, NULL, 112.77, NULL, '2019', '04'),
	(1450, 2, 8, 9, 486, 127, 2670.46, 30, 222.45, NULL, NULL, 296.69, 106.82, NULL, 84.55, NULL, 112.77, NULL, '2019', '04'),
	(1451, 2, 8, 9, 487, 127, 2670.46, 30, 222.45, NULL, NULL, 296.69, 106.82, NULL, 84.55, NULL, 112.77, NULL, '2019', '04'),
	(1452, 2, 8, 9, 488, 127, 2670.46, 30, 222.45, NULL, NULL, 296.69, 106.82, NULL, 84.55, NULL, 112.77, NULL, '2019', '04'),
	(1453, 2, 8, 9, 489, 127, 2670.46, 30, 222.45, NULL, NULL, 296.69, 106.82, NULL, 84.55, NULL, 112.77, NULL, '2019', '04'),
	(1454, 2, 8, 9, 490, 127, 2670.46, 30, 222.45, NULL, NULL, 296.69, 106.82, NULL, 84.55, NULL, 112.77, NULL, '2019', '04'),
	(1455, 2, 8, 9, 491, 127, 2670.46, 30, 222.45, NULL, NULL, 296.69, 106.82, NULL, 84.55, NULL, 112.77, NULL, '2019', '04'),
	(1456, 2, 8, 9, 492, 127, 2966.14, 30, 247.08, NULL, NULL, 329.54, 118.65, NULL, 93.91, NULL, 125.26, NULL, '2019', '04'),
	(1457, 2, 8, 9, 493, 127, 2670.46, 30, 222.45, NULL, NULL, 296.69, 106.82, NULL, 84.55, NULL, 112.77, NULL, '2019', '04'),
	(1458, 2, 8, 9, 494, 127, 2670.46, 30, 222.45, NULL, NULL, 296.69, 106.82, NULL, 84.55, NULL, 112.77, NULL, '2019', '04'),
	(1459, 2, 8, 9, 495, 127, 2670.46, 30, 222.45, NULL, NULL, 296.69, 106.82, NULL, 84.55, NULL, 112.77, NULL, '2019', '04'),
	(1460, 2, 8, 9, 496, 127, 2670.46, 30, 222.45, NULL, NULL, 296.69, 106.82, NULL, 84.55, NULL, 112.77, NULL, '2019', '04'),
	(1461, 2, 8, 9, 497, 127, 2670.46, 30, 222.45, NULL, NULL, 296.69, 106.82, NULL, 84.55, NULL, 112.77, NULL, '2019', '04'),
	(1462, 2, 8, 9, 498, 127, 2670.46, 30, 222.45, NULL, NULL, 296.69, 106.82, NULL, 84.55, NULL, 112.77, NULL, '2019', '04'),
	(1463, 2, 8, 9, 516, 127, 2670.46, 30, 222.45, NULL, NULL, 296.69, 106.82, NULL, 84.55, NULL, 112.77, NULL, '2019', '04'),
	(1464, 2, 8, 9, 499, 127, 2670.46, 30, 222.45, NULL, NULL, 296.69, 106.82, NULL, 84.55, NULL, 112.77, NULL, '2019', '04'),
	(1465, 2, 8, 9, 501, 127, 2670.46, 30, 222.45, NULL, NULL, 296.69, 106.82, NULL, 84.55, NULL, 112.77, NULL, '2019', '04'),
	(1466, 2, 8, 9, 502, 127, 2670.46, 30, 222.45, NULL, NULL, 296.69, 106.82, NULL, 84.55, NULL, 112.77, NULL, '2019', '04'),
	(1467, 2, 8, 9, 506, 127, 2670.46, 30, 222.45, NULL, NULL, 296.69, 106.82, NULL, 84.55, NULL, 112.77, NULL, '2019', '04'),
	(1468, 2, 8, 9, 452, 128, 2670.46, 30, 222.45, NULL, NULL, 296.69, 106.82, NULL, 84.55, NULL, 112.77, NULL, '2019', '05'),
	(1469, 2, 8, 9, 509, 128, 2670.46, 30, 222.45, NULL, NULL, 296.69, 106.82, NULL, 84.55, NULL, 112.77, NULL, '2019', '05'),
	(1470, 2, 8, 9, 453, 128, 2670.46, 30, 222.45, NULL, NULL, 296.69, 106.82, NULL, 84.55, NULL, 112.77, NULL, '2019', '05'),
	(1471, 2, 8, 9, 455, 128, 2670.46, 30, 222.45, NULL, NULL, 296.69, 106.82, NULL, 84.55, NULL, 112.77, NULL, '2019', '05'),
	(1472, 2, 8, 9, 512, 128, 2670.46, 30, 222.45, NULL, NULL, 296.69, 106.82, NULL, 84.55, NULL, 112.77, NULL, '2019', '05'),
	(1473, 2, 8, 9, 456, 128, 2670.46, 30, 222.45, NULL, NULL, 296.69, 106.82, NULL, 84.55, NULL, 112.77, NULL, '2019', '05'),
	(1474, 2, 8, 9, 458, 128, 3203.14, 30, 266.82, NULL, NULL, 355.87, 128.13, NULL, 101.42, NULL, 135.27, NULL, '2019', '05'),
	(1475, 2, 8, 9, 459, 128, 3203.14, 30, 266.82, NULL, NULL, 355.87, 128.13, NULL, 101.42, NULL, 135.27, NULL, '2019', '05'),
	(1476, 2, 8, 9, 517, 128, 2670.46, 30, 222.45, NULL, NULL, 296.69, 106.82, NULL, 84.55, NULL, 112.77, NULL, '2019', '05'),
	(1477, 2, 8, 9, 460, 128, 2670.46, 30, 222.45, NULL, NULL, 296.69, 106.82, NULL, 84.55, NULL, 112.77, NULL, '2019', '05'),
	(1478, 2, 8, 9, 461, 128, 2670.46, 30, 222.45, NULL, NULL, 296.69, 106.82, NULL, 84.55, NULL, 112.77, NULL, '2019', '05'),
	(1479, 2, 8, 9, 463, 128, 2670.46, 30, 222.45, NULL, NULL, 296.69, 106.82, NULL, 84.55, NULL, 112.77, NULL, '2019', '05'),
	(1480, 2, 8, 9, 464, 128, 2670.46, 30, 222.45, NULL, NULL, 296.69, 106.82, NULL, 84.55, NULL, 112.77, NULL, '2019', '05'),
	(1481, 2, 8, 9, 465, 128, 2670.46, 30, 222.45, NULL, NULL, 296.69, 106.82, NULL, 84.55, NULL, 112.77, NULL, '2019', '05'),
	(1482, 2, 8, 9, 467, 128, 2670.46, 30, 222.45, NULL, NULL, 296.69, 106.82, NULL, 84.55, NULL, 112.77, NULL, '2019', '05'),
	(1483, 2, 8, 9, 468, 128, 2670.46, 30, 222.45, NULL, NULL, 296.69, 106.82, NULL, 84.55, NULL, 112.77, NULL, '2019', '05'),
	(1484, 2, 8, 9, 508, 128, 2670.46, 30, 222.45, NULL, NULL, 296.69, 106.82, NULL, 84.55, NULL, 112.77, NULL, '2019', '05'),
	(1485, 2, 8, 9, 503, 128, 2966.14, 30, 247.08, NULL, NULL, 329.54, 118.65, NULL, 93.91, NULL, 125.26, NULL, '2019', '05'),
	(1486, 2, 8, 9, 471, 128, 2966.14, 30, 247.08, NULL, NULL, 329.54, 118.65, NULL, 93.91, NULL, 125.26, NULL, '2019', '05'),
	(1487, 2, 8, 9, 513, 128, 2670.46, 30, 222.45, NULL, NULL, 296.69, 106.82, NULL, 84.55, NULL, 112.77, NULL, '2019', '05'),
	(1488, 2, 8, 9, 472, 128, 2670.46, 30, 222.45, NULL, NULL, 296.69, 106.82, NULL, 84.55, NULL, 112.77, NULL, '2019', '05'),
	(1489, 2, 8, 9, 510, 128, 2670.46, 30, 222.45, NULL, NULL, 296.69, 106.82, NULL, 84.55, NULL, 112.77, NULL, '2019', '05'),
	(1490, 2, 8, 9, 474, 128, 2670.46, 30, 222.45, NULL, NULL, 296.69, 106.82, NULL, 84.55, NULL, 112.77, NULL, '2019', '05'),
	(1491, 2, 8, 9, 475, 128, 2670.46, 30, 222.45, NULL, NULL, 296.69, 106.82, NULL, 84.55, NULL, 112.77, NULL, '2019', '05'),
	(1492, 2, 8, 9, 504, 128, 2670.46, 30, 222.45, NULL, NULL, 296.69, 106.82, NULL, 84.55, NULL, 112.77, NULL, '2019', '05'),
	(1493, 2, 8, 9, 476, 128, 2670.46, 30, 222.45, NULL, NULL, 296.69, 106.82, NULL, 84.55, NULL, 112.77, NULL, '2019', '05'),
	(1494, 2, 8, 9, 514, 128, 2670.46, 30, 222.45, NULL, NULL, 296.69, 106.82, NULL, 84.55, NULL, 112.77, NULL, '2019', '05'),
	(1495, 2, 8, 9, 477, 128, 2966.14, 30, 247.08, NULL, NULL, 329.54, 118.65, NULL, 93.91, NULL, 125.26, NULL, '2019', '05'),
	(1496, 2, 8, 9, 478, 128, 2670.46, 30, 222.45, NULL, NULL, 296.69, 106.82, NULL, 84.55, NULL, 112.77, NULL, '2019', '05'),
	(1497, 2, 8, 9, 479, 128, 2966.14, 30, 247.08, NULL, NULL, 329.54, 118.65, NULL, 93.91, NULL, 125.26, NULL, '2019', '05'),
	(1498, 2, 8, 9, 480, 128, 2670.46, 30, 222.45, NULL, NULL, 296.69, 106.82, NULL, 84.55, NULL, 112.77, NULL, '2019', '05'),
	(1499, 2, 8, 9, 511, 128, 2670.46, 30, 222.45, NULL, NULL, 296.69, 106.82, NULL, 84.55, NULL, 112.77, NULL, '2019', '05'),
	(1500, 2, 8, 9, 481, 128, 2670.46, 30, 222.45, NULL, NULL, 296.69, 106.82, NULL, 84.55, NULL, 112.77, NULL, '2019', '05'),
	(1501, 2, 8, 9, 515, 128, 2670.46, 30, 222.45, NULL, NULL, 296.69, 106.82, NULL, 84.55, NULL, 112.77, NULL, '2019', '05'),
	(1502, 2, 8, 9, 482, 128, 2966.14, 30, 247.08, NULL, NULL, 329.54, 118.65, NULL, 93.91, NULL, 125.26, NULL, '2019', '05'),
	(1503, 2, 8, 9, 483, 128, 2670.46, 30, 222.45, NULL, NULL, 296.69, 106.82, NULL, 84.55, NULL, 112.77, NULL, '2019', '05'),
	(1504, 2, 8, 9, 484, 128, 2670.46, 30, 222.45, NULL, NULL, 296.69, 106.82, NULL, 84.55, NULL, 112.77, NULL, '2019', '05'),
	(1505, 2, 8, 9, 485, 128, 2670.46, 30, 222.45, NULL, NULL, 296.69, 106.82, NULL, 84.55, NULL, 112.77, NULL, '2019', '05'),
	(1506, 2, 8, 9, 486, 128, 2670.46, 30, 222.45, NULL, NULL, 296.69, 106.82, NULL, 84.55, NULL, 112.77, NULL, '2019', '05'),
	(1507, 2, 8, 9, 487, 128, 2670.46, 30, 222.45, NULL, NULL, 296.69, 106.82, NULL, 84.55, NULL, 112.77, NULL, '2019', '05'),
	(1508, 2, 8, 9, 488, 128, 2670.46, 30, 222.45, NULL, NULL, 296.69, 106.82, NULL, 84.55, NULL, 112.77, NULL, '2019', '05'),
	(1509, 2, 8, 9, 489, 128, 2670.46, 30, 222.45, NULL, NULL, 296.69, 106.82, NULL, 84.55, NULL, 112.77, NULL, '2019', '05'),
	(1510, 2, 8, 9, 490, 128, 2670.46, 30, 222.45, NULL, NULL, 296.69, 106.82, NULL, 84.55, NULL, 112.77, NULL, '2019', '05'),
	(1511, 2, 8, 9, 491, 128, 2670.46, 30, 222.45, NULL, NULL, 296.69, 106.82, NULL, 84.55, NULL, 112.77, NULL, '2019', '05'),
	(1512, 2, 8, 9, 492, 128, 2966.14, 30, 247.08, NULL, NULL, 329.54, 118.65, NULL, 93.91, NULL, 125.26, NULL, '2019', '05'),
	(1513, 2, 8, 9, 493, 128, 2670.46, 30, 222.45, NULL, NULL, 296.69, 106.82, NULL, 84.55, NULL, 112.77, NULL, '2019', '05'),
	(1514, 2, 8, 9, 494, 128, 2670.46, 30, 222.45, NULL, NULL, 296.69, 106.82, NULL, 84.55, NULL, 112.77, NULL, '2019', '05'),
	(1515, 2, 8, 9, 495, 128, 2670.46, 30, 222.45, NULL, NULL, 296.69, 106.82, NULL, 84.55, NULL, 112.77, NULL, '2019', '05'),
	(1516, 2, 8, 9, 496, 128, 2670.46, 30, 222.45, NULL, NULL, 296.69, 106.82, NULL, 84.55, NULL, 112.77, NULL, '2019', '05'),
	(1517, 2, 8, 9, 497, 128, 2670.46, 30, 222.45, NULL, NULL, 296.69, 106.82, NULL, 84.55, NULL, 112.77, NULL, '2019', '05'),
	(1518, 2, 8, 9, 498, 128, 2670.46, 30, 222.45, NULL, NULL, 296.69, 106.82, NULL, 84.55, NULL, 112.77, NULL, '2019', '05'),
	(1519, 2, 8, 9, 516, 128, 2670.46, 30, 222.45, NULL, NULL, 296.69, 106.82, NULL, 84.55, NULL, 112.77, NULL, '2019', '05'),
	(1520, 2, 8, 9, 499, 128, 2670.46, 30, 222.45, NULL, NULL, 296.69, 106.82, NULL, 84.55, NULL, 112.77, NULL, '2019', '05'),
	(1521, 2, 8, 9, 501, 128, 2670.46, 30, 222.45, NULL, NULL, 296.69, 106.82, NULL, 84.55, NULL, 112.77, NULL, '2019', '05'),
	(1522, 2, 8, 9, 502, 128, 2670.46, 30, 222.45, NULL, NULL, 296.69, 106.82, NULL, 84.55, NULL, 112.77, NULL, '2019', '05'),
	(1523, 2, 8, 9, 506, 128, 2670.46, 30, 222.45, NULL, NULL, 296.69, 106.82, NULL, 84.55, NULL, 112.77, NULL, '2019', '05'),
	(1524, 3, 6, 6, 143, 131, 3444.96, 30, 286.97, NULL, NULL, 382.74, 137.80, NULL, 109.08, NULL, 145.48, NULL, '2018', '01'),
	(1525, 3, 6, 6, 144, 131, 3444.96, 30, 286.97, NULL, NULL, 382.74, 137.80, NULL, 109.08, NULL, 145.48, NULL, '2018', '01'),
	(1526, 3, 6, 6, 145, 131, 3444.96, 30, 286.97, NULL, NULL, 382.74, 137.80, NULL, 109.08, NULL, 145.48, NULL, '2018', '01'),
	(1527, 3, 6, 6, 101, 131, 3444.96, 30, 286.97, NULL, NULL, 382.74, 137.80, NULL, 109.08, NULL, 145.48, NULL, '2018', '01'),
	(1528, 3, 6, 6, 146, 131, 3444.96, 30, 286.97, NULL, NULL, 382.74, 137.80, NULL, 109.08, NULL, 145.48, NULL, '2018', '01'),
	(1529, 3, 6, 6, 147, 131, 3444.96, 30, 286.97, NULL, NULL, 382.74, 137.80, NULL, 109.08, NULL, 145.48, NULL, '2018', '01'),
	(1530, 3, 6, 6, 148, 131, 3444.96, 30, 286.97, NULL, NULL, 382.74, 137.80, NULL, 109.08, NULL, 145.48, NULL, '2018', '01'),
	(1531, 3, 6, 6, 102, 131, 4133.97, 30, 344.36, NULL, NULL, 459.28, 165.36, NULL, 130.89, NULL, 174.57, NULL, '2018', '01'),
	(1532, 3, 6, 6, 149, 131, 3444.96, 30, 286.97, NULL, NULL, 382.74, 137.80, NULL, 109.08, NULL, 145.48, NULL, '2018', '01'),
	(1533, 3, 6, 6, 103, 131, 3444.96, 30, 286.97, NULL, NULL, 382.74, 137.80, NULL, 109.08, NULL, 145.48, NULL, '2018', '01'),
	(1534, 3, 6, 6, 104, 131, 3444.96, 30, 286.97, NULL, NULL, 382.74, 137.80, NULL, 109.08, NULL, 145.48, NULL, '2018', '01'),
	(1535, 3, 6, 6, 150, 131, 3444.96, 30, 286.97, NULL, NULL, 382.74, 137.80, NULL, 109.08, NULL, 145.48, NULL, '2018', '01'),
	(1536, 3, 6, 6, 105, 131, 3444.96, 30, 286.97, NULL, NULL, 382.74, 137.80, NULL, 109.08, NULL, 145.48, NULL, '2018', '01'),
	(1537, 3, 6, 6, 106, 131, 3444.96, 30, 286.97, NULL, NULL, 382.74, 137.80, NULL, 109.08, NULL, 145.48, NULL, '2018', '01'),
	(1538, 3, 6, 6, 107, 131, 3444.96, 30, 286.97, NULL, NULL, 382.74, 137.80, NULL, 109.08, NULL, 145.48, NULL, '2018', '01'),
	(1539, 3, 6, 6, 151, 131, 3444.96, 30, 286.97, NULL, NULL, 382.74, 137.80, NULL, 109.08, NULL, 145.48, NULL, '2018', '01'),
	(1540, 3, 6, 6, 108, 131, 3444.96, 30, 286.97, NULL, NULL, 382.74, 137.80, NULL, 109.08, NULL, 145.48, NULL, '2018', '01'),
	(1541, 3, 6, 6, 109, 131, 3444.96, 30, 286.97, NULL, NULL, 382.74, 137.80, NULL, 109.08, NULL, 145.48, NULL, '2018', '01'),
	(1542, 3, 6, 6, 152, 131, 3444.96, 30, 286.97, NULL, NULL, 382.74, 137.80, NULL, 109.08, NULL, 145.48, NULL, '2018', '01'),
	(1543, 3, 6, 6, 110, 131, 3444.96, 30, 286.97, NULL, NULL, 382.74, 137.80, NULL, 109.08, NULL, 145.48, NULL, '2018', '01'),
	(1544, 3, 6, 6, 153, 131, 3444.96, 30, 286.97, NULL, NULL, 382.74, 137.80, NULL, 109.08, NULL, 145.48, NULL, '2018', '01'),
	(1545, 3, 6, 6, 154, 131, 3444.96, 30, 286.97, NULL, NULL, 382.74, 137.80, NULL, 109.08, NULL, 145.48, NULL, '2018', '01'),
	(1546, 3, 6, 6, 155, 131, 3444.96, 30, 286.97, NULL, NULL, 382.74, 137.80, NULL, 109.08, NULL, 145.48, NULL, '2018', '01'),
	(1547, 3, 6, 6, 111, 131, 3444.96, 30, 286.97, NULL, NULL, 382.74, 137.80, NULL, 109.08, NULL, 145.48, NULL, '2018', '01'),
	(1548, 3, 6, 6, 156, 131, 3444.96, 30, 286.97, NULL, NULL, 382.74, 137.80, NULL, 109.08, NULL, 145.48, NULL, '2018', '01'),
	(1549, 3, 6, 6, 112, 131, 3444.96, 30, 286.97, NULL, NULL, 382.74, 137.80, NULL, 109.08, NULL, 145.48, NULL, '2018', '01'),
	(1550, 3, 6, 6, 113, 131, 3444.96, 30, 286.97, NULL, NULL, 382.74, 137.80, NULL, 109.08, NULL, 145.48, NULL, '2018', '01'),
	(1551, 3, 6, 6, 157, 131, 3444.96, 30, 286.97, NULL, NULL, 382.74, 137.80, NULL, 109.08, NULL, 145.48, NULL, '2018', '01'),
	(1552, 3, 6, 6, 158, 131, 3444.96, 30, 286.97, NULL, NULL, 382.74, 137.80, NULL, 109.08, NULL, 145.48, NULL, '2018', '01'),
	(1553, 3, 6, 6, 114, 131, 3979.62, 30, 331.50, NULL, NULL, 442.14, 159.18, NULL, 126.00, NULL, 168.06, NULL, '2018', '01'),
	(1554, 3, 6, 6, 115, 131, 3444.96, 30, 286.97, NULL, NULL, 382.74, 137.80, NULL, 109.08, NULL, 145.48, NULL, '2018', '01'),
	(1555, 3, 6, 6, 116, 131, 3444.96, 30, 286.97, NULL, NULL, 382.74, 137.80, NULL, 109.08, NULL, 145.48, NULL, '2018', '01'),
	(1556, 3, 6, 6, 159, 131, 3444.96, 30, 286.97, NULL, NULL, 382.74, 137.80, NULL, 109.08, NULL, 145.48, NULL, '2018', '01'),
	(1557, 3, 6, 6, 160, 131, 3444.96, 30, 286.97, NULL, NULL, 382.74, 137.80, NULL, 109.08, NULL, 145.48, NULL, '2018', '01'),
	(1558, 3, 6, 6, 117, 131, 3979.62, 30, 331.50, NULL, NULL, 442.14, 159.18, NULL, 126.00, NULL, 168.06, NULL, '2018', '01'),
	(1559, 3, 6, 6, 161, 131, 3444.96, 30, 286.97, NULL, NULL, 382.74, 137.80, NULL, 109.08, NULL, 145.48, NULL, '2018', '01'),
	(1560, 3, 6, 6, 162, 131, 3444.96, 30, 286.97, NULL, NULL, 382.74, 137.80, NULL, 109.08, NULL, 145.48, NULL, '2018', '01'),
	(1561, 3, 6, 6, 118, 131, 3979.62, 30, 331.50, NULL, NULL, 442.14, 159.18, NULL, 126.00, NULL, 168.06, NULL, '2018', '01'),
	(1562, 3, 6, 6, 163, 131, 3444.96, 30, 286.97, NULL, NULL, 382.74, 137.80, NULL, 109.08, NULL, 145.48, NULL, '2018', '01'),
	(1563, 3, 6, 6, 119, 131, 3444.96, 30, 286.97, NULL, NULL, 382.74, 137.80, NULL, 109.08, NULL, 145.48, NULL, '2018', '01'),
	(1564, 3, 6, 6, 164, 131, 3444.96, 30, 286.97, NULL, NULL, 382.74, 137.80, NULL, 109.08, NULL, 145.48, NULL, '2018', '01'),
	(1565, 3, 6, 6, 120, 131, 3444.96, 30, 286.97, NULL, NULL, 382.74, 137.80, NULL, 109.08, NULL, 145.48, NULL, '2018', '01'),
	(1566, 3, 6, 6, 121, 131, 3444.96, 30, 286.97, NULL, NULL, 382.74, 137.80, NULL, 109.08, NULL, 145.48, NULL, '2018', '01'),
	(1567, 3, 6, 6, 122, 131, 3444.96, 30, 286.97, NULL, NULL, 382.74, 137.80, NULL, 109.08, NULL, 145.48, NULL, '2018', '01'),
	(1568, 3, 6, 6, 123, 131, 3444.96, 30, 286.97, NULL, NULL, 382.74, 137.80, NULL, 109.08, NULL, 145.48, NULL, '2018', '01'),
	(1569, 3, 6, 6, 124, 131, 3444.96, 30, 286.97, NULL, NULL, 382.74, 137.80, NULL, 109.08, NULL, 145.48, NULL, '2018', '01'),
	(1570, 3, 6, 6, 125, 131, 3444.96, 30, 286.97, NULL, NULL, 382.74, 137.80, NULL, 109.08, NULL, 145.48, NULL, '2018', '01'),
	(1571, 3, 6, 6, 126, 131, 3444.96, 30, 286.97, NULL, NULL, 382.74, 137.80, NULL, 109.08, NULL, 145.48, NULL, '2018', '01'),
	(1572, 3, 6, 6, 127, 131, 3979.62, 30, 331.50, NULL, NULL, 442.14, 159.18, NULL, 126.00, NULL, 168.06, NULL, '2018', '01'),
	(1573, 3, 6, 6, 128, 131, 3444.96, 30, 286.97, NULL, NULL, 382.74, 137.80, NULL, 109.08, NULL, 145.48, NULL, '2018', '01'),
	(1574, 3, 6, 6, 166, 131, 3444.96, 30, 286.97, NULL, NULL, 382.74, 137.80, NULL, 109.08, NULL, 145.48, NULL, '2018', '01'),
	(1575, 3, 6, 6, 129, 131, 3444.96, 30, 286.97, NULL, NULL, 382.74, 137.80, NULL, 109.08, NULL, 145.48, NULL, '2018', '01'),
	(1576, 3, 6, 6, 167, 131, 3444.96, 30, 286.97, NULL, NULL, 382.74, 137.80, NULL, 109.08, NULL, 145.48, NULL, '2018', '01'),
	(1577, 3, 6, 6, 168, 131, 8045.23, 30, 670.17, NULL, NULL, 893.83, 321.81, NULL, 254.73, NULL, 339.74, NULL, '2018', '01'),
	(1578, 3, 6, 6, 130, 131, 3979.62, 30, 331.50, NULL, NULL, 442.14, 159.18, NULL, 126.00, NULL, 168.06, NULL, '2018', '01'),
	(1579, 3, 6, 6, 131, 131, 4133.97, 30, 344.36, NULL, NULL, 459.28, 165.36, NULL, 130.89, NULL, 174.57, NULL, '2018', '01'),
	(1580, 3, 6, 6, 169, 131, 3444.96, 30, 286.97, NULL, NULL, 382.74, 137.80, NULL, 109.08, NULL, 145.48, NULL, '2018', '01'),
	(1581, 3, 6, 6, 132, 131, 3444.96, 30, 286.97, NULL, NULL, 382.74, 137.80, NULL, 109.08, NULL, 145.48, NULL, '2018', '01'),
	(1582, 3, 6, 6, 518, 131, 3444.96, 30, 286.97, NULL, NULL, 382.74, 137.80, NULL, 109.08, NULL, 145.48, NULL, '2018', '01'),
	(1583, 3, 6, 6, 133, 131, 3979.62, 30, 331.50, NULL, NULL, 442.14, 159.18, NULL, 126.00, NULL, 168.06, NULL, '2018', '01'),
	(1584, 3, 6, 6, 134, 131, 3444.96, 30, 286.97, NULL, NULL, 382.74, 137.80, NULL, 109.08, NULL, 145.48, NULL, '2018', '01'),
	(1585, 3, 6, 6, 170, 131, 3444.96, 30, 286.97, NULL, NULL, 382.74, 137.80, NULL, 109.08, NULL, 145.48, NULL, '2018', '01'),
	(1586, 3, 6, 6, 135, 131, 3979.62, 30, 331.50, NULL, NULL, 442.14, 159.18, NULL, 126.00, NULL, 168.06, NULL, '2018', '01'),
	(1587, 3, 6, 6, 171, 131, 3444.96, 30, 286.97, NULL, NULL, 382.74, 137.80, NULL, 109.08, NULL, 145.48, NULL, '2018', '01'),
	(1588, 3, 6, 6, 136, 131, 3444.96, 30, 286.97, NULL, NULL, 382.74, 137.80, NULL, 109.08, NULL, 145.48, NULL, '2018', '01'),
	(1589, 3, 6, 6, 172, 131, 3444.96, 30, 286.97, NULL, NULL, 382.74, 137.80, NULL, 109.08, NULL, 145.48, NULL, '2018', '01'),
	(1590, 3, 6, 6, 137, 131, 3444.96, 30, 286.97, NULL, NULL, 382.74, 137.80, NULL, 109.08, NULL, 145.48, NULL, '2018', '01'),
	(1591, 3, 6, 6, 138, 131, 3444.96, 30, 286.97, NULL, NULL, 382.74, 137.80, NULL, 109.08, NULL, 145.48, NULL, '2018', '01'),
	(1592, 3, 6, 6, 139, 131, 3444.96, 30, 286.97, NULL, NULL, 382.74, 137.80, NULL, 109.08, NULL, 145.48, NULL, '2018', '01'),
	(1593, 3, 6, 6, 173, 131, 3444.96, 30, 286.97, NULL, NULL, 382.74, 137.80, NULL, 109.08, NULL, 145.48, NULL, '2018', '01'),
	(1594, 3, 6, 6, 174, 131, 3444.96, 30, 286.97, NULL, NULL, 382.74, 137.80, NULL, 109.08, NULL, 145.48, NULL, '2018', '01'),
	(1595, 3, 6, 6, 175, 131, 8045.23, 30, 670.17, NULL, NULL, 893.83, 321.81, NULL, 254.73, NULL, 339.74, NULL, '2018', '01'),
	(1596, 3, 6, 6, 140, 131, 3979.62, 30, 331.50, NULL, NULL, 442.14, 159.18, NULL, 126.00, NULL, 168.06, NULL, '2018', '01'),
	(1597, 3, 6, 6, 176, 131, 3444.96, 30, 286.97, NULL, NULL, 382.74, 137.80, NULL, 109.08, NULL, 145.48, NULL, '2018', '01'),
	(1598, 3, 6, 6, 141, 131, 3444.96, 30, 286.97, NULL, NULL, 382.74, 137.80, NULL, 109.08, NULL, 145.48, NULL, '2018', '01'),
	(1599, 3, 6, 6, 142, 131, 3444.96, 30, 286.97, NULL, NULL, 382.74, 137.80, NULL, 109.08, NULL, 145.48, NULL, '2018', '01'),
	(1600, 3, 6, 6, 143, 132, 3444.96, 30, 286.97, NULL, NULL, 382.74, 137.80, NULL, 109.08, NULL, 145.48, NULL, '2018', '02'),
	(1601, 3, 6, 6, 144, 132, 3444.96, 30, 286.97, NULL, NULL, 382.74, 137.80, NULL, 109.08, NULL, 145.48, NULL, '2018', '02'),
	(1602, 3, 6, 6, 145, 132, 3444.96, 30, 286.97, NULL, NULL, 382.74, 137.80, NULL, 109.08, NULL, 145.48, NULL, '2018', '02'),
	(1603, 3, 6, 6, 101, 132, 3444.96, 30, 286.97, NULL, NULL, 382.74, 137.80, NULL, 109.08, NULL, 145.48, NULL, '2018', '02'),
	(1604, 3, 6, 6, 146, 132, 3444.96, 30, 286.97, NULL, NULL, 382.74, 137.80, NULL, 109.08, NULL, 145.48, NULL, '2018', '02'),
	(1605, 3, 6, 6, 147, 132, 3444.96, 30, 286.97, NULL, NULL, 382.74, 137.80, NULL, 109.08, NULL, 145.48, NULL, '2018', '02'),
	(1606, 3, 6, 6, 148, 132, 3444.96, 30, 286.97, NULL, NULL, 382.74, 137.80, NULL, 109.08, NULL, 145.48, NULL, '2018', '02'),
	(1607, 3, 6, 6, 519, 132, 459.33, 4, 38.26, NULL, NULL, 51.03, 18.37, NULL, 14.54, NULL, 19.40, NULL, '2018', '02'),
	(1608, 3, 6, 6, 102, 132, 2618.18, 19, 218.09, NULL, NULL, 290.88, 104.73, NULL, 82.90, NULL, 110.56, NULL, '2018', '02'),
	(1609, 3, 6, 6, 102, 132, 2949.92, 11, 245.73, NULL, NULL, 327.74, 118.00, NULL, 93.40, NULL, 124.57, NULL, '2018', '02'),
	(1610, 3, 6, 6, 149, 132, 3444.96, 30, 286.97, NULL, NULL, 382.74, 137.80, NULL, 109.08, NULL, 145.48, NULL, '2018', '02'),
	(1611, 3, 6, 6, 103, 132, 3444.96, 30, 286.97, NULL, NULL, 382.74, 137.80, NULL, 109.08, NULL, 145.48, NULL, '2018', '02'),
	(1612, 3, 6, 6, 104, 132, 3444.96, 30, 286.97, NULL, NULL, 382.74, 137.80, NULL, 109.08, NULL, 145.48, NULL, '2018', '02'),
	(1613, 3, 6, 6, 150, 132, 3444.96, 30, 286.97, NULL, NULL, 382.74, 137.80, NULL, 109.08, NULL, 145.48, NULL, '2018', '02'),
	(1614, 3, 6, 6, 105, 132, 3444.96, 30, 286.97, NULL, NULL, 382.74, 137.80, NULL, 109.08, NULL, 145.48, NULL, '2018', '02'),
	(1615, 3, 6, 6, 106, 132, 3444.96, 30, 286.97, NULL, NULL, 382.74, 137.80, NULL, 109.08, NULL, 145.48, NULL, '2018', '02'),
	(1616, 3, 6, 6, 107, 132, 3444.96, 30, 286.97, NULL, NULL, 382.74, 137.80, NULL, 109.08, NULL, 145.48, NULL, '2018', '02'),
	(1617, 3, 6, 6, 151, 132, 3444.96, 30, 286.97, NULL, NULL, 382.74, 137.80, NULL, 109.08, NULL, 145.48, NULL, '2018', '02'),
	(1618, 3, 6, 6, 108, 132, 3444.96, 30, 286.97, NULL, NULL, 382.74, 137.80, NULL, 109.08, NULL, 145.48, NULL, '2018', '02'),
	(1619, 3, 6, 6, 109, 132, 3444.96, 30, 286.97, NULL, NULL, 382.74, 137.80, NULL, 109.08, NULL, 145.48, NULL, '2018', '02'),
	(1620, 3, 6, 6, 152, 132, 3444.96, 30, 286.97, NULL, NULL, 382.74, 137.80, NULL, 109.08, NULL, 145.48, NULL, '2018', '02'),
	(1621, 3, 6, 6, 110, 132, 3444.96, 30, 286.97, NULL, NULL, 382.74, 137.80, NULL, 109.08, NULL, 145.48, NULL, '2018', '02'),
	(1622, 3, 6, 6, 153, 132, 3444.96, 30, 286.97, NULL, NULL, 382.74, 137.80, NULL, 109.08, NULL, 145.48, NULL, '2018', '02'),
	(1623, 3, 6, 6, 154, 132, 3444.96, 30, 286.97, NULL, NULL, 382.74, 137.80, NULL, 109.08, NULL, 145.48, NULL, '2018', '02'),
	(1624, 3, 6, 6, 155, 132, 3444.96, 30, 286.97, NULL, NULL, 382.74, 137.80, NULL, 109.08, NULL, 145.48, NULL, '2018', '02'),
	(1625, 3, 6, 6, 111, 132, 3444.96, 30, 286.97, NULL, NULL, 382.74, 137.80, NULL, 109.08, NULL, 145.48, NULL, '2018', '02'),
	(1626, 3, 6, 6, 156, 132, 3444.96, 30, 286.97, NULL, NULL, 382.74, 137.80, NULL, 109.08, NULL, 145.48, NULL, '2018', '02'),
	(1627, 3, 6, 6, 112, 132, 3444.96, 30, 286.97, NULL, NULL, 382.74, 137.80, NULL, 109.08, NULL, 145.48, NULL, '2018', '02'),
	(1628, 3, 6, 6, 113, 132, 3444.96, 30, 286.97, NULL, NULL, 382.74, 137.80, NULL, 109.08, NULL, 145.48, NULL, '2018', '02'),
	(1629, 3, 6, 6, 157, 132, 3444.96, 30, 286.97, NULL, NULL, 382.74, 137.80, NULL, 109.08, NULL, 145.48, NULL, '2018', '02'),
	(1630, 3, 6, 6, 158, 132, 3444.96, 30, 286.97, NULL, NULL, 382.74, 137.80, NULL, 109.08, NULL, 145.48, NULL, '2018', '02'),
	(1631, 3, 6, 6, 114, 132, 3979.62, 30, 331.50, NULL, NULL, 442.14, 159.18, NULL, 126.00, NULL, 168.06, NULL, '2018', '02'),
	(1632, 3, 6, 6, 115, 132, 3444.96, 30, 286.97, NULL, NULL, 382.74, 137.80, NULL, 109.08, NULL, 145.48, NULL, '2018', '02'),
	(1633, 3, 6, 6, 116, 132, 3444.96, 30, 286.97, NULL, NULL, 382.74, 137.80, NULL, 109.08, NULL, 145.48, NULL, '2018', '02'),
	(1634, 3, 6, 6, 159, 132, 3444.96, 30, 286.97, NULL, NULL, 382.74, 137.80, NULL, 109.08, NULL, 145.48, NULL, '2018', '02'),
	(1635, 3, 6, 6, 160, 132, 3444.96, 30, 286.97, NULL, NULL, 382.74, 137.80, NULL, 109.08, NULL, 145.48, NULL, '2018', '02'),
	(1636, 3, 6, 6, 117, 132, 3979.62, 30, 331.50, NULL, NULL, 442.14, 159.18, NULL, 126.00, NULL, 168.06, NULL, '2018', '02'),
	(1637, 3, 6, 6, 161, 132, 3444.96, 30, 286.97, NULL, NULL, 382.74, 137.80, NULL, 109.08, NULL, 145.48, NULL, '2018', '02'),
	(1638, 3, 6, 6, 162, 132, 3444.96, 30, 286.97, NULL, NULL, 382.74, 137.80, NULL, 109.08, NULL, 145.48, NULL, '2018', '02'),
	(1639, 3, 6, 6, 118, 132, 3979.62, 30, 331.50, NULL, NULL, 442.14, 159.18, NULL, 126.00, NULL, 168.06, NULL, '2018', '02'),
	(1640, 3, 6, 6, 163, 132, 3444.96, 30, 286.97, NULL, NULL, 382.74, 137.80, NULL, 109.08, NULL, 145.48, NULL, '2018', '02'),
	(1641, 3, 6, 6, 119, 132, 3444.96, 30, 286.97, NULL, NULL, 382.74, 137.80, NULL, 109.08, NULL, 145.48, NULL, '2018', '02'),
	(1642, 3, 6, 6, 164, 132, 3444.96, 30, 286.97, NULL, NULL, 382.74, 137.80, NULL, 109.08, NULL, 145.48, NULL, '2018', '02'),
	(1643, 3, 6, 6, 120, 132, 3444.96, 30, 286.97, NULL, NULL, 382.74, 137.80, NULL, 109.08, NULL, 145.48, NULL, '2018', '02'),
	(1644, 3, 6, 6, 121, 132, 3444.96, 30, 286.97, NULL, NULL, 382.74, 137.80, NULL, 109.08, NULL, 145.48, NULL, '2018', '02'),
	(1645, 3, 6, 6, 122, 132, 3444.96, 30, 286.97, NULL, NULL, 382.74, 137.80, NULL, 109.08, NULL, 145.48, NULL, '2018', '02'),
	(1646, 3, 6, 6, 123, 132, 3444.96, 30, 286.97, NULL, NULL, 382.74, 137.80, NULL, 109.08, NULL, 145.48, NULL, '2018', '02'),
	(1647, 3, 6, 6, 124, 132, 3444.96, 30, 286.97, NULL, NULL, 382.74, 137.80, NULL, 109.08, NULL, 145.48, NULL, '2018', '02'),
	(1648, 3, 6, 6, 125, 132, 3444.96, 30, 286.97, NULL, NULL, 382.74, 137.80, NULL, 109.08, NULL, 145.48, NULL, '2018', '02'),
	(1649, 3, 6, 6, 126, 132, 3444.96, 30, 286.97, NULL, NULL, 382.74, 137.80, NULL, 109.08, NULL, 145.48, NULL, '2018', '02'),
	(1650, 3, 6, 6, 520, 132, 2755.97, 24, 229.57, NULL, NULL, 306.19, 110.24, NULL, 87.26, NULL, 116.38, NULL, '2018', '02'),
	(1651, 3, 6, 6, 127, 132, 3979.62, 30, 331.50, NULL, NULL, 442.14, 159.18, NULL, 126.00, NULL, 168.06, NULL, '2018', '02'),
	(1652, 3, 6, 6, 128, 132, 3444.96, 30, 286.97, NULL, NULL, 382.74, 137.80, NULL, 109.08, NULL, 145.48, NULL, '2018', '02'),
	(1653, 3, 6, 6, 166, 132, 3444.96, 30, 286.97, NULL, NULL, 382.74, 137.80, NULL, 109.08, NULL, 145.48, NULL, '2018', '02'),
	(1654, 3, 6, 6, 129, 132, 688.99, 6, 57.39, NULL, NULL, 76.55, 27.56, NULL, 21.82, NULL, 29.10, NULL, '2018', '02'),
	(1655, 3, 6, 6, 167, 132, 3444.96, 30, 286.97, NULL, NULL, 382.74, 137.80, NULL, 109.08, NULL, 145.48, NULL, '2018', '02'),
	(1656, 3, 6, 6, 168, 132, 8045.23, 30, 670.17, NULL, NULL, 893.83, 321.81, NULL, 254.73, NULL, 339.74, NULL, '2018', '02'),
	(1657, 3, 6, 6, 130, 132, 3979.62, 30, 331.50, NULL, NULL, 442.14, 159.18, NULL, 126.00, NULL, 168.06, NULL, '2018', '02'),
	(1658, 3, 6, 6, 131, 132, 4133.97, 30, 344.36, NULL, NULL, 459.28, 165.36, NULL, 130.89, NULL, 174.57, NULL, '2018', '02'),
	(1659, 3, 6, 6, 169, 132, 3444.96, 30, 286.97, NULL, NULL, 382.74, 137.80, NULL, 109.08, NULL, 145.48, NULL, '2018', '02'),
	(1660, 3, 6, 6, 132, 132, 3444.96, 30, 286.97, NULL, NULL, 382.74, 137.80, NULL, 109.08, NULL, 145.48, NULL, '2018', '02'),
	(1661, 3, 6, 6, 518, 132, 3444.96, 30, 286.97, NULL, NULL, 382.74, 137.80, NULL, 109.08, NULL, 145.48, NULL, '2018', '02'),
	(1662, 3, 6, 6, 133, 132, 3714.31, 28, 309.40, NULL, NULL, 412.66, 148.57, NULL, 117.60, NULL, 156.85, NULL, '2018', '02'),
	(1663, 3, 6, 6, 133, 132, 1240.19, 9, 103.31, NULL, NULL, 137.79, 49.61, NULL, 39.27, NULL, 52.37, NULL, '2018', '02'),
	(1664, 3, 6, 6, 134, 132, 3444.96, 30, 286.97, NULL, NULL, 382.74, 137.80, NULL, 109.08, NULL, 145.48, NULL, '2018', '02'),
	(1665, 3, 6, 6, 170, 132, 3444.96, 30, 286.97, NULL, NULL, 382.74, 137.80, NULL, 109.08, NULL, 145.48, NULL, '2018', '02'),
	(1666, 3, 6, 6, 135, 132, 3979.62, 30, 331.50, NULL, NULL, 442.14, 159.18, NULL, 126.00, NULL, 168.06, NULL, '2018', '02'),
	(1667, 3, 6, 6, 171, 132, 3444.96, 30, 286.97, NULL, NULL, 382.74, 137.80, NULL, 109.08, NULL, 145.48, NULL, '2018', '02'),
	(1668, 3, 6, 6, 136, 132, 3444.96, 30, 286.97, NULL, NULL, 382.74, 137.80, NULL, 109.08, NULL, 145.48, NULL, '2018', '02'),
	(1669, 3, 6, 6, 172, 132, 3444.96, 30, 286.97, NULL, NULL, 382.74, 137.80, NULL, 109.08, NULL, 145.48, NULL, '2018', '02'),
	(1670, 3, 6, 6, 137, 132, 3444.96, 30, 286.97, NULL, NULL, 382.74, 137.80, NULL, 109.08, NULL, 145.48, NULL, '2018', '02'),
	(1671, 3, 6, 6, 138, 132, 3444.96, 30, 286.97, NULL, NULL, 382.74, 137.80, NULL, 109.08, NULL, 145.48, NULL, '2018', '02'),
	(1672, 3, 6, 6, 139, 132, 3444.96, 30, 286.97, NULL, NULL, 382.74, 137.80, NULL, 109.08, NULL, 145.48, NULL, '2018', '02'),
	(1673, 3, 6, 6, 173, 132, 3444.96, 30, 286.97, NULL, NULL, 382.74, 137.80, NULL, 109.08, NULL, 145.48, NULL, '2018', '02'),
	(1674, 3, 6, 6, 174, 132, 3444.96, 30, 286.97, NULL, NULL, 382.74, 137.80, NULL, 109.08, NULL, 145.48, NULL, '2018', '02'),
	(1675, 3, 6, 6, 175, 132, 5095.31, 19, 424.44, NULL, NULL, 566.09, 203.81, NULL, 161.33, NULL, 215.17, NULL, '2018', '02'),
	(1676, 3, 6, 6, 140, 132, 3979.62, 30, 331.50, NULL, NULL, 442.14, 159.18, NULL, 126.00, NULL, 168.06, NULL, '2018', '02'),
	(1677, 3, 6, 6, 176, 132, 3444.96, 30, 286.97, NULL, NULL, 382.74, 137.80, NULL, 109.08, NULL, 145.48, NULL, '2018', '02'),
	(1678, 3, 6, 6, 141, 132, 3444.96, 30, 286.97, NULL, NULL, 382.74, 137.80, NULL, 109.08, NULL, 145.48, NULL, '2018', '02'),
	(1679, 3, 6, 6, 142, 132, 3444.96, 30, 286.97, NULL, NULL, 382.74, 137.80, NULL, 109.08, NULL, 145.48, NULL, '2018', '02'),
	(1698, 2, 9, 11, 539, 135, 2728.14, 30, 227.25, NULL, NULL, 303.10, 109.13, NULL, 86.38, NULL, 115.21, NULL, '2018', '11'),
	(1699, 2, 9, 11, 540, 135, 2728.14, 30, 227.25, NULL, NULL, 303.10, 109.13, NULL, 86.38, NULL, 115.21, NULL, '2018', '11'),
	(1700, 2, 9, 11, 541, 135, 2728.14, 30, 227.25, NULL, NULL, 303.10, 109.13, NULL, 86.38, NULL, 115.21, NULL, '2018', '11'),
	(1701, 2, 9, 11, 542, 135, 3338.98, 30, 278.14, NULL, NULL, 370.96, 133.56, NULL, 105.72, NULL, 141.00, NULL, '2018', '11'),
	(1702, 2, 9, 11, 543, 135, 2728.14, 30, 227.25, NULL, NULL, 303.10, 109.13, NULL, 86.38, NULL, 115.21, NULL, '2018', '11'),
	(1703, 2, 9, 11, 544, 135, 4114.74, 30, 342.76, NULL, NULL, 457.15, 164.59, NULL, 130.28, NULL, 173.76, NULL, '2018', '11'),
	(1704, 2, 9, 11, 545, 135, 2728.14, 30, 227.25, NULL, NULL, 303.10, 109.13, NULL, 86.38, NULL, 115.21, NULL, '2018', '11'),
	(1705, 2, 9, 11, 546, 135, 2728.14, 30, 227.25, NULL, NULL, 303.10, 109.13, NULL, 86.38, NULL, 115.21, NULL, '2018', '11'),
	(1706, 2, 9, 11, 547, 135, 2728.14, 30, 227.25, NULL, NULL, 303.10, 109.13, NULL, 86.38, NULL, 115.21, NULL, '2018', '11'),
	(1707, 2, 9, 11, 548, 135, 2728.14, 30, 227.25, NULL, NULL, 303.10, 109.13, NULL, 86.38, NULL, 115.21, NULL, '2018', '11'),
	(1708, 2, 9, 11, 549, 135, 2728.14, 30, 227.25, NULL, NULL, 303.10, 109.13, NULL, 86.38, NULL, 115.21, NULL, '2018', '11'),
	(1709, 2, 9, 11, 550, 135, 3338.98, 30, 278.14, NULL, NULL, 370.96, 133.56, NULL, 105.72, NULL, 141.00, NULL, '2018', '11'),
	(1710, 2, 9, 11, 551, 135, 2728.14, 30, 227.25, NULL, NULL, 303.10, 109.13, NULL, 86.38, NULL, 115.21, NULL, '2018', '11'),
	(1711, 2, 9, 11, 552, 135, 2728.14, 30, 227.25, NULL, NULL, 303.10, 109.13, NULL, 86.38, NULL, 115.21, NULL, '2018', '11'),
	(1712, 3, 6, 6, 143, 136, 3444.96, 30, 286.97, NULL, NULL, 382.74, 137.80, NULL, 109.08, NULL, 145.48, NULL, '2018', '03'),
	(1713, 3, 6, 6, 144, 136, 3444.96, 30, 286.97, NULL, NULL, 382.74, 137.80, NULL, 109.08, NULL, 145.48, NULL, '2018', '03'),
	(1714, 3, 6, 6, 145, 136, 3444.96, 30, 286.97, NULL, NULL, 382.74, 137.80, NULL, 109.08, NULL, 145.48, NULL, '2018', '03'),
	(1715, 3, 6, 6, 101, 136, 3444.96, 30, 286.97, NULL, NULL, 382.74, 137.80, NULL, 109.08, NULL, 145.48, NULL, '2018', '03'),
	(1716, 3, 6, 6, 146, 136, 3444.96, 30, 286.97, NULL, NULL, 382.74, 137.80, NULL, 109.08, NULL, 145.48, NULL, '2018', '03'),
	(1717, 3, 6, 6, 147, 136, 3444.96, 30, 286.97, NULL, NULL, 382.74, 137.80, NULL, 109.08, NULL, 145.48, NULL, '2018', '03'),
	(1718, 3, 6, 6, 148, 136, 3444.96, 30, 286.97, NULL, NULL, 382.74, 137.80, NULL, 109.08, NULL, 145.48, NULL, '2018', '03'),
	(1719, 3, 6, 6, 519, 136, 2985.63, 26, 248.70, NULL, NULL, 331.70, 119.43, NULL, 94.53, NULL, 126.08, NULL, '2018', '03'),
	(1720, 3, 6, 6, 553, 136, 459.33, 4, 38.26, NULL, NULL, 51.03, 18.37, NULL, 14.54, NULL, 19.40, NULL, '2018', '03'),
	(1721, 3, 6, 6, 102, 136, 8045.23, 30, 670.17, NULL, NULL, 893.83, 321.81, NULL, 254.73, NULL, 339.74, NULL, '2018', '03'),
	(1722, 3, 6, 6, 149, 136, 3444.96, 30, 286.97, NULL, NULL, 382.74, 137.80, NULL, 109.08, NULL, 145.48, NULL, '2018', '03'),
	(1723, 3, 6, 6, 103, 136, 3444.96, 30, 286.97, NULL, NULL, 382.74, 137.80, NULL, 109.08, NULL, 145.48, NULL, '2018', '03'),
	(1724, 3, 6, 6, 104, 136, 3444.96, 30, 286.97, NULL, NULL, 382.74, 137.80, NULL, 109.08, NULL, 145.48, NULL, '2018', '03'),
	(1725, 3, 6, 6, 150, 136, 3444.96, 30, 286.97, NULL, NULL, 382.74, 137.80, NULL, 109.08, NULL, 145.48, NULL, '2018', '03'),
	(1726, 3, 6, 6, 105, 136, 3444.96, 30, 286.97, NULL, NULL, 382.74, 137.80, NULL, 109.08, NULL, 145.48, NULL, '2018', '03'),
	(1727, 3, 6, 6, 106, 136, 3444.96, 30, 286.97, NULL, NULL, 382.74, 137.80, NULL, 109.08, NULL, 145.48, NULL, '2018', '03'),
	(1728, 3, 6, 6, 107, 136, 3444.96, 30, 286.97, NULL, NULL, 382.74, 137.80, NULL, 109.08, NULL, 145.48, NULL, '2018', '03'),
	(1729, 3, 6, 6, 151, 136, 3444.96, 30, 286.97, NULL, NULL, 382.74, 137.80, NULL, 109.08, NULL, 145.48, NULL, '2018', '03'),
	(1730, 3, 6, 6, 108, 136, 3444.96, 30, 286.97, NULL, NULL, 382.74, 137.80, NULL, 109.08, NULL, 145.48, NULL, '2018', '03'),
	(1731, 3, 6, 6, 109, 136, 3444.96, 30, 286.97, NULL, NULL, 382.74, 137.80, NULL, 109.08, NULL, 145.48, NULL, '2018', '03'),
	(1732, 3, 6, 6, 152, 136, 3444.96, 30, 286.97, NULL, NULL, 382.74, 137.80, NULL, 109.08, NULL, 145.48, NULL, '2018', '03'),
	(1733, 3, 6, 6, 110, 136, 3444.96, 30, 286.97, NULL, NULL, 382.74, 137.80, NULL, 109.08, NULL, 145.48, NULL, '2018', '03'),
	(1734, 3, 6, 6, 153, 136, 3444.96, 30, 286.97, NULL, NULL, 382.74, 137.80, NULL, 109.08, NULL, 145.48, NULL, '2018', '03'),
	(1735, 3, 6, 6, 154, 136, 3444.96, 30, 286.97, NULL, NULL, 382.74, 137.80, NULL, 109.08, NULL, 145.48, NULL, '2018', '03'),
	(1736, 3, 6, 6, 155, 136, 3444.96, 30, 286.97, NULL, NULL, 382.74, 137.80, NULL, 109.08, NULL, 145.48, NULL, '2018', '03'),
	(1737, 3, 6, 6, 111, 136, 3444.96, 30, 286.97, NULL, NULL, 382.74, 137.80, NULL, 109.08, NULL, 145.48, NULL, '2018', '03'),
	(1738, 3, 6, 6, 156, 136, 3444.96, 30, 286.97, NULL, NULL, 382.74, 137.80, NULL, 109.08, NULL, 145.48, NULL, '2018', '03'),
	(1739, 3, 6, 6, 112, 136, 3444.96, 30, 286.97, NULL, NULL, 382.74, 137.80, NULL, 109.08, NULL, 145.48, NULL, '2018', '03'),
	(1740, 3, 6, 6, 113, 136, 3444.96, 30, 286.97, NULL, NULL, 382.74, 137.80, NULL, 109.08, NULL, 145.48, NULL, '2018', '03'),
	(1741, 3, 6, 6, 157, 136, 3444.96, 30, 286.97, NULL, NULL, 382.74, 137.80, NULL, 109.08, NULL, 145.48, NULL, '2018', '03'),
	(1742, 3, 6, 6, 158, 136, 3444.96, 30, 286.97, NULL, NULL, 382.74, 137.80, NULL, 109.08, NULL, 145.48, NULL, '2018', '03'),
	(1743, 3, 6, 6, 114, 136, 3979.62, 30, 331.50, NULL, NULL, 442.14, 159.18, NULL, 126.00, NULL, 168.06, NULL, '2018', '03'),
	(1744, 3, 6, 6, 115, 136, 3979.62, 30, 331.50, NULL, NULL, 442.14, 159.18, NULL, 126.00, NULL, 168.06, NULL, '2018', '03'),
	(1745, 3, 6, 6, 116, 136, 3444.96, 30, 286.97, NULL, NULL, 382.74, 137.80, NULL, 109.08, NULL, 145.48, NULL, '2018', '03'),
	(1746, 3, 6, 6, 159, 136, 3444.96, 30, 286.97, NULL, NULL, 382.74, 137.80, NULL, 109.08, NULL, 145.48, NULL, '2018', '03'),
	(1747, 3, 6, 6, 160, 136, 3444.96, 30, 286.97, NULL, NULL, 382.74, 137.80, NULL, 109.08, NULL, 145.48, NULL, '2018', '03'),
	(1748, 3, 6, 6, 117, 136, 3979.62, 30, 331.50, NULL, NULL, 442.14, 159.18, NULL, 126.00, NULL, 168.06, NULL, '2018', '03'),
	(1749, 3, 6, 6, 161, 136, 3444.96, 30, 286.97, NULL, NULL, 382.74, 137.80, NULL, 109.08, NULL, 145.48, NULL, '2018', '03'),
	(1750, 3, 6, 6, 162, 136, 3444.96, 30, 286.97, NULL, NULL, 382.74, 137.80, NULL, 109.08, NULL, 145.48, NULL, '2018', '03'),
	(1751, 3, 6, 6, 118, 136, 3979.62, 30, 331.50, NULL, NULL, 442.14, 159.18, NULL, 126.00, NULL, 168.06, NULL, '2018', '03'),
	(1752, 3, 6, 6, 163, 136, 3444.96, 30, 286.97, NULL, NULL, 382.74, 137.80, NULL, 109.08, NULL, 145.48, NULL, '2018', '03'),
	(1753, 3, 6, 6, 119, 136, 3444.96, 30, 286.97, NULL, NULL, 382.74, 137.80, NULL, 109.08, NULL, 145.48, NULL, '2018', '03'),
	(1754, 3, 6, 6, 164, 136, 3444.96, 30, 286.97, NULL, NULL, 382.74, 137.80, NULL, 109.08, NULL, 145.48, NULL, '2018', '03'),
	(1755, 3, 6, 6, 120, 136, 3444.96, 30, 286.97, NULL, NULL, 382.74, 137.80, NULL, 109.08, NULL, 145.48, NULL, '2018', '03'),
	(1756, 3, 6, 6, 121, 136, 3444.96, 30, 286.97, NULL, NULL, 382.74, 137.80, NULL, 109.08, NULL, 145.48, NULL, '2018', '03'),
	(1757, 3, 6, 6, 122, 136, 3444.96, 30, 286.97, NULL, NULL, 382.74, 137.80, NULL, 109.08, NULL, 145.48, NULL, '2018', '03'),
	(1758, 3, 6, 6, 123, 136, 3444.96, 30, 286.97, NULL, NULL, 382.74, 137.80, NULL, 109.08, NULL, 145.48, NULL, '2018', '03'),
	(1759, 3, 6, 6, 124, 136, 3444.96, 30, 286.97, NULL, NULL, 382.74, 137.80, NULL, 109.08, NULL, 145.48, NULL, '2018', '03'),
	(1760, 3, 6, 6, 125, 136, 3444.96, 30, 286.97, NULL, NULL, 382.74, 137.80, NULL, 109.08, NULL, 145.48, NULL, '2018', '03'),
	(1761, 3, 6, 6, 126, 136, 3444.96, 30, 286.97, NULL, NULL, 382.74, 137.80, NULL, 109.08, NULL, 145.48, NULL, '2018', '03'),
	(1762, 3, 6, 6, 520, 136, 3444.96, 30, 286.97, NULL, NULL, 382.74, 137.80, NULL, 109.08, NULL, 145.48, NULL, '2018', '03'),
	(1763, 3, 6, 6, 127, 136, 3979.62, 30, 331.50, NULL, NULL, 442.14, 159.18, NULL, 126.00, NULL, 168.06, NULL, '2018', '03'),
	(1764, 3, 6, 6, 128, 136, 3444.96, 30, 286.97, NULL, NULL, 382.74, 137.80, NULL, 109.08, NULL, 145.48, NULL, '2018', '03'),
	(1765, 3, 6, 6, 166, 136, 3444.96, 30, 286.97, NULL, NULL, 382.74, 137.80, NULL, 109.08, NULL, 145.48, NULL, '2018', '03'),
	(1766, 3, 6, 6, 167, 136, 3444.96, 30, 286.97, NULL, NULL, 382.74, 137.80, NULL, 109.08, NULL, 145.48, NULL, '2018', '03'),
	(1767, 3, 6, 6, 168, 136, 8045.23, 30, 670.17, NULL, NULL, 893.83, 321.81, NULL, 254.73, NULL, 339.74, NULL, '2018', '03'),
	(1768, 3, 6, 6, 130, 136, 3979.62, 30, 331.50, NULL, NULL, 442.14, 159.18, NULL, 126.00, NULL, 168.06, NULL, '2018', '03'),
	(1769, 3, 6, 6, 131, 136, 4133.97, 30, 344.36, NULL, NULL, 459.28, 165.36, NULL, 130.89, NULL, 174.57, NULL, '2018', '03'),
	(1770, 3, 6, 6, 169, 136, 3444.96, 30, 286.97, NULL, NULL, 382.74, 137.80, NULL, 109.08, NULL, 145.48, NULL, '2018', '03'),
	(1771, 3, 6, 6, 132, 136, 3444.96, 30, 286.97, NULL, NULL, 382.74, 137.80, NULL, 109.08, NULL, 145.48, NULL, '2018', '03'),
	(1772, 3, 6, 6, 518, 136, 3444.96, 30, 286.97, NULL, NULL, 382.74, 137.80, NULL, 109.08, NULL, 145.48, NULL, '2018', '03'),
	(1773, 3, 6, 6, 133, 136, 4133.97, 30, 344.36, NULL, NULL, 459.28, 165.36, NULL, 130.89, NULL, 174.57, NULL, '2018', '03'),
	(1774, 3, 6, 6, 134, 136, 3444.96, 30, 286.97, NULL, NULL, 382.74, 137.80, NULL, 109.08, NULL, 145.48, NULL, '2018', '03'),
	(1775, 3, 6, 6, 170, 136, 3444.96, 30, 286.97, NULL, NULL, 382.74, 137.80, NULL, 109.08, NULL, 145.48, NULL, '2018', '03'),
	(1776, 3, 6, 6, 135, 136, 3979.62, 30, 331.50, NULL, NULL, 442.14, 159.18, NULL, 126.00, NULL, 168.06, NULL, '2018', '03'),
	(1777, 3, 6, 6, 171, 136, 3444.96, 30, 286.97, NULL, NULL, 382.74, 137.80, NULL, 109.08, NULL, 145.48, NULL, '2018', '03'),
	(1778, 3, 6, 6, 136, 136, 3444.96, 30, 286.97, NULL, NULL, 382.74, 137.80, NULL, 109.08, NULL, 145.48, NULL, '2018', '03'),
	(1779, 3, 6, 6, 172, 136, 3444.96, 30, 286.97, NULL, NULL, 382.74, 137.80, NULL, 109.08, NULL, 145.48, NULL, '2018', '03'),
	(1780, 3, 6, 6, 137, 136, 3444.96, 30, 286.97, NULL, NULL, 382.74, 137.80, NULL, 109.08, NULL, 145.48, NULL, '2018', '03'),
	(1781, 3, 6, 6, 138, 136, 3444.96, 30, 286.97, NULL, NULL, 382.74, 137.80, NULL, 109.08, NULL, 145.48, NULL, '2018', '03'),
	(1782, 3, 6, 6, 139, 136, 3444.96, 30, 286.97, NULL, NULL, 382.74, 137.80, NULL, 109.08, NULL, 145.48, NULL, '2018', '03'),
	(1783, 3, 6, 6, 173, 136, 3444.96, 30, 286.97, NULL, NULL, 382.74, 137.80, NULL, 109.08, NULL, 145.48, NULL, '2018', '03'),
	(1784, 3, 6, 6, 174, 136, 3444.96, 30, 286.97, NULL, NULL, 382.74, 137.80, NULL, 109.08, NULL, 145.48, NULL, '2018', '03'),
	(1785, 3, 6, 6, 140, 136, 3979.62, 30, 331.50, NULL, NULL, 442.14, 159.18, NULL, 126.00, NULL, 168.06, NULL, '2018', '03'),
	(1786, 3, 6, 6, 176, 136, 3444.96, 30, 286.97, NULL, NULL, 382.74, 137.80, NULL, 109.08, NULL, 145.48, NULL, '2018', '03'),
	(1787, 3, 6, 6, 141, 136, 3444.96, 30, 286.97, NULL, NULL, 382.74, 137.80, NULL, 109.08, NULL, 145.48, NULL, '2018', '03'),
	(1788, 3, 6, 6, 142, 136, 3444.96, 30, 286.97, NULL, NULL, 382.74, 137.80, NULL, 109.08, NULL, 145.48, NULL, '2018', '03'),
	(1789, 3, 6, 6, 143, 137, 3444.96, 30, 286.97, NULL, NULL, 382.74, 137.80, NULL, 109.08, NULL, 145.48, NULL, '2018', '04'),
	(1790, 3, 6, 6, 144, 137, 3444.96, 30, 286.97, NULL, NULL, 382.74, 137.80, NULL, 109.08, NULL, 145.48, NULL, '2018', '04'),
	(1791, 3, 6, 6, 145, 137, 3444.96, 30, 286.97, NULL, NULL, 382.74, 137.80, NULL, 109.08, NULL, 145.48, NULL, '2018', '04'),
	(1792, 3, 6, 6, 101, 137, 3444.96, 30, 286.97, NULL, NULL, 382.74, 137.80, NULL, 109.08, NULL, 145.48, NULL, '2018', '04'),
	(1793, 3, 6, 6, 146, 137, 3444.96, 30, 286.97, NULL, NULL, 382.74, 137.80, NULL, 109.08, NULL, 145.48, NULL, '2018', '04'),
	(1794, 3, 6, 6, 147, 137, 3444.96, 30, 286.97, NULL, NULL, 382.74, 137.80, NULL, 109.08, NULL, 145.48, NULL, '2018', '04'),
	(1795, 3, 6, 6, 148, 137, 3444.96, 30, 286.97, NULL, NULL, 382.74, 137.80, NULL, 109.08, NULL, 145.48, NULL, '2018', '04'),
	(1796, 3, 6, 6, 553, 137, 3444.96, 30, 286.97, NULL, NULL, 382.74, 137.80, NULL, 109.08, NULL, 145.48, NULL, '2018', '04'),
	(1797, 3, 6, 6, 102, 137, 8045.23, 30, 670.17, NULL, NULL, 893.83, 321.81, NULL, 254.73, NULL, 339.74, NULL, '2018', '04'),
	(1798, 3, 6, 6, 149, 137, 3444.96, 30, 286.97, NULL, NULL, 382.74, 137.80, NULL, 109.08, NULL, 145.48, NULL, '2018', '04'),
	(1799, 3, 6, 6, 103, 137, 3444.96, 30, 286.97, NULL, NULL, 382.74, 137.80, NULL, 109.08, NULL, 145.48, NULL, '2018', '04'),
	(1800, 3, 6, 6, 104, 137, 3444.96, 30, 286.97, NULL, NULL, 382.74, 137.80, NULL, 109.08, NULL, 145.48, NULL, '2018', '04'),
	(1801, 3, 6, 6, 150, 137, 3444.96, 30, 286.97, NULL, NULL, 382.74, 137.80, NULL, 109.08, NULL, 145.48, NULL, '2018', '04'),
	(1802, 3, 6, 6, 105, 137, 3444.96, 30, 286.97, NULL, NULL, 382.74, 137.80, NULL, 109.08, NULL, 145.48, NULL, '2018', '04'),
	(1803, 3, 6, 6, 106, 137, 3444.96, 30, 286.97, NULL, NULL, 382.74, 137.80, NULL, 109.08, NULL, 145.48, NULL, '2018', '04'),
	(1804, 3, 6, 6, 107, 137, 3444.96, 30, 286.97, NULL, NULL, 382.74, 137.80, NULL, 109.08, NULL, 145.48, NULL, '2018', '04'),
	(1805, 3, 6, 6, 151, 137, 3444.96, 30, 286.97, NULL, NULL, 382.74, 137.80, NULL, 109.08, NULL, 145.48, NULL, '2018', '04'),
	(1806, 3, 6, 6, 108, 137, 3444.96, 30, 286.97, NULL, NULL, 382.74, 137.80, NULL, 109.08, NULL, 145.48, NULL, '2018', '04'),
	(1807, 3, 6, 6, 109, 137, 3444.96, 30, 286.97, NULL, NULL, 382.74, 137.80, NULL, 109.08, NULL, 145.48, NULL, '2018', '04'),
	(1808, 3, 6, 6, 152, 137, 3444.96, 30, 286.97, NULL, NULL, 382.74, 137.80, NULL, 109.08, NULL, 145.48, NULL, '2018', '04'),
	(1809, 3, 6, 6, 110, 137, 3444.96, 30, 286.97, NULL, NULL, 382.74, 137.80, NULL, 109.08, NULL, 145.48, NULL, '2018', '04'),
	(1810, 3, 6, 6, 153, 137, 3444.96, 30, 286.97, NULL, NULL, 382.74, 137.80, NULL, 109.08, NULL, 145.48, NULL, '2018', '04'),
	(1811, 3, 6, 6, 154, 137, 3444.96, 30, 286.97, NULL, NULL, 382.74, 137.80, NULL, 109.08, NULL, 145.48, NULL, '2018', '04'),
	(1812, 3, 6, 6, 155, 137, 3444.96, 30, 286.97, NULL, NULL, 382.74, 137.80, NULL, 109.08, NULL, 145.48, NULL, '2018', '04'),
	(1813, 3, 6, 6, 111, 137, 3444.96, 30, 286.97, NULL, NULL, 382.74, 137.80, NULL, 109.08, NULL, 145.48, NULL, '2018', '04'),
	(1814, 3, 6, 6, 156, 137, 3444.96, 30, 286.97, NULL, NULL, 382.74, 137.80, NULL, 109.08, NULL, 145.48, NULL, '2018', '04'),
	(1815, 3, 6, 6, 112, 137, 3444.96, 30, 286.97, NULL, NULL, 382.74, 137.80, NULL, 109.08, NULL, 145.48, NULL, '2018', '04'),
	(1816, 3, 6, 6, 113, 137, 3444.96, 30, 286.97, NULL, NULL, 382.74, 137.80, NULL, 109.08, NULL, 145.48, NULL, '2018', '04'),
	(1817, 3, 6, 6, 157, 137, 3444.96, 30, 286.97, NULL, NULL, 382.74, 137.80, NULL, 109.08, NULL, 145.48, NULL, '2018', '04'),
	(1818, 3, 6, 6, 158, 137, 3444.96, 30, 286.97, NULL, NULL, 382.74, 137.80, NULL, 109.08, NULL, 145.48, NULL, '2018', '04'),
	(1819, 3, 6, 6, 114, 137, 3979.62, 30, 331.50, NULL, NULL, 442.14, 159.18, NULL, 126.00, NULL, 168.06, NULL, '2018', '04'),
	(1820, 3, 6, 6, 115, 137, 3979.62, 30, 331.50, NULL, NULL, 442.14, 159.18, NULL, 126.00, NULL, 168.06, NULL, '2018', '04'),
	(1821, 3, 6, 6, 116, 137, 3444.96, 30, 286.97, NULL, NULL, 382.74, 137.80, NULL, 109.08, NULL, 145.48, NULL, '2018', '04'),
	(1822, 3, 6, 6, 159, 137, 3444.96, 30, 286.97, NULL, NULL, 382.74, 137.80, NULL, 109.08, NULL, 145.48, NULL, '2018', '04'),
	(1823, 3, 6, 6, 160, 137, 3444.96, 30, 286.97, NULL, NULL, 382.74, 137.80, NULL, 109.08, NULL, 145.48, NULL, '2018', '04'),
	(1824, 3, 6, 6, 117, 137, 3979.62, 30, 331.50, NULL, NULL, 442.14, 159.18, NULL, 126.00, NULL, 168.06, NULL, '2018', '04'),
	(1825, 3, 6, 6, 161, 137, 3444.96, 30, 286.97, NULL, NULL, 382.74, 137.80, NULL, 109.08, NULL, 145.48, NULL, '2018', '04'),
	(1826, 3, 6, 6, 162, 137, 3444.96, 30, 286.97, NULL, NULL, 382.74, 137.80, NULL, 109.08, NULL, 145.48, NULL, '2018', '04'),
	(1827, 3, 6, 6, 118, 137, 3979.62, 30, 331.50, NULL, NULL, 442.14, 159.18, NULL, 126.00, NULL, 168.06, NULL, '2018', '04'),
	(1828, 3, 6, 6, 163, 137, 3444.96, 30, 286.97, NULL, NULL, 382.74, 137.80, NULL, 109.08, NULL, 145.48, NULL, '2018', '04'),
	(1829, 3, 6, 6, 119, 137, 3444.96, 30, 286.97, NULL, NULL, 382.74, 137.80, NULL, 109.08, NULL, 145.48, NULL, '2018', '04'),
	(1830, 3, 6, 6, 164, 137, 3444.96, 30, 286.97, NULL, NULL, 382.74, 137.80, NULL, 109.08, NULL, 145.48, NULL, '2018', '04'),
	(1831, 3, 6, 6, 120, 137, 3444.96, 30, 286.97, NULL, NULL, 382.74, 137.80, NULL, 109.08, NULL, 145.48, NULL, '2018', '04'),
	(1832, 3, 6, 6, 121, 137, 3444.96, 30, 286.97, NULL, NULL, 382.74, 137.80, NULL, 109.08, NULL, 145.48, NULL, '2018', '04'),
	(1833, 3, 6, 6, 122, 137, 3444.96, 30, 286.97, NULL, NULL, 382.74, 137.80, NULL, 109.08, NULL, 145.48, NULL, '2018', '04'),
	(1834, 3, 6, 6, 123, 137, 3444.96, 30, 286.97, NULL, NULL, 382.74, 137.80, NULL, 109.08, NULL, 145.48, NULL, '2018', '04'),
	(1835, 3, 6, 6, 124, 137, 3444.96, 30, 286.97, NULL, NULL, 382.74, 137.80, NULL, 109.08, NULL, 145.48, NULL, '2018', '04'),
	(1836, 3, 6, 6, 125, 137, 3444.96, 30, 286.97, NULL, NULL, 382.74, 137.80, NULL, 109.08, NULL, 145.48, NULL, '2018', '04'),
	(1837, 3, 6, 6, 126, 137, 3444.96, 30, 286.97, NULL, NULL, 382.74, 137.80, NULL, 109.08, NULL, 145.48, NULL, '2018', '04'),
	(1838, 3, 6, 6, 520, 137, 3444.96, 30, 286.97, NULL, NULL, 382.74, 137.80, NULL, 109.08, NULL, 145.48, NULL, '2018', '04'),
	(1839, 3, 6, 6, 127, 137, 3979.62, 30, 331.50, NULL, NULL, 442.14, 159.18, NULL, 126.00, NULL, 168.06, NULL, '2018', '04'),
	(1840, 3, 6, 6, 128, 137, 3444.96, 30, 286.97, NULL, NULL, 382.74, 137.80, NULL, 109.08, NULL, 145.48, NULL, '2018', '04'),
	(1841, 3, 6, 6, 166, 137, 3444.96, 30, 286.97, NULL, NULL, 382.74, 137.80, NULL, 109.08, NULL, 145.48, NULL, '2018', '04'),
	(1842, 3, 6, 6, 167, 137, 3444.96, 30, 286.97, NULL, NULL, 382.74, 137.80, NULL, 109.08, NULL, 145.48, NULL, '2018', '04'),
	(1843, 3, 6, 6, 168, 137, 8045.23, 30, 670.17, NULL, NULL, 893.83, 321.81, NULL, 254.73, NULL, 339.74, NULL, '2018', '04'),
	(1844, 3, 6, 6, 130, 137, 3979.62, 30, 331.50, NULL, NULL, 442.14, 159.18, NULL, 126.00, NULL, 168.06, NULL, '2018', '04'),
	(1845, 3, 6, 6, 131, 137, 4133.97, 30, 344.36, NULL, NULL, 459.28, 165.36, NULL, 130.89, NULL, 174.57, NULL, '2018', '04'),
	(1846, 3, 6, 6, 169, 137, 3444.96, 30, 286.97, NULL, NULL, 382.74, 137.80, NULL, 109.08, NULL, 145.48, NULL, '2018', '04'),
	(1847, 3, 6, 6, 132, 137, 3444.96, 30, 286.97, NULL, NULL, 382.74, 137.80, NULL, 109.08, NULL, 145.48, NULL, '2018', '04'),
	(1848, 3, 6, 6, 518, 137, 3444.96, 30, 286.97, NULL, NULL, 382.74, 137.80, NULL, 109.08, NULL, 145.48, NULL, '2018', '04'),
	(1849, 3, 6, 6, 133, 137, 4133.97, 30, 344.36, NULL, NULL, 459.28, 165.36, NULL, 130.89, NULL, 174.57, NULL, '2018', '04'),
	(1850, 3, 6, 6, 134, 137, 3444.96, 30, 286.97, NULL, NULL, 382.74, 137.80, NULL, 109.08, NULL, 145.48, NULL, '2018', '04'),
	(1851, 3, 6, 6, 170, 137, 3444.96, 30, 286.97, NULL, NULL, 382.74, 137.80, NULL, 109.08, NULL, 145.48, NULL, '2018', '04'),
	(1852, 3, 6, 6, 135, 137, 3979.62, 30, 331.50, NULL, NULL, 442.14, 159.18, NULL, 126.00, NULL, 168.06, NULL, '2018', '04'),
	(1853, 3, 6, 6, 171, 137, 3444.96, 30, 286.97, NULL, NULL, 382.74, 137.80, NULL, 109.08, NULL, 145.48, NULL, '2018', '04'),
	(1854, 3, 6, 6, 136, 137, 3444.96, 30, 286.97, NULL, NULL, 382.74, 137.80, NULL, 109.08, NULL, 145.48, NULL, '2018', '04'),
	(1855, 3, 6, 6, 172, 137, 3444.96, 30, 286.97, NULL, NULL, 382.74, 137.80, NULL, 109.08, NULL, 145.48, NULL, '2018', '04'),
	(1856, 3, 6, 6, 137, 137, 3444.96, 30, 286.97, NULL, NULL, 382.74, 137.80, NULL, 109.08, NULL, 145.48, NULL, '2018', '04'),
	(1857, 3, 6, 6, 138, 137, 3444.96, 30, 286.97, NULL, NULL, 382.74, 137.80, NULL, 109.08, NULL, 145.48, NULL, '2018', '04'),
	(1858, 3, 6, 6, 139, 137, 3444.96, 30, 286.97, NULL, NULL, 382.74, 137.80, NULL, 109.08, NULL, 145.48, NULL, '2018', '04'),
	(1859, 3, 6, 6, 173, 137, 3444.96, 30, 286.97, NULL, NULL, 382.74, 137.80, NULL, 109.08, NULL, 145.48, NULL, '2018', '04'),
	(1860, 3, 6, 6, 174, 137, 3444.96, 30, 286.97, NULL, NULL, 382.74, 137.80, NULL, 109.08, NULL, 145.48, NULL, '2018', '04'),
	(1861, 3, 6, 6, 140, 137, 3979.62, 30, 331.50, NULL, NULL, 442.14, 159.18, NULL, 126.00, NULL, 168.06, NULL, '2018', '04'),
	(1862, 3, 6, 6, 176, 137, 3444.96, 30, 286.97, NULL, NULL, 382.74, 137.80, NULL, 109.08, NULL, 145.48, NULL, '2018', '04'),
	(1863, 3, 6, 6, 141, 137, 3444.96, 30, 286.97, NULL, NULL, 382.74, 137.80, NULL, 109.08, NULL, 145.48, NULL, '2018', '04'),
	(1864, 3, 6, 6, 142, 137, 3444.96, 30, 286.97, NULL, NULL, 382.74, 137.80, NULL, 109.08, NULL, 145.48, NULL, '2018', '04'),
	(1865, 3, 6, 6, 143, 138, 3444.96, 30, 286.97, NULL, NULL, 382.74, 137.80, NULL, 109.08, NULL, 145.48, NULL, '2018', '05'),
	(1866, 3, 6, 6, 144, 138, 1148.32, 10, 95.66, NULL, NULL, 127.58, 45.93, NULL, 36.36, NULL, 48.49, NULL, '2018', '05'),
	(1867, 3, 6, 6, 554, 138, 2296.64, 20, 191.31, NULL, NULL, 255.16, 91.87, NULL, 72.72, NULL, 96.99, NULL, '2018', '05'),
	(1868, 3, 6, 6, 145, 138, 3444.96, 30, 286.97, NULL, NULL, 382.74, 137.80, NULL, 109.08, NULL, 145.48, NULL, '2018', '05'),
	(1869, 3, 6, 6, 101, 138, 3444.96, 30, 286.97, NULL, NULL, 382.74, 137.80, NULL, 109.08, NULL, 145.48, NULL, '2018', '05'),
	(1870, 3, 6, 6, 146, 138, 3444.96, 30, 286.97, NULL, NULL, 382.74, 137.80, NULL, 109.08, NULL, 145.48, NULL, '2018', '05'),
	(1871, 3, 6, 6, 147, 138, 3444.96, 30, 286.97, NULL, NULL, 382.74, 137.80, NULL, 109.08, NULL, 145.48, NULL, '2018', '05'),
	(1872, 3, 6, 6, 148, 138, 3444.96, 30, 286.97, NULL, NULL, 382.74, 137.80, NULL, 109.08, NULL, 145.48, NULL, '2018', '05'),
	(1873, 3, 6, 6, 553, 138, 3444.96, 30, 286.97, NULL, NULL, 382.74, 137.80, NULL, 109.08, NULL, 145.48, NULL, '2018', '05'),
	(1874, 3, 6, 6, 102, 138, 8045.23, 30, 670.17, NULL, NULL, 893.83, 321.81, NULL, 254.73, NULL, 339.74, NULL, '2018', '05'),
	(1875, 3, 6, 6, 149, 138, 3444.96, 30, 286.97, NULL, NULL, 382.74, 137.80, NULL, 109.08, NULL, 145.48, NULL, '2018', '05'),
	(1876, 3, 6, 6, 103, 138, 3444.96, 30, 286.97, NULL, NULL, 382.74, 137.80, NULL, 109.08, NULL, 145.48, NULL, '2018', '05'),
	(1877, 3, 6, 6, 104, 138, 3444.96, 30, 286.97, NULL, NULL, 382.74, 137.80, NULL, 109.08, NULL, 145.48, NULL, '2018', '05'),
	(1878, 3, 6, 6, 150, 138, 3444.96, 30, 286.97, NULL, NULL, 382.74, 137.80, NULL, 109.08, NULL, 145.48, NULL, '2018', '05'),
	(1879, 3, 6, 6, 105, 138, 3444.96, 30, 286.97, NULL, NULL, 382.74, 137.80, NULL, 109.08, NULL, 145.48, NULL, '2018', '05'),
	(1880, 3, 6, 6, 106, 138, 3444.96, 30, 286.97, NULL, NULL, 382.74, 137.80, NULL, 109.08, NULL, 145.48, NULL, '2018', '05'),
	(1881, 3, 6, 6, 107, 138, 3444.96, 30, 286.97, NULL, NULL, 382.74, 137.80, NULL, 109.08, NULL, 145.48, NULL, '2018', '05'),
	(1882, 3, 6, 6, 151, 138, 3444.96, 30, 286.97, NULL, NULL, 382.74, 137.80, NULL, 109.08, NULL, 145.48, NULL, '2018', '05'),
	(1883, 3, 6, 6, 108, 138, 3444.96, 30, 286.97, NULL, NULL, 382.74, 137.80, NULL, 109.08, NULL, 145.48, NULL, '2018', '05'),
	(1884, 3, 6, 6, 109, 138, 3444.96, 30, 286.97, NULL, NULL, 382.74, 137.80, NULL, 109.08, NULL, 145.48, NULL, '2018', '05'),
	(1885, 3, 6, 6, 152, 138, 3444.96, 30, 286.97, NULL, NULL, 382.74, 137.80, NULL, 109.08, NULL, 145.48, NULL, '2018', '05'),
	(1886, 3, 6, 6, 110, 138, 3444.96, 30, 286.97, NULL, NULL, 382.74, 137.80, NULL, 109.08, NULL, 145.48, NULL, '2018', '05'),
	(1887, 3, 6, 6, 153, 138, 3444.96, 30, 286.97, NULL, NULL, 382.74, 137.80, NULL, 109.08, NULL, 145.48, NULL, '2018', '05'),
	(1888, 3, 6, 6, 154, 138, 3444.96, 30, 286.97, NULL, NULL, 382.74, 137.80, NULL, 109.08, NULL, 145.48, NULL, '2018', '05'),
	(1889, 3, 6, 6, 155, 138, 3444.96, 30, 286.97, NULL, NULL, 382.74, 137.80, NULL, 109.08, NULL, 145.48, NULL, '2018', '05'),
	(1890, 3, 6, 6, 111, 138, 3444.96, 30, 286.97, NULL, NULL, 382.74, 137.80, NULL, 109.08, NULL, 145.48, NULL, '2018', '05'),
	(1891, 3, 6, 6, 156, 138, 3444.96, 30, 286.97, NULL, NULL, 382.74, 137.80, NULL, 109.08, NULL, 145.48, NULL, '2018', '05'),
	(1892, 3, 6, 6, 112, 138, 3444.96, 30, 286.97, NULL, NULL, 382.74, 137.80, NULL, 109.08, NULL, 145.48, NULL, '2018', '05'),
	(1893, 3, 6, 6, 113, 138, 3444.96, 30, 286.97, NULL, NULL, 382.74, 137.80, NULL, 109.08, NULL, 145.48, NULL, '2018', '05'),
	(1894, 3, 6, 6, 157, 138, 3444.96, 30, 286.97, NULL, NULL, 382.74, 137.80, NULL, 109.08, NULL, 145.48, NULL, '2018', '05'),
	(1895, 3, 6, 6, 158, 138, 3444.96, 30, 286.97, NULL, NULL, 382.74, 137.80, NULL, 109.08, NULL, 145.48, NULL, '2018', '05'),
	(1896, 3, 6, 6, 114, 138, 3979.62, 30, 331.50, NULL, NULL, 442.14, 159.18, NULL, 126.00, NULL, 168.06, NULL, '2018', '05'),
	(1897, 3, 6, 6, 115, 138, 3979.62, 30, 331.50, NULL, NULL, 442.14, 159.18, NULL, 126.00, NULL, 168.06, NULL, '2018', '05'),
	(1898, 3, 6, 6, 116, 138, 3444.96, 30, 286.97, NULL, NULL, 382.74, 137.80, NULL, 109.08, NULL, 145.48, NULL, '2018', '05'),
	(1899, 3, 6, 6, 159, 138, 3444.96, 30, 286.97, NULL, NULL, 382.74, 137.80, NULL, 109.08, NULL, 145.48, NULL, '2018', '05'),
	(1900, 3, 6, 6, 160, 138, 3444.96, 30, 286.97, NULL, NULL, 382.74, 137.80, NULL, 109.08, NULL, 145.48, NULL, '2018', '05'),
	(1901, 3, 6, 6, 117, 138, 3979.62, 30, 331.50, NULL, NULL, 442.14, 159.18, NULL, 126.00, NULL, 168.06, NULL, '2018', '05'),
	(1902, 3, 6, 6, 161, 138, 3444.96, 30, 286.97, NULL, NULL, 382.74, 137.80, NULL, 109.08, NULL, 145.48, NULL, '2018', '05'),
	(1903, 3, 6, 6, 162, 138, 3444.96, 30, 286.97, NULL, NULL, 382.74, 137.80, NULL, 109.08, NULL, 145.48, NULL, '2018', '05'),
	(1904, 3, 6, 6, 118, 138, 3979.62, 30, 331.50, NULL, NULL, 442.14, 159.18, NULL, 126.00, NULL, 168.06, NULL, '2018', '05'),
	(1905, 3, 6, 6, 163, 138, 3444.96, 30, 286.97, NULL, NULL, 382.74, 137.80, NULL, 109.08, NULL, 145.48, NULL, '2018', '05'),
	(1906, 3, 6, 6, 119, 138, 3444.96, 30, 286.97, NULL, NULL, 382.74, 137.80, NULL, 109.08, NULL, 145.48, NULL, '2018', '05'),
	(1907, 3, 6, 6, 164, 138, 3444.96, 30, 286.97, NULL, NULL, 382.74, 137.80, NULL, 109.08, NULL, 145.48, NULL, '2018', '05'),
	(1908, 3, 6, 6, 120, 138, 3444.96, 30, 286.97, NULL, NULL, 382.74, 137.80, NULL, 109.08, NULL, 145.48, NULL, '2018', '05'),
	(1909, 3, 6, 6, 121, 138, 3444.96, 30, 286.97, NULL, NULL, 382.74, 137.80, NULL, 109.08, NULL, 145.48, NULL, '2018', '05'),
	(1910, 3, 6, 6, 122, 138, 3444.96, 30, 286.97, NULL, NULL, 382.74, 137.80, NULL, 109.08, NULL, 145.48, NULL, '2018', '05'),
	(1911, 3, 6, 6, 123, 138, 3444.96, 30, 286.97, NULL, NULL, 382.74, 137.80, NULL, 109.08, NULL, 145.48, NULL, '2018', '05'),
	(1912, 3, 6, 6, 124, 138, 3444.96, 30, 286.97, NULL, NULL, 382.74, 137.80, NULL, 109.08, NULL, 145.48, NULL, '2018', '05'),
	(1913, 3, 6, 6, 125, 138, 3444.96, 30, 286.97, NULL, NULL, 382.74, 137.80, NULL, 109.08, NULL, 145.48, NULL, '2018', '05'),
	(1914, 3, 6, 6, 126, 138, 3444.96, 30, 286.97, NULL, NULL, 382.74, 137.80, NULL, 109.08, NULL, 145.48, NULL, '2018', '05'),
	(1915, 3, 6, 6, 520, 138, 3444.96, 30, 286.97, NULL, NULL, 382.74, 137.80, NULL, 109.08, NULL, 145.48, NULL, '2018', '05'),
	(1916, 3, 6, 6, 127, 138, 3979.62, 30, 331.50, NULL, NULL, 442.14, 159.18, NULL, 126.00, NULL, 168.06, NULL, '2018', '05'),
	(1917, 3, 6, 6, 128, 138, 3444.96, 30, 286.97, NULL, NULL, 382.74, 137.80, NULL, 109.08, NULL, 145.48, NULL, '2018', '05'),
	(1918, 3, 6, 6, 166, 138, 3444.96, 30, 286.97, NULL, NULL, 382.74, 137.80, NULL, 109.08, NULL, 145.48, NULL, '2018', '05'),
	(1919, 3, 6, 6, 167, 138, 3444.96, 30, 286.97, NULL, NULL, 382.74, 137.80, NULL, 109.08, NULL, 145.48, NULL, '2018', '05'),
	(1920, 3, 6, 6, 168, 138, 8045.23, 30, 670.17, NULL, NULL, 893.83, 321.81, NULL, 254.73, NULL, 339.74, NULL, '2018', '05'),
	(1921, 3, 6, 6, 130, 138, 3979.62, 30, 331.50, NULL, NULL, 442.14, 159.18, NULL, 126.00, NULL, 168.06, NULL, '2018', '05'),
	(1922, 3, 6, 6, 131, 138, 4133.97, 30, 344.36, NULL, NULL, 459.28, 165.36, NULL, 130.89, NULL, 174.57, NULL, '2018', '05'),
	(1923, 3, 6, 6, 169, 138, 3444.96, 30, 286.97, NULL, NULL, 382.74, 137.80, NULL, 109.08, NULL, 145.48, NULL, '2018', '05'),
	(1924, 3, 6, 6, 132, 138, 3444.96, 30, 286.97, NULL, NULL, 382.74, 137.80, NULL, 109.08, NULL, 145.48, NULL, '2018', '05'),
	(1925, 3, 6, 6, 518, 138, 3444.96, 30, 286.97, NULL, NULL, 382.74, 137.80, NULL, 109.08, NULL, 145.48, NULL, '2018', '05'),
	(1926, 3, 6, 6, 133, 138, 4133.97, 30, 344.36, NULL, NULL, 459.28, 165.36, NULL, 130.89, NULL, 174.57, NULL, '2018', '05'),
	(1927, 3, 6, 6, 134, 138, 3444.96, 30, 286.97, NULL, NULL, 382.74, 137.80, NULL, 109.08, NULL, 145.48, NULL, '2018', '05'),
	(1928, 3, 6, 6, 170, 138, 3444.96, 30, 286.97, NULL, NULL, 382.74, 137.80, NULL, 109.08, NULL, 145.48, NULL, '2018', '05'),
	(1929, 3, 6, 6, 135, 138, 3979.62, 30, 331.50, NULL, NULL, 442.14, 159.18, NULL, 126.00, NULL, 168.06, NULL, '2018', '05'),
	(1930, 3, 6, 6, 171, 138, 3444.96, 30, 286.97, NULL, NULL, 382.74, 137.80, NULL, 109.08, NULL, 145.48, NULL, '2018', '05'),
	(1931, 3, 6, 6, 136, 138, 3444.96, 30, 286.97, NULL, NULL, 382.74, 137.80, NULL, 109.08, NULL, 145.48, NULL, '2018', '05'),
	(1932, 3, 6, 6, 172, 138, 3444.96, 30, 286.97, NULL, NULL, 382.74, 137.80, NULL, 109.08, NULL, 145.48, NULL, '2018', '05'),
	(1933, 3, 6, 6, 137, 138, 3444.96, 30, 286.97, NULL, NULL, 382.74, 137.80, NULL, 109.08, NULL, 145.48, NULL, '2018', '05'),
	(1934, 3, 6, 6, 138, 138, 3444.96, 30, 286.97, NULL, NULL, 382.74, 137.80, NULL, 109.08, NULL, 145.48, NULL, '2018', '05'),
	(1935, 3, 6, 6, 139, 138, 3444.96, 30, 286.97, NULL, NULL, 382.74, 137.80, NULL, 109.08, NULL, 145.48, NULL, '2018', '05'),
	(1936, 3, 6, 6, 173, 138, 3444.96, 30, 286.97, NULL, NULL, 382.74, 137.80, NULL, 109.08, NULL, 145.48, NULL, '2018', '05'),
	(1937, 3, 6, 6, 174, 138, 3444.96, 30, 286.97, NULL, NULL, 382.74, 137.80, NULL, 109.08, NULL, 145.48, NULL, '2018', '05'),
	(1938, 3, 6, 6, 140, 138, 3979.62, 30, 331.50, NULL, NULL, 442.14, 159.18, NULL, 126.00, NULL, 168.06, NULL, '2018', '05'),
	(1939, 3, 6, 6, 176, 138, 3444.96, 30, 286.97, NULL, NULL, 382.74, 137.80, NULL, 109.08, NULL, 145.48, NULL, '2018', '05'),
	(1940, 3, 6, 6, 141, 138, 3444.96, 30, 286.97, NULL, NULL, 382.74, 137.80, NULL, 109.08, NULL, 145.48, NULL, '2018', '05'),
	(1941, 3, 6, 6, 142, 138, 3444.96, 30, 286.97, NULL, NULL, 382.74, 137.80, NULL, 109.08, NULL, 145.48, NULL, '2018', '05'),
	(1942, 3, 6, 6, 143, 139, 3444.96, 30, 286.97, NULL, NULL, 382.74, 137.80, NULL, 109.08, NULL, 145.48, NULL, '2018', '06'),
	(1943, 3, 6, 6, 554, 139, 3444.96, 30, 286.97, NULL, NULL, 382.74, 137.80, NULL, 109.08, NULL, 145.48, NULL, '2018', '06'),
	(1944, 3, 6, 6, 145, 139, 3444.96, 30, 286.97, NULL, NULL, 382.74, 137.80, NULL, 109.08, NULL, 145.48, NULL, '2018', '06'),
	(1945, 3, 6, 6, 101, 139, 3444.96, 30, 286.97, NULL, NULL, 382.74, 137.80, NULL, 109.08, NULL, 145.48, NULL, '2018', '06'),
	(1946, 3, 6, 6, 146, 139, 3444.96, 30, 286.97, NULL, NULL, 382.74, 137.80, NULL, 109.08, NULL, 145.48, NULL, '2018', '06'),
	(1947, 3, 6, 6, 147, 139, 3444.96, 30, 286.97, NULL, NULL, 382.74, 137.80, NULL, 109.08, NULL, 145.48, NULL, '2018', '06'),
	(1948, 3, 6, 6, 148, 139, 3444.96, 30, 286.97, NULL, NULL, 382.74, 137.80, NULL, 109.08, NULL, 145.48, NULL, '2018', '06'),
	(1949, 3, 6, 6, 553, 139, 3444.96, 30, 286.97, NULL, NULL, 382.74, 137.80, NULL, 109.08, NULL, 145.48, NULL, '2018', '06'),
	(1950, 3, 6, 6, 102, 139, 8045.23, 30, 670.17, NULL, NULL, 893.83, 321.81, NULL, 254.73, NULL, 339.74, NULL, '2018', '06'),
	(1951, 3, 6, 6, 149, 139, 3444.96, 30, 286.97, NULL, NULL, 382.74, 137.80, NULL, 109.08, NULL, 145.48, NULL, '2018', '06'),
	(1952, 3, 6, 6, 103, 139, 3444.96, 30, 286.97, NULL, NULL, 382.74, 137.80, NULL, 109.08, NULL, 145.48, NULL, '2018', '06'),
	(1953, 3, 6, 6, 104, 139, 3444.96, 30, 286.97, NULL, NULL, 382.74, 137.80, NULL, 109.08, NULL, 145.48, NULL, '2018', '06'),
	(1954, 3, 6, 6, 150, 139, 3444.96, 30, 286.97, NULL, NULL, 382.74, 137.80, NULL, 109.08, NULL, 145.48, NULL, '2018', '06'),
	(1955, 3, 6, 6, 105, 139, 3444.96, 30, 286.97, NULL, NULL, 382.74, 137.80, NULL, 109.08, NULL, 145.48, NULL, '2018', '06'),
	(1956, 3, 6, 6, 106, 139, 3444.96, 30, 286.97, NULL, NULL, 382.74, 137.80, NULL, 109.08, NULL, 145.48, NULL, '2018', '06'),
	(1957, 3, 6, 6, 107, 139, 3444.96, 30, 286.97, NULL, NULL, 382.74, 137.80, NULL, 109.08, NULL, 145.48, NULL, '2018', '06'),
	(1958, 3, 6, 6, 151, 139, 3444.96, 30, 286.97, NULL, NULL, 382.74, 137.80, NULL, 109.08, NULL, 145.48, NULL, '2018', '06'),
	(1959, 3, 6, 6, 108, 139, 3444.96, 30, 286.97, NULL, NULL, 382.74, 137.80, NULL, 109.08, NULL, 145.48, NULL, '2018', '06'),
	(1960, 3, 6, 6, 109, 139, 3444.96, 30, 286.97, NULL, NULL, 382.74, 137.80, NULL, 109.08, NULL, 145.48, NULL, '2018', '06'),
	(1961, 3, 6, 6, 152, 139, 3444.96, 30, 286.97, NULL, NULL, 382.74, 137.80, NULL, 109.08, NULL, 145.48, NULL, '2018', '06'),
	(1962, 3, 6, 6, 110, 139, 3444.96, 30, 286.97, NULL, NULL, 382.74, 137.80, NULL, 109.08, NULL, 145.48, NULL, '2018', '06'),
	(1963, 3, 6, 6, 153, 139, 3444.96, 30, 286.97, NULL, NULL, 382.74, 137.80, NULL, 109.08, NULL, 145.48, NULL, '2018', '06'),
	(1964, 3, 6, 6, 154, 139, 3444.96, 30, 286.97, NULL, NULL, 382.74, 137.80, NULL, 109.08, NULL, 145.48, NULL, '2018', '06'),
	(1965, 3, 6, 6, 155, 139, 3444.96, 30, 286.97, NULL, NULL, 382.74, 137.80, NULL, 109.08, NULL, 145.48, NULL, '2018', '06'),
	(1966, 3, 6, 6, 111, 139, 3444.96, 30, 286.97, NULL, NULL, 382.74, 137.80, NULL, 109.08, NULL, 145.48, NULL, '2018', '06'),
	(1967, 3, 6, 6, 156, 139, 3444.96, 30, 286.97, NULL, NULL, 382.74, 137.80, NULL, 109.08, NULL, 145.48, NULL, '2018', '06'),
	(1968, 3, 6, 6, 112, 139, 3444.96, 30, 286.97, NULL, NULL, 382.74, 137.80, NULL, 109.08, NULL, 145.48, NULL, '2018', '06'),
	(1969, 3, 6, 6, 113, 139, 3444.96, 30, 286.97, NULL, NULL, 382.74, 137.80, NULL, 109.08, NULL, 145.48, NULL, '2018', '06'),
	(1970, 3, 6, 6, 157, 139, 3444.96, 30, 286.97, NULL, NULL, 382.74, 137.80, NULL, 109.08, NULL, 145.48, NULL, '2018', '06'),
	(1971, 3, 6, 6, 158, 139, 3444.96, 30, 286.97, NULL, NULL, 382.74, 137.80, NULL, 109.08, NULL, 145.48, NULL, '2018', '06'),
	(1972, 3, 6, 6, 114, 139, 3979.62, 30, 331.50, NULL, NULL, 442.14, 159.18, NULL, 126.00, NULL, 168.06, NULL, '2018', '06'),
	(1973, 3, 6, 6, 115, 139, 3979.62, 30, 331.50, NULL, NULL, 442.14, 159.18, NULL, 126.00, NULL, 168.06, NULL, '2018', '06'),
	(1974, 3, 6, 6, 116, 139, 3444.96, 30, 286.97, NULL, NULL, 382.74, 137.80, NULL, 109.08, NULL, 145.48, NULL, '2018', '06'),
	(1975, 3, 6, 6, 159, 139, 3444.96, 30, 286.97, NULL, NULL, 382.74, 137.80, NULL, 109.08, NULL, 145.48, NULL, '2018', '06'),
	(1976, 3, 6, 6, 160, 139, 3444.96, 30, 286.97, NULL, NULL, 382.74, 137.80, NULL, 109.08, NULL, 145.48, NULL, '2018', '06'),
	(1977, 3, 6, 6, 117, 139, 3979.62, 30, 331.50, NULL, NULL, 442.14, 159.18, NULL, 126.00, NULL, 168.06, NULL, '2018', '06'),
	(1978, 3, 6, 6, 161, 139, 3444.96, 30, 286.97, NULL, NULL, 382.74, 137.80, NULL, 109.08, NULL, 145.48, NULL, '2018', '06'),
	(1979, 3, 6, 6, 162, 139, 3444.96, 30, 286.97, NULL, NULL, 382.74, 137.80, NULL, 109.08, NULL, 145.48, NULL, '2018', '06'),
	(1980, 3, 6, 6, 118, 139, 3979.62, 30, 331.50, NULL, NULL, 442.14, 159.18, NULL, 126.00, NULL, 168.06, NULL, '2018', '06'),
	(1981, 3, 6, 6, 163, 139, 3444.96, 30, 286.97, NULL, NULL, 382.74, 137.80, NULL, 109.08, NULL, 145.48, NULL, '2018', '06'),
	(1982, 3, 6, 6, 119, 139, 3444.96, 30, 286.97, NULL, NULL, 382.74, 137.80, NULL, 109.08, NULL, 145.48, NULL, '2018', '06'),
	(1983, 3, 6, 6, 164, 139, 3444.96, 30, 286.97, NULL, NULL, 382.74, 137.80, NULL, 109.08, NULL, 145.48, NULL, '2018', '06'),
	(1984, 3, 6, 6, 120, 139, 3444.96, 30, 286.97, NULL, NULL, 382.74, 137.80, NULL, 109.08, NULL, 145.48, NULL, '2018', '06'),
	(1985, 3, 6, 6, 121, 139, 3444.96, 30, 286.97, NULL, NULL, 382.74, 137.80, NULL, 109.08, NULL, 145.48, NULL, '2018', '06'),
	(1986, 3, 6, 6, 122, 139, 3444.96, 30, 286.97, NULL, NULL, 382.74, 137.80, NULL, 109.08, NULL, 145.48, NULL, '2018', '06'),
	(1987, 3, 6, 6, 123, 139, 3444.96, 30, 286.97, NULL, NULL, 382.74, 137.80, NULL, 109.08, NULL, 145.48, NULL, '2018', '06'),
	(1988, 3, 6, 6, 124, 139, 3444.96, 30, 286.97, NULL, NULL, 382.74, 137.80, NULL, 109.08, NULL, 145.48, NULL, '2018', '06'),
	(1989, 3, 6, 6, 125, 139, 3444.96, 30, 286.97, NULL, NULL, 382.74, 137.80, NULL, 109.08, NULL, 145.48, NULL, '2018', '06'),
	(1990, 3, 6, 6, 126, 139, 3444.96, 30, 286.97, NULL, NULL, 382.74, 137.80, NULL, 109.08, NULL, 145.48, NULL, '2018', '06'),
	(1991, 3, 6, 6, 520, 139, 3444.96, 30, 286.97, NULL, NULL, 382.74, 137.80, NULL, 109.08, NULL, 145.48, NULL, '2018', '06'),
	(1992, 3, 6, 6, 127, 139, 3979.62, 30, 331.50, NULL, NULL, 442.14, 159.18, NULL, 126.00, NULL, 168.06, NULL, '2018', '06'),
	(1993, 3, 6, 6, 128, 139, 3444.96, 30, 286.97, NULL, NULL, 382.74, 137.80, NULL, 109.08, NULL, 145.48, NULL, '2018', '06'),
	(1994, 3, 6, 6, 166, 139, 3444.96, 30, 286.97, NULL, NULL, 382.74, 137.80, NULL, 109.08, NULL, 145.48, NULL, '2018', '06'),
	(1995, 3, 6, 6, 167, 139, 3444.96, 30, 286.97, NULL, NULL, 382.74, 137.80, NULL, 109.08, NULL, 145.48, NULL, '2018', '06'),
	(1996, 3, 6, 6, 168, 139, 8045.23, 30, 670.17, NULL, NULL, 893.83, 321.81, NULL, 254.73, NULL, 339.74, NULL, '2018', '06'),
	(1997, 3, 6, 6, 130, 139, 3979.62, 30, 331.50, NULL, NULL, 442.14, 159.18, NULL, 126.00, NULL, 168.06, NULL, '2018', '06'),
	(1998, 3, 6, 6, 131, 139, 4133.97, 30, 344.36, NULL, NULL, 459.28, 165.36, NULL, 130.89, NULL, 174.57, NULL, '2018', '06'),
	(1999, 3, 6, 6, 169, 139, 3444.96, 30, 286.97, NULL, NULL, 382.74, 137.80, NULL, 109.08, NULL, 145.48, NULL, '2018', '06'),
	(2000, 3, 6, 6, 132, 139, 3444.96, 30, 286.97, NULL, NULL, 382.74, 137.80, NULL, 109.08, NULL, 145.48, NULL, '2018', '06'),
	(2001, 3, 6, 6, 518, 139, 3444.96, 30, 286.97, NULL, NULL, 382.74, 137.80, NULL, 109.08, NULL, 145.48, NULL, '2018', '06'),
	(2002, 3, 6, 6, 133, 139, 4133.97, 30, 344.36, NULL, NULL, 459.28, 165.36, NULL, 130.89, NULL, 174.57, NULL, '2018', '06'),
	(2003, 3, 6, 6, 134, 139, 3444.96, 30, 286.97, NULL, NULL, 382.74, 137.80, NULL, 109.08, NULL, 145.48, NULL, '2018', '06'),
	(2004, 3, 6, 6, 170, 139, 3444.96, 30, 286.97, NULL, NULL, 382.74, 137.80, NULL, 109.08, NULL, 145.48, NULL, '2018', '06'),
	(2005, 3, 6, 6, 135, 139, 3979.62, 30, 331.50, NULL, NULL, 442.14, 159.18, NULL, 126.00, NULL, 168.06, NULL, '2018', '06'),
	(2006, 3, 6, 6, 171, 139, 3444.96, 30, 286.97, NULL, NULL, 382.74, 137.80, NULL, 109.08, NULL, 145.48, NULL, '2018', '06'),
	(2007, 3, 6, 6, 136, 139, 3444.96, 30, 286.97, NULL, NULL, 382.74, 137.80, NULL, 109.08, NULL, 145.48, NULL, '2018', '06'),
	(2008, 3, 6, 6, 172, 139, 3444.96, 30, 286.97, NULL, NULL, 382.74, 137.80, NULL, 109.08, NULL, 145.48, NULL, '2018', '06'),
	(2009, 3, 6, 6, 137, 139, 3444.96, 30, 286.97, NULL, NULL, 382.74, 137.80, NULL, 109.08, NULL, 145.48, NULL, '2018', '06'),
	(2010, 3, 6, 6, 138, 139, 3444.96, 30, 286.97, NULL, NULL, 382.74, 137.80, NULL, 109.08, NULL, 145.48, NULL, '2018', '06'),
	(2011, 3, 6, 6, 139, 139, 3444.96, 30, 286.97, NULL, NULL, 382.74, 137.80, NULL, 109.08, NULL, 145.48, NULL, '2018', '06'),
	(2012, 3, 6, 6, 173, 139, 3444.96, 30, 286.97, NULL, NULL, 382.74, 137.80, NULL, 109.08, NULL, 145.48, NULL, '2018', '06'),
	(2013, 3, 6, 6, 174, 139, 3444.96, 30, 286.97, NULL, NULL, 382.74, 137.80, NULL, 109.08, NULL, 145.48, NULL, '2018', '06'),
	(2014, 3, 6, 6, 140, 139, 3979.62, 30, 331.50, NULL, NULL, 442.14, 159.18, NULL, 126.00, NULL, 168.06, NULL, '2018', '06'),
	(2015, 3, 6, 6, 176, 139, 3444.96, 30, 286.97, NULL, NULL, 382.74, 137.80, NULL, 109.08, NULL, 145.48, NULL, '2018', '06'),
	(2016, 3, 6, 6, 141, 139, 3444.96, 30, 286.97, NULL, NULL, 382.74, 137.80, NULL, 109.08, NULL, 145.48, NULL, '2018', '06'),
	(2017, 3, 6, 6, 142, 139, 3444.96, 30, 286.97, NULL, NULL, 382.74, 137.80, NULL, 109.08, NULL, 145.48, NULL, '2018', '06'),
	(2018, 3, 6, 6, 143, 140, 3444.96, 30, 286.97, NULL, NULL, 382.74, 137.80, NULL, 109.08, NULL, 145.48, NULL, '2018', '07'),
	(2019, 3, 6, 6, 554, 140, 3444.96, 30, 286.97, NULL, NULL, 382.74, 137.80, NULL, 109.08, NULL, 145.48, NULL, '2018', '07'),
	(2020, 3, 6, 6, 145, 140, 3444.96, 30, 286.97, NULL, NULL, 382.74, 137.80, NULL, 109.08, NULL, 145.48, NULL, '2018', '07'),
	(2021, 3, 6, 6, 101, 140, 3444.96, 30, 286.97, NULL, NULL, 382.74, 137.80, NULL, 109.08, NULL, 145.48, NULL, '2018', '07'),
	(2022, 3, 6, 6, 146, 140, 3444.96, 30, 286.97, NULL, NULL, 382.74, 137.80, NULL, 109.08, NULL, 145.48, NULL, '2018', '07'),
	(2023, 3, 6, 6, 147, 140, 3444.96, 30, 286.97, NULL, NULL, 382.74, 137.80, NULL, 109.08, NULL, 145.48, NULL, '2018', '07'),
	(2024, 3, 6, 6, 148, 140, 3444.96, 30, 286.97, NULL, NULL, 382.74, 137.80, NULL, 109.08, NULL, 145.48, NULL, '2018', '07'),
	(2025, 3, 6, 6, 553, 140, 3444.96, 30, 286.97, NULL, NULL, 382.74, 137.80, NULL, 109.08, NULL, 145.48, NULL, '2018', '07'),
	(2026, 3, 6, 6, 102, 140, 8045.23, 30, 670.17, NULL, NULL, 893.83, 321.81, NULL, 254.73, NULL, 339.74, NULL, '2018', '07'),
	(2027, 3, 6, 6, 149, 140, 3444.96, 30, 286.97, NULL, NULL, 382.74, 137.80, NULL, 109.08, NULL, 145.48, NULL, '2018', '07'),
	(2028, 3, 6, 6, 103, 140, 3444.96, 30, 286.97, NULL, NULL, 382.74, 137.80, NULL, 109.08, NULL, 145.48, NULL, '2018', '07'),
	(2029, 3, 6, 6, 104, 140, 3444.96, 30, 286.97, NULL, NULL, 382.74, 137.80, NULL, 109.08, NULL, 145.48, NULL, '2018', '07'),
	(2030, 3, 6, 6, 150, 140, 3444.96, 30, 286.97, NULL, NULL, 382.74, 137.80, NULL, 109.08, NULL, 145.48, NULL, '2018', '07'),
	(2031, 3, 6, 6, 105, 140, 3444.96, 30, 286.97, NULL, NULL, 382.74, 137.80, NULL, 109.08, NULL, 145.48, NULL, '2018', '07'),
	(2032, 3, 6, 6, 106, 140, 3444.96, 30, 286.97, NULL, NULL, 382.74, 137.80, NULL, 109.08, NULL, 145.48, NULL, '2018', '07'),
	(2033, 3, 6, 6, 107, 140, 3444.96, 30, 286.97, NULL, NULL, 382.74, 137.80, NULL, 109.08, NULL, 145.48, NULL, '2018', '07'),
	(2034, 3, 6, 6, 151, 140, 3444.96, 30, 286.97, NULL, NULL, 382.74, 137.80, NULL, 109.08, NULL, 145.48, NULL, '2018', '07'),
	(2035, 3, 6, 6, 108, 140, 3444.96, 30, 286.97, NULL, NULL, 382.74, 137.80, NULL, 109.08, NULL, 145.48, NULL, '2018', '07'),
	(2036, 3, 6, 6, 109, 140, 3444.96, 30, 286.97, NULL, NULL, 382.74, 137.80, NULL, 109.08, NULL, 145.48, NULL, '2018', '07'),
	(2037, 3, 6, 6, 152, 140, 3444.96, 30, 286.97, NULL, NULL, 382.74, 137.80, NULL, 109.08, NULL, 145.48, NULL, '2018', '07'),
	(2038, 3, 6, 6, 110, 140, 3444.96, 30, 286.97, NULL, NULL, 382.74, 137.80, NULL, 109.08, NULL, 145.48, NULL, '2018', '07'),
	(2039, 3, 6, 6, 153, 140, 3444.96, 30, 286.97, NULL, NULL, 382.74, 137.80, NULL, 109.08, NULL, 145.48, NULL, '2018', '07'),
	(2040, 3, 6, 6, 154, 140, 3444.96, 30, 286.97, NULL, NULL, 382.74, 137.80, NULL, 109.08, NULL, 145.48, NULL, '2018', '07'),
	(2041, 3, 6, 6, 155, 140, 3444.96, 30, 286.97, NULL, NULL, 382.74, 137.80, NULL, 109.08, NULL, 145.48, NULL, '2018', '07'),
	(2042, 3, 6, 6, 111, 140, 3444.96, 30, 286.97, NULL, NULL, 382.74, 137.80, NULL, 109.08, NULL, 145.48, NULL, '2018', '07'),
	(2043, 3, 6, 6, 156, 140, 3444.96, 30, 286.97, NULL, NULL, 382.74, 137.80, NULL, 109.08, NULL, 145.48, NULL, '2018', '07'),
	(2044, 3, 6, 6, 112, 140, 3444.96, 30, 286.97, NULL, NULL, 382.74, 137.80, NULL, 109.08, NULL, 145.48, NULL, '2018', '07'),
	(2045, 3, 6, 6, 113, 140, 3444.96, 30, 286.97, NULL, NULL, 382.74, 137.80, NULL, 109.08, NULL, 145.48, NULL, '2018', '07'),
	(2046, 3, 6, 6, 157, 140, 3444.96, 30, 286.97, NULL, NULL, 382.74, 137.80, NULL, 109.08, NULL, 145.48, NULL, '2018', '07'),
	(2047, 3, 6, 6, 158, 140, 3444.96, 30, 286.97, NULL, NULL, 382.74, 137.80, NULL, 109.08, NULL, 145.48, NULL, '2018', '07'),
	(2048, 3, 6, 6, 114, 140, 3979.62, 30, 331.50, NULL, NULL, 442.14, 159.18, NULL, 126.00, NULL, 168.06, NULL, '2018', '07'),
	(2049, 3, 6, 6, 115, 140, 3979.62, 30, 331.50, NULL, NULL, 442.14, 159.18, NULL, 126.00, NULL, 168.06, NULL, '2018', '07'),
	(2050, 3, 6, 6, 116, 140, 3444.96, 30, 286.97, NULL, NULL, 382.74, 137.80, NULL, 109.08, NULL, 145.48, NULL, '2018', '07'),
	(2051, 3, 6, 6, 159, 140, 3444.96, 30, 286.97, NULL, NULL, 382.74, 137.80, NULL, 109.08, NULL, 145.48, NULL, '2018', '07'),
	(2052, 3, 6, 6, 160, 140, 2641.14, 23, 220.01, NULL, NULL, 293.43, 105.65, NULL, 83.62, NULL, 111.53, NULL, '2018', '07'),
	(2053, 3, 6, 6, 555, 140, 803.82, 7, 66.96, NULL, NULL, 89.30, 32.15, NULL, 25.45, NULL, 33.94, NULL, '2018', '07'),
	(2054, 3, 6, 6, 117, 140, 3979.62, 30, 331.50, NULL, NULL, 442.14, 159.18, NULL, 126.00, NULL, 168.06, NULL, '2018', '07'),
	(2055, 3, 6, 6, 161, 140, 3444.96, 30, 286.97, NULL, NULL, 382.74, 137.80, NULL, 109.08, NULL, 145.48, NULL, '2018', '07'),
	(2056, 3, 6, 6, 162, 140, 3444.96, 30, 286.97, NULL, NULL, 382.74, 137.80, NULL, 109.08, NULL, 145.48, NULL, '2018', '07'),
	(2057, 3, 6, 6, 118, 140, 3979.62, 30, 331.50, NULL, NULL, 442.14, 159.18, NULL, 126.00, NULL, 168.06, NULL, '2018', '07'),
	(2058, 3, 6, 6, 163, 140, 3444.96, 30, 286.97, NULL, NULL, 382.74, 137.80, NULL, 109.08, NULL, 145.48, NULL, '2018', '07'),
	(2059, 3, 6, 6, 119, 140, 3444.96, 30, 286.97, NULL, NULL, 382.74, 137.80, NULL, 109.08, NULL, 145.48, NULL, '2018', '07'),
	(2060, 3, 6, 6, 164, 140, 3444.96, 30, 286.97, NULL, NULL, 382.74, 137.80, NULL, 109.08, NULL, 145.48, NULL, '2018', '07'),
	(2061, 3, 6, 6, 120, 140, 3444.96, 30, 286.97, NULL, NULL, 382.74, 137.80, NULL, 109.08, NULL, 145.48, NULL, '2018', '07'),
	(2062, 3, 6, 6, 121, 140, 3444.96, 30, 286.97, NULL, NULL, 382.74, 137.80, NULL, 109.08, NULL, 145.48, NULL, '2018', '07'),
	(2063, 3, 6, 6, 122, 140, 3444.96, 30, 286.97, NULL, NULL, 382.74, 137.80, NULL, 109.08, NULL, 145.48, NULL, '2018', '07'),
	(2064, 3, 6, 6, 123, 140, 3444.96, 30, 286.97, NULL, NULL, 382.74, 137.80, NULL, 109.08, NULL, 145.48, NULL, '2018', '07'),
	(2065, 3, 6, 6, 124, 140, 3444.96, 30, 286.97, NULL, NULL, 382.74, 137.80, NULL, 109.08, NULL, 145.48, NULL, '2018', '07'),
	(2066, 3, 6, 6, 125, 140, 3444.96, 30, 286.97, NULL, NULL, 382.74, 137.80, NULL, 109.08, NULL, 145.48, NULL, '2018', '07'),
	(2067, 3, 6, 6, 126, 140, 3444.96, 30, 286.97, NULL, NULL, 382.74, 137.80, NULL, 109.08, NULL, 145.48, NULL, '2018', '07'),
	(2068, 3, 6, 6, 520, 140, 3444.96, 30, 286.97, NULL, NULL, 382.74, 137.80, NULL, 109.08, NULL, 145.48, NULL, '2018', '07'),
	(2069, 3, 6, 6, 127, 140, 3979.62, 30, 331.50, NULL, NULL, 442.14, 159.18, NULL, 126.00, NULL, 168.06, NULL, '2018', '07'),
	(2070, 3, 6, 6, 128, 140, 3444.96, 30, 286.97, NULL, NULL, 382.74, 137.80, NULL, 109.08, NULL, 145.48, NULL, '2018', '07'),
	(2071, 3, 6, 6, 166, 140, 3444.96, 30, 286.97, NULL, NULL, 382.74, 137.80, NULL, 109.08, NULL, 145.48, NULL, '2018', '07'),
	(2072, 3, 6, 6, 167, 140, 3444.96, 30, 286.97, NULL, NULL, 382.74, 137.80, NULL, 109.08, NULL, 145.48, NULL, '2018', '07'),
	(2073, 3, 6, 6, 168, 140, 8045.23, 30, 670.17, NULL, NULL, 893.83, 321.81, NULL, 254.73, NULL, 339.74, NULL, '2018', '07'),
	(2074, 3, 6, 6, 130, 140, 3979.62, 30, 331.50, NULL, NULL, 442.14, 159.18, NULL, 126.00, NULL, 168.06, NULL, '2018', '07'),
	(2075, 3, 6, 6, 131, 140, 4133.97, 30, 344.36, NULL, NULL, 459.28, 165.36, NULL, 130.89, NULL, 174.57, NULL, '2018', '07'),
	(2076, 3, 6, 6, 169, 140, 3444.96, 30, 286.97, NULL, NULL, 382.74, 137.80, NULL, 109.08, NULL, 145.48, NULL, '2018', '07'),
	(2077, 3, 6, 6, 132, 140, 3444.96, 30, 286.97, NULL, NULL, 382.74, 137.80, NULL, 109.08, NULL, 145.48, NULL, '2018', '07'),
	(2078, 3, 6, 6, 518, 140, 3444.96, 30, 286.97, NULL, NULL, 382.74, 137.80, NULL, 109.08, NULL, 145.48, NULL, '2018', '07'),
	(2079, 3, 6, 6, 133, 140, 4133.97, 30, 344.36, NULL, NULL, 459.28, 165.36, NULL, 130.89, NULL, 174.57, NULL, '2018', '07'),
	(2080, 3, 6, 6, 134, 140, 3444.96, 30, 286.97, NULL, NULL, 382.74, 137.80, NULL, 109.08, NULL, 145.48, NULL, '2018', '07'),
	(2081, 3, 6, 6, 170, 140, 3444.96, 30, 286.97, NULL, NULL, 382.74, 137.80, NULL, 109.08, NULL, 145.48, NULL, '2018', '07'),
	(2082, 3, 6, 6, 135, 140, 3979.62, 30, 331.50, NULL, NULL, 442.14, 159.18, NULL, 126.00, NULL, 168.06, NULL, '2018', '07'),
	(2083, 3, 6, 6, 171, 140, 3444.96, 30, 286.97, NULL, NULL, 382.74, 137.80, NULL, 109.08, NULL, 145.48, NULL, '2018', '07'),
	(2084, 3, 6, 6, 136, 140, 3444.96, 30, 286.97, NULL, NULL, 382.74, 137.80, NULL, 109.08, NULL, 145.48, NULL, '2018', '07'),
	(2085, 3, 6, 6, 172, 140, 3444.96, 30, 286.97, NULL, NULL, 382.74, 137.80, NULL, 109.08, NULL, 145.48, NULL, '2018', '07'),
	(2086, 3, 6, 6, 137, 140, 3444.96, 30, 286.97, NULL, NULL, 382.74, 137.80, NULL, 109.08, NULL, 145.48, NULL, '2018', '07'),
	(2087, 3, 6, 6, 138, 140, 3444.96, 30, 286.97, NULL, NULL, 382.74, 137.80, NULL, 109.08, NULL, 145.48, NULL, '2018', '07'),
	(2088, 3, 6, 6, 139, 140, 3444.96, 30, 286.97, NULL, NULL, 382.74, 137.80, NULL, 109.08, NULL, 145.48, NULL, '2018', '07'),
	(2089, 3, 6, 6, 173, 140, 3444.96, 30, 286.97, NULL, NULL, 382.74, 137.80, NULL, 109.08, NULL, 145.48, NULL, '2018', '07'),
	(2090, 3, 6, 6, 174, 140, 3444.96, 30, 286.97, NULL, NULL, 382.74, 137.80, NULL, 109.08, NULL, 145.48, NULL, '2018', '07'),
	(2091, 3, 6, 6, 140, 140, 3979.62, 30, 331.50, NULL, NULL, 442.14, 159.18, NULL, 126.00, NULL, 168.06, NULL, '2018', '07'),
	(2092, 3, 6, 6, 176, 140, 3444.96, 30, 286.97, NULL, NULL, 382.74, 137.80, NULL, 109.08, NULL, 145.48, NULL, '2018', '07'),
	(2093, 3, 6, 6, 141, 140, 3444.96, 30, 286.97, NULL, NULL, 382.74, 137.80, NULL, 109.08, NULL, 145.48, NULL, '2018', '07'),
	(2094, 3, 6, 6, 142, 140, 3444.96, 30, 286.97, NULL, NULL, 382.74, 137.80, NULL, 109.08, NULL, 145.48, NULL, '2018', '07'),
	(2095, 3, 6, 6, 143, 141, 3444.96, 30, 286.97, NULL, NULL, 382.74, 137.80, NULL, 109.08, NULL, 145.48, NULL, '2018', '08'),
	(2096, 3, 6, 6, 554, 141, 3444.96, 30, 286.97, NULL, NULL, 382.74, 137.80, NULL, 109.08, NULL, 145.48, NULL, '2018', '08'),
	(2097, 3, 6, 6, 145, 141, 3444.96, 30, 286.97, NULL, NULL, 382.74, 137.80, NULL, 109.08, NULL, 145.48, NULL, '2018', '08'),
	(2098, 3, 6, 6, 101, 141, 3444.96, 30, 286.97, NULL, NULL, 382.74, 137.80, NULL, 109.08, NULL, 145.48, NULL, '2018', '08'),
	(2099, 3, 6, 6, 146, 141, 3444.96, 30, 286.97, NULL, NULL, 382.74, 137.80, NULL, 109.08, NULL, 145.48, NULL, '2018', '08'),
	(2100, 3, 6, 6, 147, 141, 3444.96, 30, 286.97, NULL, NULL, 382.74, 137.80, NULL, 109.08, NULL, 145.48, NULL, '2018', '08'),
	(2101, 3, 6, 6, 148, 141, 3444.96, 30, 286.97, NULL, NULL, 382.74, 137.80, NULL, 109.08, NULL, 145.48, NULL, '2018', '08'),
	(2102, 3, 6, 6, 553, 141, 3444.96, 30, 286.97, NULL, NULL, 382.74, 137.80, NULL, 109.08, NULL, 145.48, NULL, '2018', '08'),
	(2103, 3, 6, 6, 102, 141, 8045.23, 30, 670.17, NULL, NULL, 893.83, 321.81, NULL, 254.73, NULL, 339.74, NULL, '2018', '08'),
	(2104, 3, 6, 6, 149, 141, 3444.96, 30, 286.97, NULL, NULL, 382.74, 137.80, NULL, 109.08, NULL, 145.48, NULL, '2018', '08'),
	(2105, 3, 6, 6, 103, 141, 3444.96, 30, 286.97, NULL, NULL, 382.74, 137.80, NULL, 109.08, NULL, 145.48, NULL, '2018', '08'),
	(2106, 3, 6, 6, 104, 141, 3444.96, 30, 286.97, NULL, NULL, 382.74, 137.80, NULL, 109.08, NULL, 145.48, NULL, '2018', '08'),
	(2107, 3, 6, 6, 150, 141, 3444.96, 30, 286.97, NULL, NULL, 382.74, 137.80, NULL, 109.08, NULL, 145.48, NULL, '2018', '08'),
	(2108, 3, 6, 6, 105, 141, 3444.96, 30, 286.97, NULL, NULL, 382.74, 137.80, NULL, 109.08, NULL, 145.48, NULL, '2018', '08'),
	(2109, 3, 6, 6, 106, 141, 3444.96, 30, 286.97, NULL, NULL, 382.74, 137.80, NULL, 109.08, NULL, 145.48, NULL, '2018', '08'),
	(2110, 3, 6, 6, 107, 141, 3444.96, 30, 286.97, NULL, NULL, 382.74, 137.80, NULL, 109.08, NULL, 145.48, NULL, '2018', '08'),
	(2111, 3, 6, 6, 151, 141, 3444.96, 30, 286.97, NULL, NULL, 382.74, 137.80, NULL, 109.08, NULL, 145.48, NULL, '2018', '08'),
	(2112, 3, 6, 6, 108, 141, 3444.96, 30, 286.97, NULL, NULL, 382.74, 137.80, NULL, 109.08, NULL, 145.48, NULL, '2018', '08'),
	(2113, 3, 6, 6, 109, 141, 3444.96, 30, 286.97, NULL, NULL, 382.74, 137.80, NULL, 109.08, NULL, 145.48, NULL, '2018', '08'),
	(2114, 3, 6, 6, 152, 141, 3444.96, 30, 286.97, NULL, NULL, 382.74, 137.80, NULL, 109.08, NULL, 145.48, NULL, '2018', '08'),
	(2115, 3, 6, 6, 110, 141, 3444.96, 30, 286.97, NULL, NULL, 382.74, 137.80, NULL, 109.08, NULL, 145.48, NULL, '2018', '08'),
	(2116, 3, 6, 6, 153, 141, 3444.96, 30, 286.97, NULL, NULL, 382.74, 137.80, NULL, 109.08, NULL, 145.48, NULL, '2018', '08'),
	(2117, 3, 6, 6, 154, 141, 3444.96, 30, 286.97, NULL, NULL, 382.74, 137.80, NULL, 109.08, NULL, 145.48, NULL, '2018', '08'),
	(2118, 3, 6, 6, 155, 141, 3444.96, 30, 286.97, NULL, NULL, 382.74, 137.80, NULL, 109.08, NULL, 145.48, NULL, '2018', '08'),
	(2119, 3, 6, 6, 111, 141, 3444.96, 30, 286.97, NULL, NULL, 382.74, 137.80, NULL, 109.08, NULL, 145.48, NULL, '2018', '08'),
	(2120, 3, 6, 6, 156, 141, 3444.96, 30, 286.97, NULL, NULL, 382.74, 137.80, NULL, 109.08, NULL, 145.48, NULL, '2018', '08'),
	(2121, 3, 6, 6, 112, 141, 3444.96, 30, 286.97, NULL, NULL, 382.74, 137.80, NULL, 109.08, NULL, 145.48, NULL, '2018', '08'),
	(2122, 3, 6, 6, 113, 141, 3444.96, 30, 286.97, NULL, NULL, 382.74, 137.80, NULL, 109.08, NULL, 145.48, NULL, '2018', '08'),
	(2123, 3, 6, 6, 157, 141, 3444.96, 30, 286.97, NULL, NULL, 382.74, 137.80, NULL, 109.08, NULL, 145.48, NULL, '2018', '08'),
	(2124, 3, 6, 6, 158, 141, 3444.96, 30, 286.97, NULL, NULL, 382.74, 137.80, NULL, 109.08, NULL, 145.48, NULL, '2018', '08'),
	(2125, 3, 6, 6, 114, 141, 3979.62, 30, 331.50, NULL, NULL, 442.14, 159.18, NULL, 126.00, NULL, 168.06, NULL, '2018', '08'),
	(2126, 3, 6, 6, 115, 141, 3979.62, 30, 331.50, NULL, NULL, 442.14, 159.18, NULL, 126.00, NULL, 168.06, NULL, '2018', '08'),
	(2127, 3, 6, 6, 116, 141, 3444.96, 30, 286.97, NULL, NULL, 382.74, 137.80, NULL, 109.08, NULL, 145.48, NULL, '2018', '08'),
	(2128, 3, 6, 6, 159, 141, 3444.96, 30, 286.97, NULL, NULL, 382.74, 137.80, NULL, 109.08, NULL, 145.48, NULL, '2018', '08'),
	(2129, 3, 6, 6, 160, 141, 3444.96, 30, 286.97, NULL, NULL, 382.74, 137.80, NULL, 109.08, NULL, 145.48, NULL, '2018', '08'),
	(2130, 3, 6, 6, 117, 141, 3979.62, 30, 331.50, NULL, NULL, 442.14, 159.18, NULL, 126.00, NULL, 168.06, NULL, '2018', '08'),
	(2131, 3, 6, 6, 161, 141, 3444.96, 30, 286.97, NULL, NULL, 382.74, 137.80, NULL, 109.08, NULL, 145.48, NULL, '2018', '08'),
	(2132, 3, 6, 6, 162, 141, 3444.96, 30, 286.97, NULL, NULL, 382.74, 137.80, NULL, 109.08, NULL, 145.48, NULL, '2018', '08'),
	(2133, 3, 6, 6, 118, 141, 3979.62, 30, 331.50, NULL, NULL, 442.14, 159.18, NULL, 126.00, NULL, 168.06, NULL, '2018', '08'),
	(2134, 3, 6, 6, 163, 141, 3444.96, 30, 286.97, NULL, NULL, 382.74, 137.80, NULL, 109.08, NULL, 145.48, NULL, '2018', '08'),
	(2135, 3, 6, 6, 119, 141, 3444.96, 30, 286.97, NULL, NULL, 382.74, 137.80, NULL, 109.08, NULL, 145.48, NULL, '2018', '08'),
	(2136, 3, 6, 6, 164, 141, 3444.96, 30, 286.97, NULL, NULL, 382.74, 137.80, NULL, 109.08, NULL, 145.48, NULL, '2018', '08'),
	(2137, 3, 6, 6, 120, 141, 3444.96, 30, 286.97, NULL, NULL, 382.74, 137.80, NULL, 109.08, NULL, 145.48, NULL, '2018', '08'),
	(2138, 3, 6, 6, 121, 141, 3444.96, 30, 286.97, NULL, NULL, 382.74, 137.80, NULL, 109.08, NULL, 145.48, NULL, '2018', '08'),
	(2139, 3, 6, 6, 122, 141, 3444.96, 30, 286.97, NULL, NULL, 382.74, 137.80, NULL, 109.08, NULL, 145.48, NULL, '2018', '08'),
	(2140, 3, 6, 6, 123, 141, 3444.96, 30, 286.97, NULL, NULL, 382.74, 137.80, NULL, 109.08, NULL, 145.48, NULL, '2018', '08'),
	(2141, 3, 6, 6, 124, 141, 3444.96, 30, 286.97, NULL, NULL, 382.74, 137.80, NULL, 109.08, NULL, 145.48, NULL, '2018', '08'),
	(2142, 3, 6, 6, 125, 141, 3444.96, 30, 286.97, NULL, NULL, 382.74, 137.80, NULL, 109.08, NULL, 145.48, NULL, '2018', '08'),
	(2143, 3, 6, 6, 126, 141, 3444.96, 30, 286.97, NULL, NULL, 382.74, 137.80, NULL, 109.08, NULL, 145.48, NULL, '2018', '08'),
	(2144, 3, 6, 6, 520, 141, 3444.96, 30, 286.97, NULL, NULL, 382.74, 137.80, NULL, 109.08, NULL, 145.48, NULL, '2018', '08'),
	(2145, 3, 6, 6, 127, 141, 3979.62, 30, 331.50, NULL, NULL, 442.14, 159.18, NULL, 126.00, NULL, 168.06, NULL, '2018', '08'),
	(2146, 3, 6, 6, 128, 141, 3444.96, 30, 286.97, NULL, NULL, 382.74, 137.80, NULL, 109.08, NULL, 145.48, NULL, '2018', '08'),
	(2147, 3, 6, 6, 166, 141, 3444.96, 30, 286.97, NULL, NULL, 382.74, 137.80, NULL, 109.08, NULL, 145.48, NULL, '2018', '08'),
	(2148, 3, 6, 6, 167, 141, 3444.96, 30, 286.97, NULL, NULL, 382.74, 137.80, NULL, 109.08, NULL, 145.48, NULL, '2018', '08'),
	(2149, 3, 6, 6, 168, 141, 8045.23, 30, 670.17, NULL, NULL, 893.83, 321.81, NULL, 254.73, NULL, 339.74, NULL, '2018', '08'),
	(2150, 3, 6, 6, 130, 141, 3979.62, 30, 331.50, NULL, NULL, 442.14, 159.18, NULL, 126.00, NULL, 168.06, NULL, '2018', '08'),
	(2151, 3, 6, 6, 131, 141, 4133.97, 30, 344.36, NULL, NULL, 459.28, 165.36, NULL, 130.89, NULL, 174.57, NULL, '2018', '08'),
	(2152, 3, 6, 6, 169, 141, 3444.96, 30, 286.97, NULL, NULL, 382.74, 137.80, NULL, 109.08, NULL, 145.48, NULL, '2018', '08'),
	(2153, 3, 6, 6, 132, 141, 3444.96, 30, 286.97, NULL, NULL, 382.74, 137.80, NULL, 109.08, NULL, 145.48, NULL, '2018', '08'),
	(2154, 3, 6, 6, 518, 141, 3444.96, 30, 286.97, NULL, NULL, 382.74, 137.80, NULL, 109.08, NULL, 145.48, NULL, '2018', '08'),
	(2155, 3, 6, 6, 133, 141, 4133.97, 30, 344.36, NULL, NULL, 459.28, 165.36, NULL, 130.89, NULL, 174.57, NULL, '2018', '08'),
	(2156, 3, 6, 6, 134, 141, 3444.96, 30, 286.97, NULL, NULL, 382.74, 137.80, NULL, 109.08, NULL, 145.48, NULL, '2018', '08'),
	(2157, 3, 6, 6, 170, 141, 3444.96, 30, 286.97, NULL, NULL, 382.74, 137.80, NULL, 109.08, NULL, 145.48, NULL, '2018', '08'),
	(2158, 3, 6, 6, 135, 141, 3979.62, 30, 331.50, NULL, NULL, 442.14, 159.18, NULL, 126.00, NULL, 168.06, NULL, '2018', '08'),
	(2159, 3, 6, 6, 171, 141, 3444.96, 30, 286.97, NULL, NULL, 382.74, 137.80, NULL, 109.08, NULL, 145.48, NULL, '2018', '08'),
	(2160, 3, 6, 6, 136, 141, 3444.96, 30, 286.97, NULL, NULL, 382.74, 137.80, NULL, 109.08, NULL, 145.48, NULL, '2018', '08'),
	(2161, 3, 6, 6, 172, 141, 3444.96, 30, 286.97, NULL, NULL, 382.74, 137.80, NULL, 109.08, NULL, 145.48, NULL, '2018', '08'),
	(2162, 3, 6, 6, 137, 141, 3444.96, 30, 286.97, NULL, NULL, 382.74, 137.80, NULL, 109.08, NULL, 145.48, NULL, '2018', '08'),
	(2163, 3, 6, 6, 138, 141, 3444.96, 30, 286.97, NULL, NULL, 382.74, 137.80, NULL, 109.08, NULL, 145.48, NULL, '2018', '08'),
	(2164, 3, 6, 6, 139, 141, 3444.96, 30, 286.97, NULL, NULL, 382.74, 137.80, NULL, 109.08, NULL, 145.48, NULL, '2018', '08'),
	(2165, 3, 6, 6, 173, 141, 3444.96, 30, 286.97, NULL, NULL, 382.74, 137.80, NULL, 109.08, NULL, 145.48, NULL, '2018', '08'),
	(2166, 3, 6, 6, 174, 141, 3444.96, 30, 286.97, NULL, NULL, 382.74, 137.80, NULL, 109.08, NULL, 145.48, NULL, '2018', '08'),
	(2167, 3, 6, 6, 140, 141, 3979.62, 30, 331.50, NULL, NULL, 442.14, 159.18, NULL, 126.00, NULL, 168.06, NULL, '2018', '08'),
	(2168, 3, 6, 6, 176, 141, 3444.96, 30, 286.97, NULL, NULL, 382.74, 137.80, NULL, 109.08, NULL, 145.48, NULL, '2018', '08'),
	(2169, 3, 6, 6, 141, 141, 3444.96, 30, 286.97, NULL, NULL, 382.74, 137.80, NULL, 109.08, NULL, 145.48, NULL, '2018', '08'),
	(2170, 3, 6, 6, 142, 141, 3444.96, 30, 286.97, NULL, NULL, 382.74, 137.80, NULL, 109.08, NULL, 145.48, NULL, '2018', '08'),
	(2171, 3, 6, 6, 143, 142, 3444.96, 30, 286.97, NULL, NULL, 382.74, 137.80, NULL, 109.08, NULL, 145.48, NULL, '2018', '09'),
	(2172, 3, 6, 6, 556, 142, 2653.08, 20, 221.00, NULL, NULL, 294.76, 106.12, NULL, 84.00, NULL, 112.04, NULL, '2018', '09'),
	(2173, 3, 6, 6, 554, 142, 3444.96, 30, 286.97, NULL, NULL, 382.74, 137.80, NULL, 109.08, NULL, 145.48, NULL, '2018', '09'),
	(2174, 3, 6, 6, 145, 142, 3444.96, 30, 286.97, NULL, NULL, 382.74, 137.80, NULL, 109.08, NULL, 145.48, NULL, '2018', '09'),
	(2175, 3, 6, 6, 101, 142, 1148.32, 10, 95.66, NULL, NULL, 127.58, 45.93, NULL, 36.36, NULL, 48.49, NULL, '2018', '09'),
	(2176, 3, 6, 6, 146, 142, 3444.96, 30, 286.97, NULL, NULL, 382.74, 137.80, NULL, 109.08, NULL, 145.48, NULL, '2018', '09'),
	(2177, 3, 6, 6, 147, 142, 3444.96, 30, 286.97, NULL, NULL, 382.74, 137.80, NULL, 109.08, NULL, 145.48, NULL, '2018', '09'),
	(2178, 3, 6, 6, 148, 142, 3444.96, 30, 286.97, NULL, NULL, 382.74, 137.80, NULL, 109.08, NULL, 145.48, NULL, '2018', '09'),
	(2179, 3, 6, 6, 553, 142, 3444.96, 30, 286.97, NULL, NULL, 382.74, 137.80, NULL, 109.08, NULL, 145.48, NULL, '2018', '09'),
	(2180, 3, 6, 6, 102, 142, 8045.23, 30, 670.17, NULL, NULL, 893.83, 321.81, NULL, 254.73, NULL, 339.74, NULL, '2018', '09'),
	(2181, 3, 6, 6, 149, 142, 3444.96, 30, 286.97, NULL, NULL, 382.74, 137.80, NULL, 109.08, NULL, 145.48, NULL, '2018', '09'),
	(2182, 3, 6, 6, 103, 142, 3444.96, 30, 286.97, NULL, NULL, 382.74, 137.80, NULL, 109.08, NULL, 145.48, NULL, '2018', '09'),
	(2183, 3, 6, 6, 104, 142, 3444.96, 30, 286.97, NULL, NULL, 382.74, 137.80, NULL, 109.08, NULL, 145.48, NULL, '2018', '09'),
	(2184, 3, 6, 6, 150, 142, 3444.96, 30, 286.97, NULL, NULL, 382.74, 137.80, NULL, 109.08, NULL, 145.48, NULL, '2018', '09'),
	(2185, 3, 6, 6, 105, 142, 1148.32, 10, 95.66, NULL, NULL, 127.58, 45.93, NULL, 36.36, NULL, 48.49, NULL, '2018', '09'),
	(2186, 3, 6, 6, 106, 142, 3444.96, 30, 286.97, NULL, NULL, 382.74, 137.80, NULL, 109.08, NULL, 145.48, NULL, '2018', '09'),
	(2187, 3, 6, 6, 557, 142, 2296.64, 20, 191.31, NULL, NULL, 255.16, 91.87, NULL, 72.72, NULL, 96.99, NULL, '2018', '09'),
	(2188, 3, 6, 6, 107, 142, 3444.96, 30, 286.97, NULL, NULL, 382.74, 137.80, NULL, 109.08, NULL, 145.48, NULL, '2018', '09'),
	(2189, 3, 6, 6, 151, 142, 3444.96, 30, 286.97, NULL, NULL, 382.74, 137.80, NULL, 109.08, NULL, 145.48, NULL, '2018', '09'),
	(2190, 3, 6, 6, 108, 142, 3444.96, 30, 286.97, NULL, NULL, 382.74, 137.80, NULL, 109.08, NULL, 145.48, NULL, '2018', '09'),
	(2191, 3, 6, 6, 109, 142, 3444.96, 30, 286.97, NULL, NULL, 382.74, 137.80, NULL, 109.08, NULL, 145.48, NULL, '2018', '09'),
	(2192, 3, 6, 6, 152, 142, 3444.96, 30, 286.97, NULL, NULL, 382.74, 137.80, NULL, 109.08, NULL, 145.48, NULL, '2018', '09'),
	(2193, 3, 6, 6, 110, 142, 1148.32, 10, 95.66, NULL, NULL, 127.58, 45.93, NULL, 36.36, NULL, 48.49, NULL, '2018', '09'),
	(2194, 3, 6, 6, 153, 142, 3444.96, 30, 286.97, NULL, NULL, 382.74, 137.80, NULL, 109.08, NULL, 145.48, NULL, '2018', '09'),
	(2195, 3, 6, 6, 154, 142, 3444.96, 30, 286.97, NULL, NULL, 382.74, 137.80, NULL, 109.08, NULL, 145.48, NULL, '2018', '09'),
	(2196, 3, 6, 6, 155, 142, 3444.96, 30, 286.97, NULL, NULL, 382.74, 137.80, NULL, 109.08, NULL, 145.48, NULL, '2018', '09'),
	(2197, 3, 6, 6, 111, 142, 3444.96, 30, 286.97, NULL, NULL, 382.74, 137.80, NULL, 109.08, NULL, 145.48, NULL, '2018', '09'),
	(2198, 3, 6, 6, 156, 142, 3444.96, 30, 286.97, NULL, NULL, 382.74, 137.80, NULL, 109.08, NULL, 145.48, NULL, '2018', '09'),
	(2199, 3, 6, 6, 558, 142, 2296.64, 20, 191.31, NULL, NULL, 255.16, 91.87, NULL, 72.72, NULL, 96.99, NULL, '2018', '09'),
	(2200, 3, 6, 6, 112, 142, 3444.96, 30, 286.97, NULL, NULL, 382.74, 137.80, NULL, 109.08, NULL, 145.48, NULL, '2018', '09'),
	(2201, 3, 6, 6, 113, 142, 3444.96, 30, 286.97, NULL, NULL, 382.74, 137.80, NULL, 109.08, NULL, 145.48, NULL, '2018', '09'),
	(2202, 3, 6, 6, 157, 142, 3444.96, 30, 286.97, NULL, NULL, 382.74, 137.80, NULL, 109.08, NULL, 145.48, NULL, '2018', '09'),
	(2203, 3, 6, 6, 158, 142, 3444.96, 30, 286.97, NULL, NULL, 382.74, 137.80, NULL, 109.08, NULL, 145.48, NULL, '2018', '09'),
	(2204, 3, 6, 6, 114, 142, 3979.62, 30, 331.50, NULL, NULL, 442.14, 159.18, NULL, 126.00, NULL, 168.06, NULL, '2018', '09'),
	(2205, 3, 6, 6, 115, 142, 3979.62, 30, 331.50, NULL, NULL, 442.14, 159.18, NULL, 126.00, NULL, 168.06, NULL, '2018', '09'),
	(2206, 3, 6, 6, 559, 142, 2296.64, 20, 191.31, NULL, NULL, 255.16, 91.87, NULL, 72.72, NULL, 96.99, NULL, '2018', '09'),
	(2207, 3, 6, 6, 116, 142, 3444.96, 30, 286.97, NULL, NULL, 382.74, 137.80, NULL, 109.08, NULL, 145.48, NULL, '2018', '09'),
	(2208, 3, 6, 6, 159, 142, 3444.96, 30, 286.97, NULL, NULL, 382.74, 137.80, NULL, 109.08, NULL, 145.48, NULL, '2018', '09'),
	(2209, 3, 6, 6, 160, 142, 3444.96, 30, 286.97, NULL, NULL, 382.74, 137.80, NULL, 109.08, NULL, 145.48, NULL, '2018', '09'),
	(2210, 3, 6, 6, 117, 142, 1326.54, 10, 110.50, NULL, NULL, 147.38, 53.06, NULL, 42.00, NULL, 56.02, NULL, '2018', '09'),
	(2211, 3, 6, 6, 161, 142, 3444.96, 30, 286.97, NULL, NULL, 382.74, 137.80, NULL, 109.08, NULL, 145.48, NULL, '2018', '09'),
	(2212, 3, 6, 6, 560, 142, 2296.64, 20, 191.31, NULL, NULL, 255.16, 91.87, NULL, 72.72, NULL, 96.99, NULL, '2018', '09'),
	(2213, 3, 6, 6, 162, 142, 3444.96, 30, 286.97, NULL, NULL, 382.74, 137.80, NULL, 109.08, NULL, 145.48, NULL, '2018', '09'),
	(2214, 3, 6, 6, 118, 142, 3979.62, 30, 331.50, NULL, NULL, 442.14, 159.18, NULL, 126.00, NULL, 168.06, NULL, '2018', '09'),
	(2215, 3, 6, 6, 163, 142, 3444.96, 30, 286.97, NULL, NULL, 382.74, 137.80, NULL, 109.08, NULL, 145.48, NULL, '2018', '09'),
	(2216, 3, 6, 6, 119, 142, 3444.96, 30, 286.97, NULL, NULL, 382.74, 137.80, NULL, 109.08, NULL, 145.48, NULL, '2018', '09'),
	(2217, 3, 6, 6, 164, 142, 3444.96, 30, 286.97, NULL, NULL, 382.74, 137.80, NULL, 109.08, NULL, 145.48, NULL, '2018', '09'),
	(2218, 3, 6, 6, 120, 142, 3444.96, 30, 286.97, NULL, NULL, 382.74, 137.80, NULL, 109.08, NULL, 145.48, NULL, '2018', '09'),
	(2219, 3, 6, 6, 121, 142, 3444.96, 30, 286.97, NULL, NULL, 382.74, 137.80, NULL, 109.08, NULL, 145.48, NULL, '2018', '09'),
	(2220, 3, 6, 6, 122, 142, 1148.32, 10, 95.66, NULL, NULL, 127.58, 45.93, NULL, 36.36, NULL, 48.49, NULL, '2018', '09'),
	(2221, 3, 6, 6, 123, 142, 3444.96, 30, 286.97, NULL, NULL, 382.74, 137.80, NULL, 109.08, NULL, 145.48, NULL, '2018', '09'),
	(2222, 3, 6, 6, 124, 142, 3444.96, 30, 286.97, NULL, NULL, 382.74, 137.80, NULL, 109.08, NULL, 145.48, NULL, '2018', '09'),
	(2223, 3, 6, 6, 125, 142, 3444.96, 30, 286.97, NULL, NULL, 382.74, 137.80, NULL, 109.08, NULL, 145.48, NULL, '2018', '09'),
	(2224, 3, 6, 6, 126, 142, 3444.96, 30, 286.97, NULL, NULL, 382.74, 137.80, NULL, 109.08, NULL, 145.48, NULL, '2018', '09'),
	(2225, 3, 6, 6, 520, 142, 3444.96, 30, 286.97, NULL, NULL, 382.74, 137.80, NULL, 109.08, NULL, 145.48, NULL, '2018', '09'),
	(2226, 3, 6, 6, 127, 142, 3979.62, 30, 331.50, NULL, NULL, 442.14, 159.18, NULL, 126.00, NULL, 168.06, NULL, '2018', '09'),
	(2227, 3, 6, 6, 128, 142, 3444.96, 30, 286.97, NULL, NULL, 382.74, 137.80, NULL, 109.08, NULL, 145.48, NULL, '2018', '09'),
	(2228, 3, 6, 6, 166, 142, 3444.96, 30, 286.97, NULL, NULL, 382.74, 137.80, NULL, 109.08, NULL, 145.48, NULL, '2018', '09'),
	(2229, 3, 6, 6, 167, 142, 3444.96, 30, 286.97, NULL, NULL, 382.74, 137.80, NULL, 109.08, NULL, 145.48, NULL, '2018', '09'),
	(2230, 3, 6, 6, 168, 142, 8045.23, 30, 670.17, NULL, NULL, 893.83, 321.81, NULL, 254.73, NULL, 339.74, NULL, '2018', '09'),
	(2231, 3, 6, 6, 130, 142, 3979.62, 30, 331.50, NULL, NULL, 442.14, 159.18, NULL, 126.00, NULL, 168.06, NULL, '2018', '09'),
	(2232, 3, 6, 6, 131, 142, 4133.97, 30, 344.36, NULL, NULL, 459.28, 165.36, NULL, 130.89, NULL, 174.57, NULL, '2018', '09'),
	(2233, 3, 6, 6, 169, 142, 3444.96, 30, 286.97, NULL, NULL, 382.74, 137.80, NULL, 109.08, NULL, 145.48, NULL, '2018', '09'),
	(2234, 3, 6, 6, 132, 142, 3444.96, 30, 286.97, NULL, NULL, 382.74, 137.80, NULL, 109.08, NULL, 145.48, NULL, '2018', '09'),
	(2235, 3, 6, 6, 518, 142, 3444.96, 30, 286.97, NULL, NULL, 382.74, 137.80, NULL, 109.08, NULL, 145.48, NULL, '2018', '09'),
	(2236, 3, 6, 6, 133, 142, 4133.97, 30, 344.36, NULL, NULL, 459.28, 165.36, NULL, 130.89, NULL, 174.57, NULL, '2018', '09'),
	(2237, 3, 6, 6, 134, 142, 3444.96, 30, 286.97, NULL, NULL, 382.74, 137.80, NULL, 109.08, NULL, 145.48, NULL, '2018', '09'),
	(2238, 3, 6, 6, 170, 142, 3444.96, 30, 286.97, NULL, NULL, 382.74, 137.80, NULL, 109.08, NULL, 145.48, NULL, '2018', '09'),
	(2239, 3, 6, 6, 135, 142, 3979.62, 30, 331.50, NULL, NULL, 442.14, 159.18, NULL, 126.00, NULL, 168.06, NULL, '2018', '09'),
	(2240, 3, 6, 6, 171, 142, 3444.96, 30, 286.97, NULL, NULL, 382.74, 137.80, NULL, 109.08, NULL, 145.48, NULL, '2018', '09'),
	(2241, 3, 6, 6, 136, 142, 3444.96, 30, 286.97, NULL, NULL, 382.74, 137.80, NULL, 109.08, NULL, 145.48, NULL, '2018', '09'),
	(2242, 3, 6, 6, 561, 142, 2296.64, 20, 191.31, NULL, NULL, 255.16, 91.87, NULL, 72.72, NULL, 96.99, NULL, '2018', '09'),
	(2243, 3, 6, 6, 172, 142, 3444.96, 30, 286.97, NULL, NULL, 382.74, 137.80, NULL, 109.08, NULL, 145.48, NULL, '2018', '09'),
	(2244, 3, 6, 6, 137, 142, 3444.96, 30, 286.97, NULL, NULL, 382.74, 137.80, NULL, 109.08, NULL, 145.48, NULL, '2018', '09'),
	(2245, 3, 6, 6, 138, 142, 3444.96, 30, 286.97, NULL, NULL, 382.74, 137.80, NULL, 109.08, NULL, 145.48, NULL, '2018', '09'),
	(2246, 3, 6, 6, 139, 142, 3444.96, 30, 286.97, NULL, NULL, 382.74, 137.80, NULL, 109.08, NULL, 145.48, NULL, '2018', '09'),
	(2247, 3, 6, 6, 173, 142, 3444.96, 30, 286.97, NULL, NULL, 382.74, 137.80, NULL, 109.08, NULL, 145.48, NULL, '2018', '09'),
	(2248, 3, 6, 6, 174, 142, 3444.96, 30, 286.97, NULL, NULL, 382.74, 137.80, NULL, 109.08, NULL, 145.48, NULL, '2018', '09'),
	(2249, 3, 6, 6, 140, 142, 3979.62, 30, 331.50, NULL, NULL, 442.14, 159.18, NULL, 126.00, NULL, 168.06, NULL, '2018', '09'),
	(2250, 3, 6, 6, 176, 142, 3444.96, 30, 286.97, NULL, NULL, 382.74, 137.80, NULL, 109.08, NULL, 145.48, NULL, '2018', '09'),
	(2251, 3, 6, 6, 141, 142, 1148.32, 10, 95.66, NULL, NULL, 127.58, 45.93, NULL, 36.36, NULL, 48.49, NULL, '2018', '09'),
	(2252, 3, 6, 6, 142, 142, 3444.96, 30, 286.97, NULL, NULL, 382.74, 137.80, NULL, 109.08, NULL, 145.48, NULL, '2018', '09'),
	(2253, 3, 6, 6, 143, 143, 3444.96, 30, 286.97, NULL, NULL, 382.74, 137.80, NULL, 109.08, NULL, 145.48, NULL, '2018', '10'),
	(2254, 3, 6, 6, 556, 143, 1326.54, 10, 110.50, NULL, NULL, 147.38, 53.06, NULL, 42.00, NULL, 56.02, NULL, '2018', '10'),
	(2255, 3, 6, 6, 556, 143, 2296.64, 20, 191.31, NULL, NULL, 255.16, 91.87, NULL, 72.72, NULL, 96.99, NULL, '2018', '10'),
	(2256, 3, 6, 6, 554, 143, 3444.96, 30, 286.97, NULL, NULL, 382.74, 137.80, NULL, 109.08, NULL, 145.48, NULL, '2018', '10'),
	(2257, 3, 6, 6, 145, 143, 3444.96, 30, 286.97, NULL, NULL, 382.74, 137.80, NULL, 109.08, NULL, 145.48, NULL, '2018', '10'),
	(2258, 3, 6, 6, 101, 143, 2296.64, 20, 191.31, NULL, NULL, 255.16, 91.87, NULL, 72.72, NULL, 96.99, NULL, '2018', '10'),
	(2259, 3, 6, 6, 146, 143, 3444.96, 30, 286.97, NULL, NULL, 382.74, 137.80, NULL, 109.08, NULL, 145.48, NULL, '2018', '10'),
	(2260, 3, 6, 6, 147, 143, 3444.96, 30, 286.97, NULL, NULL, 382.74, 137.80, NULL, 109.08, NULL, 145.48, NULL, '2018', '10'),
	(2261, 3, 6, 6, 148, 143, 3444.96, 30, 286.97, NULL, NULL, 382.74, 137.80, NULL, 109.08, NULL, 145.48, NULL, '2018', '10'),
	(2262, 3, 6, 6, 553, 143, 3444.96, 30, 286.97, NULL, NULL, 382.74, 137.80, NULL, 109.08, NULL, 145.48, NULL, '2018', '10'),
	(2263, 3, 6, 6, 102, 143, 8045.23, 30, 670.17, NULL, NULL, 893.83, 321.81, NULL, 254.73, NULL, 339.74, NULL, '2018', '10'),
	(2264, 3, 6, 6, 149, 143, 3444.96, 30, 286.97, NULL, NULL, 382.74, 137.80, NULL, 109.08, NULL, 145.48, NULL, '2018', '10'),
	(2265, 3, 6, 6, 103, 143, 3444.96, 30, 286.97, NULL, NULL, 382.74, 137.80, NULL, 109.08, NULL, 145.48, NULL, '2018', '10'),
	(2266, 3, 6, 6, 104, 143, 3444.96, 30, 286.97, NULL, NULL, 382.74, 137.80, NULL, 109.08, NULL, 145.48, NULL, '2018', '10'),
	(2267, 3, 6, 6, 150, 143, 3444.96, 30, 286.97, NULL, NULL, 382.74, 137.80, NULL, 109.08, NULL, 145.48, NULL, '2018', '10'),
	(2268, 3, 6, 6, 105, 143, 2296.64, 20, 191.31, NULL, NULL, 255.16, 91.87, NULL, 72.72, NULL, 96.99, NULL, '2018', '10'),
	(2269, 3, 6, 6, 106, 143, 3444.96, 30, 286.97, NULL, NULL, 382.74, 137.80, NULL, 109.08, NULL, 145.48, NULL, '2018', '10'),
	(2270, 3, 6, 6, 557, 143, 3444.96, 30, 286.97, NULL, NULL, 382.74, 137.80, NULL, 109.08, NULL, 145.48, NULL, '2018', '10'),
	(2271, 3, 6, 6, 107, 143, 3444.96, 30, 286.97, NULL, NULL, 382.74, 137.80, NULL, 109.08, NULL, 145.48, NULL, '2018', '10'),
	(2272, 3, 6, 6, 151, 143, 3444.96, 30, 286.97, NULL, NULL, 382.74, 137.80, NULL, 109.08, NULL, 145.48, NULL, '2018', '10'),
	(2273, 3, 6, 6, 108, 143, 3444.96, 30, 286.97, NULL, NULL, 382.74, 137.80, NULL, 109.08, NULL, 145.48, NULL, '2018', '10'),
	(2274, 3, 6, 6, 109, 143, 1148.32, 10, 95.66, NULL, NULL, 127.58, 45.93, NULL, 36.36, NULL, 48.49, NULL, '2018', '10'),
	(2275, 3, 6, 6, 152, 143, 3444.96, 30, 286.97, NULL, NULL, 382.74, 137.80, NULL, 109.08, NULL, 145.48, NULL, '2018', '10'),
	(2276, 3, 6, 6, 110, 143, 2296.64, 20, 191.31, NULL, NULL, 255.16, 91.87, NULL, 72.72, NULL, 96.99, NULL, '2018', '10'),
	(2277, 3, 6, 6, 153, 143, 3444.96, 30, 286.97, NULL, NULL, 382.74, 137.80, NULL, 109.08, NULL, 145.48, NULL, '2018', '10'),
	(2278, 3, 6, 6, 154, 143, 3444.96, 30, 286.97, NULL, NULL, 382.74, 137.80, NULL, 109.08, NULL, 145.48, NULL, '2018', '10'),
	(2279, 3, 6, 6, 155, 143, 3444.96, 30, 286.97, NULL, NULL, 382.74, 137.80, NULL, 109.08, NULL, 145.48, NULL, '2018', '10'),
	(2280, 3, 6, 6, 111, 143, 3444.96, 30, 286.97, NULL, NULL, 382.74, 137.80, NULL, 109.08, NULL, 145.48, NULL, '2018', '10'),
	(2281, 3, 6, 6, 156, 143, 3444.96, 30, 286.97, NULL, NULL, 382.74, 137.80, NULL, 109.08, NULL, 145.48, NULL, '2018', '10'),
	(2282, 3, 6, 6, 558, 143, 2296.64, 20, 191.31, NULL, NULL, 255.16, 91.87, NULL, 72.72, NULL, 96.99, NULL, '2018', '10'),
	(2283, 3, 6, 6, 558, 143, 1148.32, 10, 95.66, NULL, NULL, 127.58, 45.93, NULL, 36.36, NULL, 48.49, NULL, '2018', '10'),
	(2284, 3, 6, 6, 112, 143, 3444.96, 30, 286.97, NULL, NULL, 382.74, 137.80, NULL, 109.08, NULL, 145.48, NULL, '2018', '10'),
	(2285, 3, 6, 6, 113, 143, 3444.96, 30, 286.97, NULL, NULL, 382.74, 137.80, NULL, 109.08, NULL, 145.48, NULL, '2018', '10'),
	(2286, 3, 6, 6, 157, 143, 1148.32, 10, 95.66, NULL, NULL, 127.58, 45.93, NULL, 36.36, NULL, 48.49, NULL, '2018', '10'),
	(2287, 3, 6, 6, 158, 143, 3444.96, 30, 286.97, NULL, NULL, 382.74, 137.80, NULL, 109.08, NULL, 145.48, NULL, '2018', '10'),
	(2288, 3, 6, 6, 114, 143, 3979.62, 30, 331.50, NULL, NULL, 442.14, 159.18, NULL, 126.00, NULL, 168.06, NULL, '2018', '10'),
	(2289, 3, 6, 6, 115, 143, 3979.62, 30, 331.50, NULL, NULL, 442.14, 159.18, NULL, 126.00, NULL, 168.06, NULL, '2018', '10'),
	(2290, 3, 6, 6, 559, 143, 2296.64, 20, 191.31, NULL, NULL, 255.16, 91.87, NULL, 72.72, NULL, 96.99, NULL, '2018', '10'),
	(2291, 3, 6, 6, 559, 143, 1148.32, 10, 95.66, NULL, NULL, 127.58, 45.93, NULL, 36.36, NULL, 48.49, NULL, '2018', '10'),
	(2292, 3, 6, 6, 116, 143, 1148.32, 10, 95.66, NULL, NULL, 127.58, 45.93, NULL, 36.36, NULL, 48.49, NULL, '2018', '10'),
	(2293, 3, 6, 6, 159, 143, 3444.96, 30, 286.97, NULL, NULL, 382.74, 137.80, NULL, 109.08, NULL, 145.48, NULL, '2018', '10'),
	(2294, 3, 6, 6, 160, 143, 3444.96, 30, 286.97, NULL, NULL, 382.74, 137.80, NULL, 109.08, NULL, 145.48, NULL, '2018', '10'),
	(2295, 3, 6, 6, 117, 143, 2653.08, 20, 221.00, NULL, NULL, 294.76, 106.12, NULL, 84.00, NULL, 112.04, NULL, '2018', '10'),
	(2296, 3, 6, 6, 161, 143, 3444.96, 30, 286.97, NULL, NULL, 382.74, 137.80, NULL, 109.08, NULL, 145.48, NULL, '2018', '10'),
	(2297, 3, 6, 6, 560, 143, 1148.32, 10, 95.66, NULL, NULL, 127.58, 45.93, NULL, 36.36, NULL, 48.49, NULL, '2018', '10'),
	(2298, 3, 6, 6, 560, 143, 1148.32, 10, 95.66, NULL, NULL, 127.58, 45.93, NULL, 36.36, NULL, 48.49, NULL, '2018', '10'),
	(2299, 3, 6, 6, 162, 143, 3444.96, 30, 286.97, NULL, NULL, 382.74, 137.80, NULL, 109.08, NULL, 145.48, NULL, '2018', '10'),
	(2300, 3, 6, 6, 118, 143, 3979.62, 30, 331.50, NULL, NULL, 442.14, 159.18, NULL, 126.00, NULL, 168.06, NULL, '2018', '10'),
	(2301, 3, 6, 6, 163, 143, 3444.96, 30, 286.97, NULL, NULL, 382.74, 137.80, NULL, 109.08, NULL, 145.48, NULL, '2018', '10'),
	(2302, 3, 6, 6, 119, 143, 3444.96, 30, 286.97, NULL, NULL, 382.74, 137.80, NULL, 109.08, NULL, 145.48, NULL, '2018', '10'),
	(2303, 3, 6, 6, 164, 143, 3444.96, 30, 286.97, NULL, NULL, 382.74, 137.80, NULL, 109.08, NULL, 145.48, NULL, '2018', '10'),
	(2304, 3, 6, 6, 120, 143, 3444.96, 30, 286.97, NULL, NULL, 382.74, 137.80, NULL, 109.08, NULL, 145.48, NULL, '2018', '10'),
	(2305, 3, 6, 6, 121, 143, 3444.96, 30, 286.97, NULL, NULL, 382.74, 137.80, NULL, 109.08, NULL, 145.48, NULL, '2018', '10'),
	(2306, 3, 6, 6, 122, 143, 2296.64, 20, 191.31, NULL, NULL, 255.16, 91.87, NULL, 72.72, NULL, 96.99, NULL, '2018', '10'),
	(2307, 3, 6, 6, 123, 143, 2296.64, 20, 191.31, NULL, NULL, 255.16, 91.87, NULL, 72.72, NULL, 96.99, NULL, '2018', '10'),
	(2308, 3, 6, 6, 124, 143, 3444.96, 30, 286.97, NULL, NULL, 382.74, 137.80, NULL, 109.08, NULL, 145.48, NULL, '2018', '10'),
	(2309, 3, 6, 6, 125, 143, 3444.96, 30, 286.97, NULL, NULL, 382.74, 137.80, NULL, 109.08, NULL, 145.48, NULL, '2018', '10'),
	(2310, 3, 6, 6, 126, 143, 3444.96, 30, 286.97, NULL, NULL, 382.74, 137.80, NULL, 109.08, NULL, 145.48, NULL, '2018', '10'),
	(2311, 3, 6, 6, 520, 143, 3444.96, 30, 286.97, NULL, NULL, 382.74, 137.80, NULL, 109.08, NULL, 145.48, NULL, '2018', '10'),
	(2312, 3, 6, 6, 127, 143, 3979.62, 30, 331.50, NULL, NULL, 442.14, 159.18, NULL, 126.00, NULL, 168.06, NULL, '2018', '10'),
	(2313, 3, 6, 6, 128, 143, 3444.96, 30, 286.97, NULL, NULL, 382.74, 137.80, NULL, 109.08, NULL, 145.48, NULL, '2018', '10'),
	(2314, 3, 6, 6, 166, 143, 3444.96, 30, 286.97, NULL, NULL, 382.74, 137.80, NULL, 109.08, NULL, 145.48, NULL, '2018', '10'),
	(2315, 3, 6, 6, 167, 143, 3444.96, 30, 286.97, NULL, NULL, 382.74, 137.80, NULL, 109.08, NULL, 145.48, NULL, '2018', '10'),
	(2316, 3, 6, 6, 168, 143, 8045.23, 30, 670.17, NULL, NULL, 893.83, 321.81, NULL, 254.73, NULL, 339.74, NULL, '2018', '10'),
	(2317, 3, 6, 6, 130, 143, 3979.62, 30, 331.50, NULL, NULL, 442.14, 159.18, NULL, 126.00, NULL, 168.06, NULL, '2018', '10'),
	(2318, 3, 6, 6, 131, 143, 4133.97, 30, 344.36, NULL, NULL, 459.28, 165.36, NULL, 130.89, NULL, 174.57, NULL, '2018', '10'),
	(2319, 3, 6, 6, 169, 143, 3444.96, 30, 286.97, NULL, NULL, 382.74, 137.80, NULL, 109.08, NULL, 145.48, NULL, '2018', '10'),
	(2320, 3, 6, 6, 132, 143, 3444.96, 30, 286.97, NULL, NULL, 382.74, 137.80, NULL, 109.08, NULL, 145.48, NULL, '2018', '10'),
	(2321, 3, 6, 6, 518, 143, 3444.96, 30, 286.97, NULL, NULL, 382.74, 137.80, NULL, 109.08, NULL, 145.48, NULL, '2018', '10'),
	(2322, 3, 6, 6, 133, 143, 4133.97, 30, 344.36, NULL, NULL, 459.28, 165.36, NULL, 130.89, NULL, 174.57, NULL, '2018', '10'),
	(2323, 3, 6, 6, 134, 143, 3444.96, 30, 286.97, NULL, NULL, 382.74, 137.80, NULL, 109.08, NULL, 145.48, NULL, '2018', '10'),
	(2324, 3, 6, 6, 170, 143, 1148.32, 10, 95.66, NULL, NULL, 127.58, 45.93, NULL, 36.36, NULL, 48.49, NULL, '2018', '10'),
	(2325, 3, 6, 6, 135, 143, 3979.62, 30, 331.50, NULL, NULL, 442.14, 159.18, NULL, 126.00, NULL, 168.06, NULL, '2018', '10'),
	(2326, 3, 6, 6, 171, 143, 3444.96, 30, 286.97, NULL, NULL, 382.74, 137.80, NULL, 109.08, NULL, 145.48, NULL, '2018', '10'),
	(2327, 3, 6, 6, 136, 143, 3444.96, 30, 286.97, NULL, NULL, 382.74, 137.80, NULL, 109.08, NULL, 145.48, NULL, '2018', '10'),
	(2328, 3, 6, 6, 561, 143, 1148.32, 10, 95.66, NULL, NULL, 127.58, 45.93, NULL, 36.36, NULL, 48.49, NULL, '2018', '10'),
	(2329, 3, 6, 6, 561, 143, 1148.32, 10, 95.66, NULL, NULL, 127.58, 45.93, NULL, 36.36, NULL, 48.49, NULL, '2018', '10'),
	(2330, 3, 6, 6, 172, 143, 3444.96, 30, 286.97, NULL, NULL, 382.74, 137.80, NULL, 109.08, NULL, 145.48, NULL, '2018', '10'),
	(2331, 3, 6, 6, 137, 143, 3444.96, 30, 286.97, NULL, NULL, 382.74, 137.80, NULL, 109.08, NULL, 145.48, NULL, '2018', '10'),
	(2332, 3, 6, 6, 138, 143, 3444.96, 30, 286.97, NULL, NULL, 382.74, 137.80, NULL, 109.08, NULL, 145.48, NULL, '2018', '10'),
	(2333, 3, 6, 6, 139, 143, 2296.64, 20, 191.31, NULL, NULL, 255.16, 91.87, NULL, 72.72, NULL, 96.99, NULL, '2018', '10'),
	(2334, 3, 6, 6, 173, 143, 3444.96, 30, 286.97, NULL, NULL, 382.74, 137.80, NULL, 109.08, NULL, 145.48, NULL, '2018', '10'),
	(2335, 3, 6, 6, 174, 143, 3444.96, 30, 286.97, NULL, NULL, 382.74, 137.80, NULL, 109.08, NULL, 145.48, NULL, '2018', '10'),
	(2336, 3, 6, 6, 140, 143, 3979.62, 30, 331.50, NULL, NULL, 442.14, 159.18, NULL, 126.00, NULL, 168.06, NULL, '2018', '10'),
	(2337, 3, 6, 6, 176, 143, 3444.96, 30, 286.97, NULL, NULL, 382.74, 137.80, NULL, 109.08, NULL, 145.48, NULL, '2018', '10'),
	(2338, 3, 6, 6, 141, 143, 2296.64, 20, 191.31, NULL, NULL, 255.16, 91.87, NULL, 72.72, NULL, 96.99, NULL, '2018', '10'),
	(2339, 3, 6, 6, 142, 143, 3444.96, 30, 286.97, NULL, NULL, 382.74, 137.80, NULL, 109.08, NULL, 145.48, NULL, '2018', '10'),
	(2340, 3, 6, 6, 143, 146, 3444.96, 30, 286.97, NULL, NULL, 382.74, 137.80, NULL, 109.08, NULL, 145.48, NULL, '2018', '11'),
	(2341, 3, 6, 6, 556, 146, 2653.08, 20, 221.00, NULL, NULL, 294.76, 106.12, NULL, 84.00, NULL, 112.04, NULL, '2018', '11'),
	(2342, 3, 6, 6, 554, 146, 3444.96, 30, 286.97, NULL, NULL, 382.74, 137.80, NULL, 109.08, NULL, 145.48, NULL, '2018', '11'),
	(2343, 3, 6, 6, 145, 146, 3444.96, 30, 286.97, NULL, NULL, 382.74, 137.80, NULL, 109.08, NULL, 145.48, NULL, '2018', '11'),
	(2344, 3, 6, 6, 101, 146, 3444.96, 30, 286.97, NULL, NULL, 382.74, 137.80, NULL, 109.08, NULL, 145.48, NULL, '2018', '11'),
	(2345, 3, 6, 6, 146, 146, 3444.96, 30, 286.97, NULL, NULL, 382.74, 137.80, NULL, 109.08, NULL, 145.48, NULL, '2018', '11'),
	(2346, 3, 6, 6, 147, 146, 3444.96, 30, 286.97, NULL, NULL, 382.74, 137.80, NULL, 109.08, NULL, 145.48, NULL, '2018', '11'),
	(2347, 3, 6, 6, 148, 146, 3444.96, 30, 286.97, NULL, NULL, 382.74, 137.80, NULL, 109.08, NULL, 145.48, NULL, '2018', '11'),
	(2348, 3, 6, 6, 553, 146, 3444.96, 30, 286.97, NULL, NULL, 382.74, 137.80, NULL, 109.08, NULL, 145.48, NULL, '2018', '11'),
	(2349, 3, 6, 6, 102, 146, 8045.23, 30, 670.17, NULL, NULL, 893.83, 321.81, NULL, 254.73, NULL, 339.74, NULL, '2018', '11'),
	(2350, 3, 6, 6, 149, 146, 3444.96, 30, 286.97, NULL, NULL, 382.74, 137.80, NULL, 109.08, NULL, 145.48, NULL, '2018', '11'),
	(2351, 3, 6, 6, 562, 146, 2870.80, 25, 239.14, NULL, NULL, 318.95, 114.83, NULL, 90.90, NULL, 121.23, NULL, '2018', '11'),
	(2352, 3, 6, 6, 103, 146, 3444.96, 30, 286.97, NULL, NULL, 382.74, 137.80, NULL, 109.08, NULL, 145.48, NULL, '2018', '11'),
	(2353, 3, 6, 6, 104, 146, 3444.96, 30, 286.97, NULL, NULL, 382.74, 137.80, NULL, 109.08, NULL, 145.48, NULL, '2018', '11'),
	(2354, 3, 6, 6, 150, 146, 3444.96, 30, 286.97, NULL, NULL, 382.74, 137.80, NULL, 109.08, NULL, 145.48, NULL, '2018', '11'),
	(2355, 3, 6, 6, 105, 146, 3444.96, 30, 286.97, NULL, NULL, 382.74, 137.80, NULL, 109.08, NULL, 145.48, NULL, '2018', '11'),
	(2356, 3, 6, 6, 106, 146, 3444.96, 30, 286.97, NULL, NULL, 382.74, 137.80, NULL, 109.08, NULL, 145.48, NULL, '2018', '11'),
	(2357, 3, 6, 6, 557, 146, 2296.64, 20, 191.31, NULL, NULL, 255.16, 91.87, NULL, 72.72, NULL, 96.99, NULL, '2018', '11'),
	(2358, 3, 6, 6, 107, 146, 1148.32, 10, 95.66, NULL, NULL, 127.58, 45.93, NULL, 36.36, NULL, 48.49, NULL, '2018', '11'),
	(2359, 3, 6, 6, 151, 146, 3444.96, 30, 286.97, NULL, NULL, 382.74, 137.80, NULL, 109.08, NULL, 145.48, NULL, '2018', '11'),
	(2360, 3, 6, 6, 108, 146, 3444.96, 30, 286.97, NULL, NULL, 382.74, 137.80, NULL, 109.08, NULL, 145.48, NULL, '2018', '11'),
	(2361, 3, 6, 6, 109, 146, 3444.96, 30, 286.97, NULL, NULL, 382.74, 137.80, NULL, 109.08, NULL, 145.48, NULL, '2018', '11'),
	(2362, 3, 6, 6, 152, 146, 3444.96, 30, 286.97, NULL, NULL, 382.74, 137.80, NULL, 109.08, NULL, 145.48, NULL, '2018', '11'),
	(2363, 3, 6, 6, 110, 146, 3444.96, 30, 286.97, NULL, NULL, 382.74, 137.80, NULL, 109.08, NULL, 145.48, NULL, '2018', '11'),
	(2364, 3, 6, 6, 153, 146, 3444.96, 30, 286.97, NULL, NULL, 382.74, 137.80, NULL, 109.08, NULL, 145.48, NULL, '2018', '11'),
	(2365, 3, 6, 6, 154, 146, 3444.96, 30, 286.97, NULL, NULL, 382.74, 137.80, NULL, 109.08, NULL, 145.48, NULL, '2018', '11'),
	(2366, 3, 6, 6, 155, 146, 3444.96, 30, 286.97, NULL, NULL, 382.74, 137.80, NULL, 109.08, NULL, 145.48, NULL, '2018', '11'),
	(2367, 3, 6, 6, 111, 146, 3444.96, 30, 286.97, NULL, NULL, 382.74, 137.80, NULL, 109.08, NULL, 145.48, NULL, '2018', '11'),
	(2368, 3, 6, 6, 156, 146, 3444.96, 30, 286.97, NULL, NULL, 382.74, 137.80, NULL, 109.08, NULL, 145.48, NULL, '2018', '11'),
	(2369, 3, 6, 6, 558, 146, 2296.64, 20, 191.31, NULL, NULL, 255.16, 91.87, NULL, 72.72, NULL, 96.99, NULL, '2018', '11'),
	(2370, 3, 6, 6, 112, 146, 1148.32, 10, 95.66, NULL, NULL, 127.58, 45.93, NULL, 36.36, NULL, 48.49, NULL, '2018', '11'),
	(2371, 3, 6, 6, 113, 146, 3444.96, 30, 286.97, NULL, NULL, 382.74, 137.80, NULL, 109.08, NULL, 145.48, NULL, '2018', '11'),
	(2372, 3, 6, 6, 157, 146, 3444.96, 30, 286.97, NULL, NULL, 382.74, 137.80, NULL, 109.08, NULL, 145.48, NULL, '2018', '11'),
	(2373, 3, 6, 6, 158, 146, 3444.96, 30, 286.97, NULL, NULL, 382.74, 137.80, NULL, 109.08, NULL, 145.48, NULL, '2018', '11'),
	(2374, 3, 6, 6, 114, 146, 3979.62, 30, 331.50, NULL, NULL, 442.14, 159.18, NULL, 126.00, NULL, 168.06, NULL, '2018', '11'),
	(2375, 3, 6, 6, 115, 146, 3979.62, 30, 331.50, NULL, NULL, 442.14, 159.18, NULL, 126.00, NULL, 168.06, NULL, '2018', '11'),
	(2376, 3, 6, 6, 559, 146, 2653.08, 20, 221.00, NULL, NULL, 294.76, 106.12, NULL, 84.00, NULL, 112.04, NULL, '2018', '11'),
	(2377, 3, 6, 6, 116, 146, 3444.96, 30, 286.97, NULL, NULL, 382.74, 137.80, NULL, 109.08, NULL, 145.48, NULL, '2018', '11'),
	(2378, 3, 6, 6, 159, 146, 3444.96, 30, 286.97, NULL, NULL, 382.74, 137.80, NULL, 109.08, NULL, 145.48, NULL, '2018', '11'),
	(2379, 3, 6, 6, 160, 146, 3444.96, 30, 286.97, NULL, NULL, 382.74, 137.80, NULL, 109.08, NULL, 145.48, NULL, '2018', '11'),
	(2380, 3, 6, 6, 117, 146, 3979.62, 30, 331.50, NULL, NULL, 442.14, 159.18, NULL, 126.00, NULL, 168.06, NULL, '2018', '11'),
	(2381, 3, 6, 6, 161, 146, 3444.96, 30, 286.97, NULL, NULL, 382.74, 137.80, NULL, 109.08, NULL, 145.48, NULL, '2018', '11'),
	(2382, 3, 6, 6, 560, 146, 2296.64, 20, 191.31, NULL, NULL, 255.16, 91.87, NULL, 72.72, NULL, 96.99, NULL, '2018', '11'),
	(2383, 3, 6, 6, 162, 146, 3444.96, 30, 286.97, NULL, NULL, 382.74, 137.80, NULL, 109.08, NULL, 145.48, NULL, '2018', '11'),
	(2384, 3, 6, 6, 118, 146, 3979.62, 30, 331.50, NULL, NULL, 442.14, 159.18, NULL, 126.00, NULL, 168.06, NULL, '2018', '11'),
	(2385, 3, 6, 6, 163, 146, 3444.96, 30, 286.97, NULL, NULL, 382.74, 137.80, NULL, 109.08, NULL, 145.48, NULL, '2018', '11'),
	(2386, 3, 6, 6, 119, 146, 3444.96, 30, 286.97, NULL, NULL, 382.74, 137.80, NULL, 109.08, NULL, 145.48, NULL, '2018', '11'),
	(2387, 3, 6, 6, 164, 146, 3444.96, 30, 286.97, NULL, NULL, 382.74, 137.80, NULL, 109.08, NULL, 145.48, NULL, '2018', '11'),
	(2388, 3, 6, 6, 120, 146, 1148.32, 10, 95.66, NULL, NULL, 127.58, 45.93, NULL, 36.36, NULL, 48.49, NULL, '2018', '11'),
	(2389, 3, 6, 6, 121, 146, 3444.96, 30, 286.97, NULL, NULL, 382.74, 137.80, NULL, 109.08, NULL, 145.48, NULL, '2018', '11'),
	(2390, 3, 6, 6, 122, 146, 3444.96, 30, 286.97, NULL, NULL, 382.74, 137.80, NULL, 109.08, NULL, 145.48, NULL, '2018', '11'),
	(2391, 3, 6, 6, 123, 146, 3444.96, 30, 286.97, NULL, NULL, 382.74, 137.80, NULL, 109.08, NULL, 145.48, NULL, '2018', '11'),
	(2392, 3, 6, 6, 124, 146, 574.16, 5, 47.83, NULL, NULL, 63.79, 22.97, NULL, 18.18, NULL, 24.25, NULL, '2018', '11'),
	(2393, 3, 6, 6, 125, 146, 3444.96, 30, 286.97, NULL, NULL, 382.74, 137.80, NULL, 109.08, NULL, 145.48, NULL, '2018', '11'),
	(2394, 3, 6, 6, 126, 146, 3444.96, 30, 286.97, NULL, NULL, 382.74, 137.80, NULL, 109.08, NULL, 145.48, NULL, '2018', '11'),
	(2395, 3, 6, 6, 520, 146, 3444.96, 30, 286.97, NULL, NULL, 382.74, 137.80, NULL, 109.08, NULL, 145.48, NULL, '2018', '11'),
	(2396, 3, 6, 6, 127, 146, 3979.62, 30, 331.50, NULL, NULL, 442.14, 159.18, NULL, 126.00, NULL, 168.06, NULL, '2018', '11'),
	(2397, 3, 6, 6, 128, 146, 3444.96, 30, 286.97, NULL, NULL, 382.74, 137.80, NULL, 109.08, NULL, 145.48, NULL, '2018', '11'),
	(2398, 3, 6, 6, 166, 146, 3444.96, 30, 286.97, NULL, NULL, 382.74, 137.80, NULL, 109.08, NULL, 145.48, NULL, '2018', '11'),
	(2399, 3, 6, 6, 167, 146, 3444.96, 30, 286.97, NULL, NULL, 382.74, 137.80, NULL, 109.08, NULL, 145.48, NULL, '2018', '11'),
	(2400, 3, 6, 6, 168, 146, 8045.23, 30, 670.17, NULL, NULL, 893.83, 321.81, NULL, 254.73, NULL, 339.74, NULL, '2018', '11'),
	(2401, 3, 6, 6, 130, 146, 1326.54, 10, 110.50, NULL, NULL, 147.38, 53.06, NULL, 42.00, NULL, 56.02, NULL, '2018', '11'),
	(2402, 3, 6, 6, 131, 146, 4133.97, 30, 344.36, NULL, NULL, 459.28, 165.36, NULL, 130.89, NULL, 174.57, NULL, '2018', '11'),
	(2403, 3, 6, 6, 169, 146, 3444.96, 30, 286.97, NULL, NULL, 382.74, 137.80, NULL, 109.08, NULL, 145.48, NULL, '2018', '11'),
	(2404, 3, 6, 6, 132, 146, 1148.32, 10, 95.66, NULL, NULL, 127.58, 45.93, NULL, 36.36, NULL, 48.49, NULL, '2018', '11'),
	(2405, 3, 6, 6, 518, 146, 3444.96, 30, 286.97, NULL, NULL, 382.74, 137.80, NULL, 109.08, NULL, 145.48, NULL, '2018', '11'),
	(2406, 3, 6, 6, 133, 146, 4133.97, 30, 344.36, NULL, NULL, 459.28, 165.36, NULL, 130.89, NULL, 174.57, NULL, '2018', '11'),
	(2407, 3, 6, 6, 134, 146, 3444.96, 30, 286.97, NULL, NULL, 382.74, 137.80, NULL, 109.08, NULL, 145.48, NULL, '2018', '11'),
	(2408, 3, 6, 6, 170, 146, 3444.96, 30, 286.97, NULL, NULL, 382.74, 137.80, NULL, 109.08, NULL, 145.48, NULL, '2018', '11'),
	(2409, 3, 6, 6, 135, 146, 3979.62, 30, 331.50, NULL, NULL, 442.14, 159.18, NULL, 126.00, NULL, 168.06, NULL, '2018', '11'),
	(2410, 3, 6, 6, 171, 146, 3444.96, 30, 286.97, NULL, NULL, 382.74, 137.80, NULL, 109.08, NULL, 145.48, NULL, '2018', '11'),
	(2411, 3, 6, 6, 136, 146, 3444.96, 30, 286.97, NULL, NULL, 382.74, 137.80, NULL, 109.08, NULL, 145.48, NULL, '2018', '11'),
	(2412, 3, 6, 6, 561, 146, 2296.64, 20, 191.31, NULL, NULL, 255.16, 91.87, NULL, 72.72, NULL, 96.99, NULL, '2018', '11'),
	(2413, 3, 6, 6, 172, 146, 3444.96, 30, 286.97, NULL, NULL, 382.74, 137.80, NULL, 109.08, NULL, 145.48, NULL, '2018', '11'),
	(2414, 3, 6, 6, 137, 146, 3444.96, 30, 286.97, NULL, NULL, 382.74, 137.80, NULL, 109.08, NULL, 145.48, NULL, '2018', '11'),
	(2415, 3, 6, 6, 138, 146, 3444.96, 30, 286.97, NULL, NULL, 382.74, 137.80, NULL, 109.08, NULL, 145.48, NULL, '2018', '11'),
	(2416, 3, 6, 6, 139, 146, 3444.96, 30, 286.97, NULL, NULL, 382.74, 137.80, NULL, 109.08, NULL, 145.48, NULL, '2018', '11'),
	(2417, 3, 6, 6, 173, 146, 3444.96, 30, 286.97, NULL, NULL, 382.74, 137.80, NULL, 109.08, NULL, 145.48, NULL, '2018', '11'),
	(2418, 3, 6, 6, 174, 146, 3444.96, 30, 286.97, NULL, NULL, 382.74, 137.80, NULL, 109.08, NULL, 145.48, NULL, '2018', '11'),
	(2419, 3, 6, 6, 140, 146, 3979.62, 30, 331.50, NULL, NULL, 442.14, 159.18, NULL, 126.00, NULL, 168.06, NULL, '2018', '11'),
	(2420, 3, 6, 6, 176, 146, 1148.32, 10, 95.66, NULL, NULL, 127.58, 45.93, NULL, 36.36, NULL, 48.49, NULL, '2018', '11'),
	(2421, 3, 6, 6, 141, 146, 3444.96, 30, 286.97, NULL, NULL, 382.74, 137.80, NULL, 109.08, NULL, 145.48, NULL, '2018', '11'),
	(2422, 3, 6, 6, 142, 146, 3444.96, 30, 286.97, NULL, NULL, 382.74, 137.80, NULL, 109.08, NULL, 145.48, NULL, '2018', '11'),
	(2423, 3, 6, 6, 143, 147, 3444.96, 30, 286.97, 0.00, 382.74, 382.74, 137.80, NULL, 109.08, 0.00, 145.48, 145.48, '2018', '12'),
	(2424, 3, 6, 6, 556, 147, 2653.08, 20, 221.00, 0.00, 294.76, 294.76, 106.12, NULL, 84.00, 0.00, 112.04, 112.04, '2018', '12'),
	(2425, 3, 6, 6, 554, 147, 3444.96, 30, 286.97, 0.00, 382.74, 382.74, 137.80, NULL, 109.08, 0.00, 145.48, 145.48, '2018', '12'),
	(2426, 3, 6, 6, 145, 147, 3444.96, 30, 286.97, 0.00, 382.74, 382.74, 137.80, NULL, 109.08, 0.00, 145.48, 145.48, '2018', '12'),
	(2427, 3, 6, 6, 101, 147, 3444.96, 30, 286.97, 0.00, 382.74, 382.74, 137.80, NULL, 109.08, 0.00, 145.48, 145.48, '2018', '12'),
	(2428, 3, 6, 6, 146, 147, 3444.96, 30, 286.97, 0.00, 382.74, 382.74, 137.80, NULL, 109.08, 0.00, 145.48, 145.48, '2018', '12'),
	(2429, 3, 6, 6, 147, 147, 3444.96, 30, 286.97, 0.00, 382.74, 382.74, 137.80, NULL, 109.08, 0.00, 145.48, 145.48, '2018', '12'),
	(2430, 3, 6, 6, 148, 147, 3444.96, 30, 286.97, 0.00, 382.74, 382.74, 137.80, NULL, 109.08, 0.00, 145.48, 145.48, '2018', '12'),
	(2431, 3, 6, 6, 553, 147, 3444.96, 30, 286.97, 0.00, 382.74, 382.74, 137.80, NULL, 109.08, 0.00, 145.48, 145.48, '2018', '12'),
	(2432, 3, 6, 6, 102, 147, 8045.23, 30, 670.17, 0.00, 893.83, 893.83, 321.81, NULL, 254.73, 0.00, 339.74, 339.74, '2018', '12'),
	(2433, 3, 6, 6, 149, 147, 3444.96, 30, 286.97, 0.00, 382.74, 382.74, 137.80, NULL, 109.08, 0.00, 145.48, 145.48, '2018', '12'),
	(2434, 3, 6, 6, 562, 147, 2870.80, 25, 239.14, 0.00, 318.95, 318.95, 114.83, NULL, 90.90, 0.00, 121.23, 121.23, '2018', '12'),
	(2435, 3, 6, 6, 103, 147, 3444.96, 30, 286.97, 0.00, 382.74, 382.74, 137.80, NULL, 109.08, 0.00, 145.48, 145.48, '2018', '12'),
	(2436, 3, 6, 6, 104, 147, 3444.96, 30, 286.97, 0.00, 382.74, 382.74, 137.80, NULL, 109.08, 0.00, 145.48, 145.48, '2018', '12'),
	(2437, 3, 6, 6, 150, 147, 3444.96, 30, 286.97, 0.00, 382.74, 382.74, 137.80, NULL, 109.08, 0.00, 145.48, 145.48, '2018', '12'),
	(2438, 3, 6, 6, 105, 147, 3444.96, 30, 286.97, 0.00, 382.74, 382.74, 137.80, NULL, 109.08, 0.00, 145.48, 145.48, '2018', '12'),
	(2439, 3, 6, 6, 106, 147, 3444.96, 30, 286.97, 0.00, 382.74, 382.74, 137.80, NULL, 109.08, 0.00, 145.48, 145.48, '2018', '12'),
	(2440, 3, 6, 6, 557, 147, 2296.64, 20, 191.31, 0.00, 255.16, 255.16, 91.87, NULL, 72.72, 0.00, 96.99, 96.99, '2018', '12'),
	(2441, 3, 6, 6, 107, 147, 1148.32, 10, 95.66, 0.00, 127.58, 127.58, 45.93, NULL, 36.36, 0.00, 48.49, 48.49, '2018', '12'),
	(2442, 3, 6, 6, 151, 147, 3444.96, 30, 286.97, 0.00, 382.74, 382.74, 137.80, NULL, 109.08, 0.00, 145.48, 145.48, '2018', '12'),
	(2443, 3, 6, 6, 108, 147, 3444.96, 30, 286.97, 0.00, 382.74, 382.74, 137.80, NULL, 109.08, 0.00, 145.48, 145.48, '2018', '12'),
	(2444, 3, 6, 6, 109, 147, 3444.96, 30, 286.97, 0.00, 382.74, 382.74, 137.80, NULL, 109.08, 0.00, 145.48, 145.48, '2018', '12'),
	(2445, 3, 6, 6, 152, 147, 3444.96, 30, 286.97, 0.00, 382.74, 382.74, 137.80, NULL, 109.08, 0.00, 145.48, 145.48, '2018', '12'),
	(2446, 3, 6, 6, 110, 147, 3444.96, 30, 286.97, 0.00, 382.74, 382.74, 137.80, NULL, 109.08, 0.00, 145.48, 145.48, '2018', '12'),
	(2447, 3, 6, 6, 153, 147, 3444.96, 30, 286.97, 0.00, 382.74, 382.74, 137.80, NULL, 109.08, 0.00, 145.48, 145.48, '2018', '12'),
	(2448, 3, 6, 6, 154, 147, 3444.96, 30, 286.97, 0.00, 382.74, 382.74, 137.80, NULL, 109.08, 0.00, 145.48, 145.48, '2018', '12'),
	(2449, 3, 6, 6, 155, 147, 3444.96, 30, 286.97, 0.00, 382.74, 382.74, 137.80, NULL, 109.08, 0.00, 145.48, 145.48, '2018', '12'),
	(2450, 3, 6, 6, 111, 147, 3444.96, 30, 286.97, 0.00, 382.74, 382.74, 137.80, NULL, 109.08, 0.00, 145.48, 145.48, '2018', '12'),
	(2451, 3, 6, 6, 156, 147, 3444.96, 30, 286.97, 0.00, 382.74, 382.74, 137.80, NULL, 109.08, 0.00, 145.48, 145.48, '2018', '12'),
	(2452, 3, 6, 6, 558, 147, 2296.64, 20, 191.31, 0.00, 255.16, 255.16, 91.87, NULL, 72.72, 0.00, 96.99, 96.99, '2018', '12'),
	(2453, 3, 6, 6, 112, 147, 1148.32, 10, 95.66, 0.00, 127.58, 127.58, 45.93, NULL, 36.36, 0.00, 48.49, 48.49, '2018', '12'),
	(2454, 3, 6, 6, 113, 147, 3444.96, 30, 286.97, 0.00, 382.74, 382.74, 137.80, NULL, 109.08, 0.00, 145.48, 145.48, '2018', '12'),
	(2455, 3, 6, 6, 157, 147, 3444.96, 30, 286.97, 0.00, 382.74, 382.74, 137.80, NULL, 109.08, 0.00, 145.48, 145.48, '2018', '12'),
	(2456, 3, 6, 6, 158, 147, 3444.96, 30, 286.97, 0.00, 382.74, 382.74, 137.80, NULL, 109.08, 0.00, 145.48, 145.48, '2018', '12'),
	(2457, 3, 6, 6, 114, 147, 3979.62, 30, 331.50, 0.00, 442.14, 442.14, 159.18, NULL, 126.00, 0.00, 168.06, 168.06, '2018', '12'),
	(2458, 3, 6, 6, 115, 147, 3979.62, 30, 331.50, 0.00, 442.14, 442.14, 159.18, NULL, 126.00, 0.00, 168.06, 168.06, '2018', '12'),
	(2459, 3, 6, 6, 559, 147, 2653.08, 20, 221.00, 0.00, 294.76, 294.76, 106.12, NULL, 84.00, 0.00, 112.04, 112.04, '2018', '12'),
	(2460, 3, 6, 6, 116, 147, 3444.96, 30, 286.97, 0.00, 382.74, 382.74, 137.80, NULL, 109.08, 0.00, 145.48, 145.48, '2018', '12'),
	(2461, 3, 6, 6, 159, 147, 3444.96, 30, 286.97, 0.00, 382.74, 382.74, 137.80, NULL, 109.08, 0.00, 145.48, 145.48, '2018', '12'),
	(2462, 3, 6, 6, 160, 147, 3444.96, 30, 286.97, 0.00, 382.74, 382.74, 137.80, NULL, 109.08, 0.00, 145.48, 145.48, '2018', '12'),
	(2463, 3, 6, 6, 117, 147, 3979.62, 30, 331.50, 0.00, 442.14, 442.14, 159.18, NULL, 126.00, 0.00, 168.06, 168.06, '2018', '12'),
	(2464, 3, 6, 6, 161, 147, 3444.96, 30, 286.97, 0.00, 382.74, 382.74, 137.80, NULL, 109.08, 0.00, 145.48, 145.48, '2018', '12'),
	(2465, 3, 6, 6, 560, 147, 2296.64, 20, 191.31, 0.00, 255.16, 255.16, 91.87, NULL, 72.72, 0.00, 96.99, 96.99, '2018', '12'),
	(2466, 3, 6, 6, 162, 147, 3444.96, 30, 286.97, 0.00, 382.74, 382.74, 137.80, NULL, 109.08, 0.00, 145.48, 145.48, '2018', '12'),
	(2467, 3, 6, 6, 118, 147, 3979.62, 30, 331.50, 0.00, 442.14, 442.14, 159.18, NULL, 126.00, 0.00, 168.06, 168.06, '2018', '12'),
	(2468, 3, 6, 6, 163, 147, 3444.96, 30, 286.97, 0.00, 382.74, 382.74, 137.80, NULL, 109.08, 0.00, 145.48, 145.48, '2018', '12'),
	(2469, 3, 6, 6, 119, 147, 3444.96, 30, 286.97, 0.00, 382.74, 382.74, 137.80, NULL, 109.08, 0.00, 145.48, 145.48, '2018', '12'),
	(2470, 3, 6, 6, 164, 147, 3444.96, 30, 286.97, 0.00, 382.74, 382.74, 137.80, NULL, 109.08, 0.00, 145.48, 145.48, '2018', '12'),
	(2471, 3, 6, 6, 120, 147, 1148.32, 10, 95.66, 0.00, 127.58, 127.58, 45.93, NULL, 36.36, 0.00, 48.49, 48.49, '2018', '12'),
	(2472, 3, 6, 6, 121, 147, 3444.96, 30, 286.97, 0.00, 382.74, 382.74, 137.80, NULL, 109.08, 0.00, 145.48, 145.48, '2018', '12'),
	(2473, 3, 6, 6, 122, 147, 3444.96, 30, 286.97, 0.00, 382.74, 382.74, 137.80, NULL, 109.08, 0.00, 145.48, 145.48, '2018', '12'),
	(2474, 3, 6, 6, 123, 147, 3444.96, 30, 286.97, 0.00, 382.74, 382.74, 137.80, NULL, 109.08, 0.00, 145.48, 145.48, '2018', '12'),
	(2475, 3, 6, 6, 124, 147, 574.16, 5, 47.83, 0.00, 63.79, 63.79, 22.97, NULL, 18.18, 0.00, 24.25, 24.25, '2018', '12'),
	(2476, 3, 6, 6, 125, 147, 3444.96, 30, 286.97, 0.00, 382.74, 382.74, 137.80, NULL, 109.08, 0.00, 145.48, 145.48, '2018', '12'),
	(2477, 3, 6, 6, 126, 147, 3444.96, 30, 286.97, 0.00, 382.74, 382.74, 137.80, NULL, 109.08, 0.00, 145.48, 145.48, '2018', '12'),
	(2478, 3, 6, 6, 520, 147, 3444.96, 30, 286.97, 0.00, 382.74, 382.74, 137.80, NULL, 109.08, 0.00, 145.48, 145.48, '2018', '12'),
	(2479, 3, 6, 6, 127, 147, 3979.62, 30, 331.50, 0.00, 442.14, 442.14, 159.18, NULL, 126.00, 0.00, 168.06, 168.06, '2018', '12'),
	(2480, 3, 6, 6, 128, 147, 3444.96, 30, 286.97, 0.00, 382.74, 382.74, 137.80, NULL, 109.08, 0.00, 145.48, 145.48, '2018', '12'),
	(2481, 3, 6, 6, 166, 147, 3444.96, 30, 286.97, 0.00, 382.74, 382.74, 137.80, NULL, 109.08, 0.00, 145.48, 145.48, '2018', '12'),
	(2482, 3, 6, 6, 167, 147, 3444.96, 30, 286.97, 0.00, 382.74, 382.74, 137.80, NULL, 109.08, 0.00, 145.48, 145.48, '2018', '12'),
	(2483, 3, 6, 6, 168, 147, 8045.23, 30, 670.17, 0.00, 893.83, 893.83, 321.81, NULL, 254.73, 0.00, 339.74, 339.74, '2018', '12'),
	(2484, 3, 6, 6, 130, 147, 1326.54, 10, 110.50, 0.00, 147.38, 147.38, 53.06, NULL, 42.00, 0.00, 56.02, 56.02, '2018', '12'),
	(2485, 3, 6, 6, 131, 147, 4133.97, 30, 344.36, 0.00, 459.28, 459.28, 165.36, NULL, 130.89, 0.00, 174.57, 174.57, '2018', '12'),
	(2486, 3, 6, 6, 169, 147, 3444.96, 30, 286.97, 0.00, 382.74, 382.74, 137.80, NULL, 109.08, 0.00, 145.48, 145.48, '2018', '12'),
	(2487, 3, 6, 6, 132, 147, 1148.32, 10, 95.66, 0.00, 127.58, 127.58, 45.93, NULL, 36.36, 0.00, 48.49, 48.49, '2018', '12'),
	(2488, 3, 6, 6, 518, 147, 3444.96, 30, 286.97, 0.00, 382.74, 382.74, 137.80, NULL, 109.08, 0.00, 145.48, 145.48, '2018', '12'),
	(2489, 3, 6, 6, 133, 147, 4133.97, 30, 344.36, 0.00, 459.28, 459.28, 165.36, NULL, 130.89, 0.00, 174.57, 174.57, '2018', '12'),
	(2490, 3, 6, 6, 134, 147, 3444.96, 30, 286.97, 0.00, 382.74, 382.74, 137.80, NULL, 109.08, 0.00, 145.48, 145.48, '2018', '12'),
	(2491, 3, 6, 6, 170, 147, 3444.96, 30, 286.97, 0.00, 382.74, 382.74, 137.80, NULL, 109.08, 0.00, 145.48, 145.48, '2018', '12'),
	(2492, 3, 6, 6, 135, 147, 3979.62, 30, 331.50, 0.00, 442.14, 442.14, 159.18, NULL, 126.00, 0.00, 168.06, 168.06, '2018', '12'),
	(2493, 3, 6, 6, 171, 147, 3444.96, 30, 286.97, 0.00, 382.74, 382.74, 137.80, NULL, 109.08, 0.00, 145.48, 145.48, '2018', '12'),
	(2494, 3, 6, 6, 136, 147, 3444.96, 30, 286.97, 0.00, 382.74, 382.74, 137.80, NULL, 109.08, 0.00, 145.48, 145.48, '2018', '12'),
	(2495, 3, 6, 6, 561, 147, 2296.64, 20, 191.31, 0.00, 255.16, 255.16, 91.87, NULL, 72.72, 0.00, 96.99, 96.99, '2018', '12'),
	(2496, 3, 6, 6, 172, 147, 3444.96, 30, 286.97, 0.00, 382.74, 382.74, 137.80, NULL, 109.08, 0.00, 145.48, 145.48, '2018', '12'),
	(2497, 3, 6, 6, 137, 147, 3444.96, 30, 286.97, 0.00, 382.74, 382.74, 137.80, NULL, 109.08, 0.00, 145.48, 145.48, '2018', '12'),
	(2498, 3, 6, 6, 138, 147, 3444.96, 30, 286.97, 0.00, 382.74, 382.74, 137.80, NULL, 109.08, 0.00, 145.48, 145.48, '2018', '12'),
	(2499, 3, 6, 6, 139, 147, 3444.96, 30, 286.97, 0.00, 382.74, 382.74, 137.80, NULL, 109.08, 0.00, 145.48, 145.48, '2018', '12'),
	(2500, 3, 6, 6, 173, 147, 3444.96, 30, 286.97, 0.00, 382.74, 382.74, 137.80, NULL, 109.08, 0.00, 145.48, 145.48, '2018', '12'),
	(2501, 3, 6, 6, 174, 147, 3444.96, 30, 286.97, 0.00, 382.74, 382.74, 137.80, NULL, 109.08, 0.00, 145.48, 145.48, '2018', '12'),
	(2502, 3, 6, 6, 140, 147, 3979.62, 30, 331.50, 0.00, 442.14, 442.14, 159.18, NULL, 126.00, 0.00, 168.06, 168.06, '2018', '12'),
	(2503, 3, 6, 6, 176, 147, 1148.32, 10, 95.66, 0.00, 127.58, 127.58, 45.93, NULL, 36.36, 0.00, 48.49, 48.49, '2018', '12'),
	(2504, 3, 6, 6, 141, 147, 3444.96, 30, 286.97, 0.00, 382.74, 382.74, 137.80, NULL, 109.08, 0.00, 145.48, 145.48, '2018', '12'),
	(2505, 3, 6, 6, 142, 147, 3444.96, 30, 286.97, 0.00, 382.74, 382.74, 137.80, NULL, 109.08, 0.00, 145.48, 145.48, '2018', '12'),
	(2528, 2, 10, 12, 572, 152, 465.60, 12, 38.78, NULL, NULL, 51.73, 18.62, NULL, 14.74, NULL, 19.66, NULL, '2019', '05'),
	(2529, 2, 10, 12, 573, 152, 465.60, 12, 38.78, NULL, NULL, 51.73, 18.62, NULL, 14.74, NULL, 19.66, NULL, '2019', '05'),
	(2530, 2, 10, 12, 574, 152, 465.60, 12, 38.78, NULL, NULL, 51.73, 18.62, NULL, 14.74, NULL, 19.66, NULL, '2019', '05'),
	(2531, 2, 10, 12, 581, 152, 465.60, 12, 38.78, NULL, NULL, 51.73, 18.62, NULL, 14.74, NULL, 19.66, NULL, '2019', '05'),
	(2532, 2, 10, 12, 575, 152, 465.60, 12, 38.78, NULL, NULL, 51.73, 18.62, NULL, 14.74, NULL, 19.66, NULL, '2019', '05'),
	(2533, 2, 10, 12, 570, 152, 465.60, 12, 38.78, NULL, NULL, 51.73, 18.62, NULL, 14.74, NULL, 19.66, NULL, '2019', '05'),
	(2534, 2, 10, 12, 577, 152, 465.60, 12, 38.78, NULL, NULL, 51.73, 18.62, NULL, 14.74, NULL, 19.66, NULL, '2019', '05'),
	(2535, 2, 10, 12, 578, 152, 465.60, 12, 38.78, NULL, NULL, 51.73, 18.62, NULL, 14.74, NULL, 19.66, NULL, '2019', '05'),
	(2536, 2, 10, 12, 571, 152, 465.60, 12, 38.78, NULL, NULL, 51.73, 18.62, NULL, 14.74, NULL, 19.66, NULL, '2019', '05'),
	(2537, 2, 10, 12, 579, 152, 465.60, 12, 38.78, NULL, NULL, 51.73, 18.62, NULL, 14.74, NULL, 19.66, NULL, '2019', '05'),
	(2538, 2, 10, 12, 572, 153, 1164.00, 30, 96.96, NULL, NULL, 129.32, 46.56, NULL, 36.85, NULL, 49.15, NULL, '2019', '06'),
	(2539, 2, 10, 12, 573, 153, 1164.00, 30, 96.96, NULL, NULL, 129.32, 46.56, NULL, 36.85, NULL, 49.15, NULL, '2019', '06'),
	(2540, 2, 10, 12, 574, 153, 1164.00, 30, 96.96, NULL, NULL, 129.32, 46.56, NULL, 36.85, NULL, 49.15, NULL, '2019', '06'),
	(2541, 2, 10, 12, 581, 153, 1164.00, 30, 96.96, NULL, NULL, 129.32, 46.56, NULL, 36.85, NULL, 49.15, NULL, '2019', '06'),
	(2542, 2, 10, 12, 575, 153, 1164.00, 30, 96.96, NULL, NULL, 129.32, 46.56, NULL, 36.85, NULL, 49.15, NULL, '2019', '06'),
	(2543, 2, 10, 12, 570, 153, 1164.00, 30, 96.96, NULL, NULL, 129.32, 46.56, NULL, 36.85, NULL, 49.15, NULL, '2019', '06'),
	(2544, 2, 10, 12, 577, 153, 1164.00, 30, 96.96, NULL, NULL, 129.32, 46.56, NULL, 36.85, NULL, 49.15, NULL, '2019', '06'),
	(2545, 2, 10, 12, 578, 153, 1164.00, 30, 96.96, NULL, NULL, 129.32, 46.56, NULL, 36.85, NULL, 49.15, NULL, '2019', '06'),
	(2546, 2, 10, 12, 571, 153, 1164.00, 30, 96.96, NULL, NULL, 129.32, 46.56, NULL, 36.85, NULL, 49.15, NULL, '2019', '06'),
	(2547, 2, 10, 12, 579, 153, 1164.00, 30, 96.96, NULL, NULL, 129.32, 46.56, NULL, 36.85, NULL, 49.15, NULL, '2019', '06'),
	(2552, 4, 12, 13, 583, 156, 200.00, 30, 16.66, NULL, 22.22, 22.22, 8.00, NULL, 6.33, NULL, 8.45, 8.45, '2019', '01'),
	(2553, 4, 12, 13, 584, 156, 100.00, 30, 8.33, NULL, 11.11, 11.11, 4.00, NULL, 3.17, NULL, 4.22, 4.22, '2019', '01');
/*!40000 ALTER TABLE `lancamentos` ENABLE KEYS */;

-- Copiando estrutura para tabela contavinculada.log_acesso
DROP TABLE IF EXISTS `log_acesso`;
CREATE TABLE IF NOT EXISTS `log_acesso` (
  `id_acesso` int(11) NOT NULL AUTO_INCREMENT,
  `id_usuario` varchar(45) COLLATE utf16_bin DEFAULT NULL,
  `dt_hr_acesso` datetime NOT NULL,
  `url_acessada` varchar(50) COLLATE utf16_bin NOT NULL,
  PRIMARY KEY (`id_acesso`)
) ENGINE=InnoDB AUTO_INCREMENT=435 DEFAULT CHARSET=utf16 COLLATE=utf16_bin;

-- Copiando dados para a tabela contavinculada.log_acesso: ~342 rows (aproximadamente)
/*!40000 ALTER TABLE `log_acesso` DISABLE KEYS */;

/*!40000 ALTER TABLE `log_acesso` ENABLE KEYS */;

-- Copiando estrutura para tabela contavinculada.pagamentos
DROP TABLE IF EXISTS `pagamentos`;
CREATE TABLE IF NOT EXISTS `pagamentos` (
  `id_contrato` int(11) NOT NULL,
  `id_cliente` int(11) NOT NULL,
  `id_parcela` int(11) NOT NULL,
  `data_vencimento` date NOT NULL,
  `data_pagamento` date DEFAULT NULL,
  `valor_parcela` decimal(10,0) NOT NULL,
  `valor_pagamento` decimal(10,2) DEFAULT NULL,
  `status_pagamento` varchar(10) COLLATE utf16_bin NOT NULL,
  `observacao_parcela` varchar(500) COLLATE utf16_bin DEFAULT NULL,
  PRIMARY KEY (`id_contrato`,`id_cliente`,`id_parcela`,`data_vencimento`),
  CONSTRAINT `fk_pagamentos_contrato_sistema1` FOREIGN KEY (`id_contrato`, `id_cliente`) REFERENCES `contrato_sistema` (`id_contrato`, `id_cliente`) ON DELETE NO ACTION ON UPDATE NO ACTION
) ENGINE=InnoDB DEFAULT CHARSET=utf16 COLLATE=utf16_bin;

-- Copiando dados para a tabela contavinculada.pagamentos: ~0 rows (aproximadamente)
/*!40000 ALTER TABLE `pagamentos` DISABLE KEYS */;
INSERT INTO `pagamentos` (`id_contrato`, `id_cliente`, `id_parcela`, `data_vencimento`, `data_pagamento`, `valor_parcela`, `valor_pagamento`, `status_pagamento`, `observacao_parcela`) VALUES
	(1, 2, 1, '2019-06-10', '2019-06-10', 1, 1.00, 'PAGO', 'Contrato gratuito por 1 (um) ano'),
	(2, 1, 1, '2019-06-14', '2019-06-14', 1, 1.00, 'PAGO', ''),
	(3, 3, 1, '2019-06-18', '2019-06-18', 1, 1.00, 'PAGO', 'Gratuito'),
	(4, 4, 1, '2019-11-28', '2019-11-28', 1, 1.00, 'PAGO', 'para teste');
/*!40000 ALTER TABLE `pagamentos` ENABLE KEYS */;

-- Copiando estrutura para tabela contavinculada.usuarios
DROP TABLE IF EXISTS `usuarios`;
CREATE TABLE IF NOT EXISTS `usuarios` (
  `id_usuario` int(11) NOT NULL AUTO_INCREMENT,
  `id_cliente` int(11) NOT NULL,
  `nome` varchar(50) COLLATE utf16_bin NOT NULL,
  `email` varchar(50) COLLATE utf16_bin NOT NULL,
  `senha` varchar(20) COLLATE utf16_bin NOT NULL,
  `nivel_acesso` int(1) NOT NULL,
  `opcoes_acesso` text COLLATE utf16_bin NOT NULL,
  `status_usuario` varchar(10) COLLATE utf16_bin NOT NULL,
  `token_login` varchar(80) COLLATE utf16_bin DEFAULT '0',
  `data_login` datetime NOT NULL,
  `IP_login` varchar(20) COLLATE utf16_bin NOT NULL,
  `id_empresa_visitante` int(11) DEFAULT NULL,
  PRIMARY KEY (`id_usuario`,`id_cliente`),
  KEY `fk_usuarios_clientes1_idx` (`id_cliente`),
  CONSTRAINT `fk_usuarios_clientes1` FOREIGN KEY (`id_cliente`) REFERENCES `clientes` (`id_cliente`) ON DELETE NO ACTION ON UPDATE NO ACTION
) ENGINE=InnoDB AUTO_INCREMENT=19 DEFAULT CHARSET=utf16 COLLATE=utf16_bin;

-- Copiando dados para a tabela contavinculada.usuarios: ~9 rows (aproximadamente)
/*!40000 ALTER TABLE `usuarios` DISABLE KEYS */;
INSERT INTO `usuarios` (`id_usuario`, `id_cliente`, `nome`, `email`, `senha`, `nivel_acesso`, `opcoes_acesso`, `status_usuario`, `token_login`, `data_login`, `IP_login`, `id_empresa_visitante`) VALUES
	(9, 1, 'admin', 'admin@cv.com.br', 'admin123', 0, '', 'ATIVO', '', '2019-11-28 17:48:10', '189.85.87.162', NULL),
	(10, 2, 'Edson Cândido de Oliveira', 'edson.candido@cl.df.gov.br', 'laura123', 2, '', 'ATIVO', '', '2019-12-03 20:30:01', '189.85.87.162', NULL),
	(11, 2, 'Ivaldo Vieira de Pádua', 'iv.padua@hotmail.com', 'gfvoierr', 1, '', 'ATIVO', 'Bb3AlqAjAC', '2019-09-19 18:00:41', '189.85.87.162', NULL),
	(12, 2, 'Marcelo Ferreira Vasconcelos', 'marcelofv0505@gmail.com', 'cldf123', 1, '', 'ATIVO', '', '2019-12-02 20:11:05', '189.85.87.162', NULL),
	(13, 1, 'MARCELO', 'marcelofv0505@gmail.com', '1234', 2, '', 'EXCLUIDO', 'PVciXI4Bte', '2019-09-26 00:37:14', '177.96.229.250', NULL),
	(14, 3, 'Renato Santos Ribeiro', 'renato.ribeiro@sefp.df.gov.br', '1234', 1, '', 'ATIVO', '', '2019-06-28 19:09:48', '179.241.243.4', NULL),
	(15, 3, 'Marcelo Vasconcelos', 'marcelofv0505@gmail.com', 'sefp123', 1, '', 'ATIVO', '5Bwp20Hltx', '2019-11-29 21:35:49', '189.85.82.91', NULL),
	(16, 1, 'Marcelo', 'marcelofv0505@gmail.com', '123', 1, '', 'ATIVO', '', '2019-10-15 22:32:06', '177.133.72.200', NULL),
	(17, 2, 'visitante', 'visitante@cv.com.br', '123', 4, '', 'ATIVO', '', '2019-11-13 01:44:06', '189.6.80.221', 3),
	(18, 4, 'Marcelo F. Vasconcelos', 'marcelofv0505@gmail.com', 'Brb123', 1, '', 'ATIVO', 'KkhlOFAo0b', '2019-12-03 09:11:37', '189.6.81.244', 0);
/*!40000 ALTER TABLE `usuarios` ENABLE KEYS */;

/*!40101 SET SQL_MODE=IFNULL(@OLD_SQL_MODE, '') */;
/*!40014 SET FOREIGN_KEY_CHECKS=IF(@OLD_FOREIGN_KEY_CHECKS IS NULL, 1, @OLD_FOREIGN_KEY_CHECKS) */;
/*!40101 SET CHARACTER_SET_CLIENT=@OLD_CHARACTER_SET_CLIENT */;
